naics_code,kind of business,year,purchases,s
423---,.Durable goods,1993,726432,218798
4231--,..Motor Vehicle and Motor Vehicle Parts and Supplies,1993,131569,28317
4232--,..Furniture and Home Furnishings,1993,22804,9370
4233--,..Lumber & Other Construction Materials,1993,47815,11103
4234--,..Professional and Commercial Equipment and Supplies,1993,115919,40510
4235--,"..Metals and Minerals, ex. Petroleum",1993,58126,14784
4236--,..Electrical Goods,1993,103268,32066
4237--,"..Hardware, and Plumbing and Heating Equipment and Supplies",1993,34164,12651
4238--,"..Machinery, Equipment, and Supplies",1993,118761,43402
4239--,..Miscellaneous Durable Goods,1993,94006,26595
424---,.Nondurable goods,1993,758467,152540
4241--,..Paper and Paper Products,1993,37668,12694
4242--,..Drugs and Druggists' Sundries,1993,62018,7995
4243--,"..Apparel, Piece Goods, and Notions",1993,47855,18542
4244--,..Groceries and Related Products,1993,239874,43340
4245--,..Farm Product Raw Materials,1993,92864,10462
4246--,..Chemicals and Allied Products,1993,30692,9649
4247--,..Petroleum and Petroleum Products,1993,115402,11915
4248--,"..Beer, Wine, and Distilled Alcoholic Beverages",1993,38633,12328
4249--,..Miscellaneous Nondurable Goods,1993,93461,25615
