title,soc,rank,score,,,,,,
Computer programmers ,151021,1,100,,,,,,
Data entry keyers ,439021,1,100,,,,,,
Electrical and electronics drafters ,173012,3,98,,,,,,
Mechanical drafters ,173013,3,98,,,,,,
"Computer and information scientists, research ",151011,5,96,,,,,,
Actuaries ,152011,5,96,,,,,,
Mathematicians ,152021,5,96,,,,,,
Statisticians ,152041,5,96,,,,,,
"Mathematical science occupations, all other ",152099,9,95,,,,,,
Film and video editors ,274032,9,95,,,,,,
Medical transcriptionists ,319094,9,95,,,,,,
Telemarketers ,419041,9,95,,,,,,
Telephone operators ,432021,9,95,,,,,,
Proofreaders and copy markers ,439081,9,95,,,,,,
Numerical tool and process control programmers ,514012,9,95,,,,,,
Customer service representatives,434051,16,94,,,,,,
Reservation and transportation ticket agents and travel clerks ,434181,16,94,,,,,,
Word processors and typists ,439022,16,94,,,,,,
"Office clerks, general",439061,16,94,,,,,,
"Office and administrative support workers, all other",439199,16,94,,,,,,
Computer systems analysts ,151051,21,93,,,,,,
Editors ,273041,21,93,,,,,,
Technical writers ,273042,21,93,,,,,,
Interpreters and translators ,273091,21,93,,,,,,
Desktop publishers ,439031,21,93,,,,,,
Insurance claims and policy processing clerks ,439041,21,93,,,,,,
Computer support specialists ,151041,27,92,,,,,,
Network systems and data communications analysts ,151081,27,92,,,,,,
"Information and record clerks, all other ",434199,27,92,,,,,,
"Computer specialists, all other ",151099,30,90,,,,,,
Architectural and civil drafters ,173011,30,90,,,,,,
"Drafters, all other ",173019,30,90,,,,,,
Survey researchers ,193022,30,90,,,,,,
Writers and authors ,273043,30,90,,,,,,
Billing and posting clerks and machine operators ,433021,30,90,,,,,,
Statistical assistants ,439111,30,90,,,,,,
Economists ,193011,37,89,,,,,,
"Fine artists, including painters, sculptors, and illustrators ",271013,37,89,,,,,,
Multimedia artists and animators ,271014,39,87,,,,,,
Cartographers and photogrammetrists ,171021,40,86,,,,,,
Graphic designers ,271024,40,86,,,,,,
Travel guides ,396022,40,86,,,,,,
Insurance underwriters ,132053,43,85,,,,,,
Animal scientists ,191011,43,85,,,,,,
Commercial and industrial designers ,271021,43,85,,,,,,
"Bookkeeping, accounting, and auditing clerks ",433031,46,84,,,,,,
Biochemists and biophysicists ,191021,47,83,,,,,,
Microbiologists ,191022,47,83,,,,,,
"Biological scientists, all other ",191029,47,83,,,,,,
Medical records and health information technicians ,292071,47,83,,,,,,
Operations research analysts ,152031,51,82,,,,,,
Atmospheric and space scientists ,192021,52,81,,,,,,
"Credit authorisers, checkers, and clerks ",434041,53,80,,,,,,
Fabric and apparel patternmakers ,516092,53,80,,,,,,
Food scientists and technologists ,191012,55,79,,,,,,
Mathematical technicians ,152091,56,78,,,,,,
"Designers, all other ",271029,57,77,,,,,,
Correspondence clerks ,434021,57,77,,,,,,
Financial analysts ,132051,59,76,,,,,,
Financial managers ,113031,60,75,,,,,,
Database administrators ,151061,60,75,,,,,,
Receptionists and information clerks ,434171,60,75,,,,,,
Computer operators ,439011,60,75,,,,,,
"Pressers, textile, garment, and related materials ",516021,60,75,,,,,,
Sewing machine operators ,516031,60,75,,,,,,
Shoe and leather workers and repairers ,516041,60,75,,,,,,
Shoe machine operators and tenders ,516042,60,75,,,,,,
"Sewers, hand ",516051,60,75,,,,,,
Textile bleaching and dyeing machine operators and tenders ,516061,60,75,,,,,,
"Textile cutting machine setters, operators and tenders ",516062,60,75,,,,,,
"Textile knitting and weaving machine setters, operators and tenders ",516063,60,75,,,,,,
"Textile winding, twisting, and drawing out machine setters, operators and tenders ",516064,60,75,,,,,,
"Textile, apparel, and furnishings workers, all other ",516099,60,75,,,,,,
"Computer software engineers, applications ",151031,74,74,,,,,,
"Computer software engineers, systems software ",151032,74,74,,,,,,
Computer hardware engineers ,172061,76,73,,,,,,
Fashion designers ,271022,76,73,,,,,,
Accountants and auditors ,132011,78,72,,,,,,
Chemical engineers ,172041,78,72,,,,,,
"Engineers, all other ",172199,78,72,,,,,,
Industrial engineering technicians ,173026,78,72,,,,,,
Mechanical engineering technicians ,173027,78,72,,,,,,
"Dispatchers, except police, fire, and ambulance ",435032,78,72,,,,,,
Biomedical engineers ,172031,84,71,,,,,,
Materials engineers ,172131,84,71,,,,,,
"Electronics engineers, except computer ",172072,86,70,,,,,,
Industrial engineers ,172112,86,70,,,,,,
Mechanical engineers ,172141,86,70,,,,,,
Customer service representatives B ,434051,86,70,,,,,,
"Office clerks, general B ",439061,86,70,,,,,,
"Office and administrative support workers, all other B ",439199,86,70,,,,,,
Tool and die makers ,514111,86,70,,,,,,
"Welders, cutters, solderers, and brazers ",514121,86,70,,,,,,
"Heat treating equipment setters, operators, and tenders, metal and plastic ",514191,86,70,,,,,,
"Lay-out workers, metal and plastic ",514192,86,70,,,,,,
"Plating and coating machine setters, operators, and tenders, metal and plastic ",514193,86,70,,,,,,
"Metal workers and plastic workers, all other ",514199,86,70,,,,,,
Semiconductor processors ,519141,86,70,,,,,,
Helpers � production workers ,519198,86,70,,,,,,
Marine engineers and naval architects ,172121,100,69,,,,,,
"Secretaries, except legal, medical, and executive A ",436014,100,69,,,,,,
"Cutters and trimmers, hand ",519031,100,69,,,,,,
"Moulders, shapers, and casters, except metal and plastic ",519195,100,69,,,,,,
Tyre builders ,519197,100,69,,,,,,
Tax preparers ,132082,105,68,,,,,,
Computer support specialists B ,151041,105,68,,,,,,
First-line supervisors/managers of production and operating workers ,511011,105,68,,,,,,
"Coil winders, tapers, and finishers ",512021,105,68,,,,,,
Structural metal fabricators and fitters ,512041,105,68,,,,,,
Fibreglass laminators and fabricators ,512091,105,68,,,,,,
"Computer-controlled machine tool operators, metal and plastic ",514011,105,68,,,,,,
"Extruding and drawing machine setters, operators, and tenders, metal and plastic ",514021,105,68,,,,,,
"Forging machine setters, operators, and tenders, metal and plastic ",514022,105,68,,,,,,
"Rolling machine setters, operators, and tenders, metal and plastic ",514023,105,68,,,,,,
"Cutting, punching, and press machine setters, operators, and tenders, metal and plastic ",514031,105,68,,,,,,
"Drilling and boring machine tool setters, operators, and tenders, metal and plastic ",514032,105,68,,,,,,
"Grinding, lapping, polishing, and buffing machine tool setters, operators, and tenders, metal and plastic ",514033,105,68,,,,,,
"Lathe and turning machine tool setters, operators, and tenders, metal and plastic ",514034,105,68,,,,,,
"Milling and planing machine setters, operators, and tenders, metal and plastic ",514035,105,68,,,,,,
Metal-refining furnace operators and tenders ,514051,105,68,,,,,,
"Pourers and casters, metal ",514052,105,68,,,,,,
"Moulding, coremaking, and casting machine setters, operators, and tenders, metal and plastic ",514072,105,68,,,,,,
"Multiple machine tool setters, operators, and tenders, metal and plastic ",514081,105,68,,,,,,
"Welding, soldering, and brazing machine setters, operators, and tenders ",514122,105,68,,,,,,
"Tool grinders, filers, and sharpeners ",514194,105,68,,,,,,
"Extruding and forming machine setters, operators, and tenders, synthetic and glass fibres ",516091,105,68,,,,,,
Chemical plant and system operators ,518091,105,68,,,,,,
Chemical equipment operators and tenders ,519011,105,68,,,,,,
"Separating, filtering, clarifying, precipitating, and still machine setters, operators, and tenders ",519012,105,68,,,,,,
"Crushing, grinding, and polishing machine setters, operators and tenders ",519021,105,68,,,,,,
"Grinding and polishing workers, hand ",519022,105,68,,,,,,
"Mixing and blending machine setters, operators and tenders",519023,105,68,,,,,,
"Cutting and slicing machine setters, operators and tenders",519032,105,68,,,,,,
"Extruding, forming, pressing, and compacting machine setters, operators and tenders ",519041,105,68,,,,,,
Packaging and filling machine operators and tenders ,519111,105,68,,,,,,
"Coating, painting, and spraying machine setters, operators and tenders",519121,105,68,,,,,,
"Painters, transportation equipment ",519122,105,68,,,,,,
"Painting, coating, and decorating workers ",519123,105,68,,,,,,
Cementing and gluing machine operators and tenders ,519191,105,68,,,,,,
"Cleaning, washing, and metal pickling equipment operators and tenders",519192,105,68,,,,,,
Cooling and freezing equipment operators and tenders ,519193,105,68,,,,,,
Etchers and engravers ,519194,105,68,,,,,,
"Paper goods machine setters, operators, and tenders ",519196,105,68,,,,,,
"Production workers, all other ",519199,105,68,,,,,,
Physicists ,192012,145,67,,,,,,
"Artists and related workers, all other ",271019,145,67,,,,,,
Payroll and timekeeping clerks ,433051,145,67,,,,,,
Procurement clerks ,433061,145,67,,,,,,
Brokerage clerks ,434011,145,67,,,,,,
Order clerks ,434151,145,67,,,,,,
Chemists ,192031,151,66,,,,,,
Materials scientists ,192032,151,66,,,,,,
"Physical scientists, all other ",192099,151,66,,,,,,
Electrical and electronic equipment assemblers ,512022,151,66,,,,,,
Electromechanical equipment assemblers ,512023,151,66,,,,,,
Engine and other machine assemblers ,512031,151,66,,,,,,
Bill and account collectors ,433011,157,65,,,,,,
Team assemblers ,512092,157,65,,,,,,
"Model makers, metal and plastic ",514061,157,65,,,,,,
"Patternmakers, metal and plastic ",514062,157,65,,,,,,
Foundry mould and coremakers ,514071,157,65,,,,,,
Credit analysts ,132041,162,64,,,,,,
Electrical engineers ,172071,162,64,,,,,,
Art directors ,271011,162,64,,,,,,
"Assemblers and fabricators, all other ",512099,162,64,,,,,,
Jewellers and precious stone and metal workers ,519071,162,64,,,,,,
"Timing device assemblers, adjusters, and calibrators ",512093,167,62,,,,,,
Machinists ,514041,168,61,,,,,,
Budget analysts ,132031,169,60,,,,,,
"Model makers, wood ",517031,169,60,,,,,,
"Patternmakers, wood ",517032,169,60,,,,,,
"Inspectors, testers, sorters, samplers, and weighers ",519061,169,60,,,,,,
Medical and clinical laboratory technicians ,292012,173,59,,,,,,
Bindery workers ,515011,173,59,,,,,,
Bookbinders ,515012,173,59,,,,,,
Prepress technicians and workers ,515022,173,59,,,,,,
"Furnace, kiln, oven, drier, and kettle operators and tenders ",519051,173,59,,,,,,
Medical and clinical laboratory technologists ,292011,178,58,,,,,,
Job printers ,515021,178,58,,,,,,
Printing machine operators ,515023,180,57,,,,,,
Upholsterers ,516093,180,57,,,,,,
Cabinetmakers and bench carpenters ,517011,180,57,,,,,,
"Sawing machine setters, operators, and tenders, wood ",517041,180,57,,,,,,
"Woodworking machine setters, operators, and tenders, except sawing",517042,180,57,,,,,,
"Woodworkers, all other ",517099,180,57,,,,,,
Natural sciences managers ,119121,186,56,,,,,,
General and operations managers ,111021,187,55,,,,,,
Computer and information systems managers ,113021,187,55,,,,,,
Industrial production managers ,113051,187,55,,,,,,
"Wholesale and retail buyers, except farm products ",131022,187,55,,,,,,
"Purchasing agents, except wholesale, retail, and farm products",131023,187,55,,,,,,
Logisticians ,131081,187,55,,,,,,
"Medical scientists, except epidemiologists ",191042,187,55,,,,,,
"Life scientists, all other ",191099,187,55,,,,,,
Agricultural and food science technicians ,194011,187,55,,,,,,
Biological technicians ,194021,187,55,,,,,,
Chemical technicians ,194031,187,55,,,,,,
"Media and communication workers, all other ",273099,187,55,,,,,,
"Aircraft structure, surfaces, rigging, and systems assemlbers",512011,187,55,,,,,,
Stationary engineers and boiler operators ,518021,187,55,,,,,,
Engineering managers ,119041,201,54,,,,,,
"Production, planning, and expediting clerks ",435061,201,54,,,,,,
Advertising and promotions managers ,112011,203,53,,,,,,
Marketing managers ,112021,203,53,,,,,,
"Legal support workers, all other ",232099,205,52,,,,,,
Lawyers ,231011,206,51,,,,,,
Paralegals and legal assistants ,232011,206,51,,,,,,
"Camera operators, television, video, and motion picture ",274031,206,51,,,,,,
"Securities, commodities, and financial services sales agents",413031,206,51,,,,,,
"Office machine operators, except computer ",439071,206,51,,,,,,
Cost estimators ,131051,211,50,,,,,,
"Financial specialists, all other ",132099,211,50,,,,,,
Network and computer systems administrators ,151071,211,50,,,,,,
Travel agents ,413041,211,50,,,,,,
"Switchboard operators, including answering service ",432011,211,50,,,,,,
File clerks ,434071,211,50,,,,,,
"Human resources assistants, except payroll and timekeeping",434161,211,50,,,,,,
Administrative services managers ,113011,218,49,,,,,,
Training and development managers ,113042,218,49,,,,,,
"Human resources managers, all other ",113049,218,49,,,,,,
Purchasing managers ,113061,218,49,,,,,,
"Transportation, storage, and distribution managers ",113071,218,49,,,,,,
Producers and directors ,272012,218,49,,,,,,
Actors ,272011,224,48,,,,,,
"Interviewers A, except eligibility and loan ",434111,224,48,,,,,,
Photographic processing machine operators ,519132,224,48,,,,,,
Electrical and electronic engineering technicians ,173023,227,47,,,,,,
Electro-mechanical technicians ,173024,227,47,,,,,,
"Engineering technicians, except drafters, all other ",173029,227,47,,,,,,
"Compensation, benefits, and job analysis specialists ",131072,230,46,,,,,,
Loan interviewers and clerks A ,434131,230,46,,,,,,
Furniture finishers ,517021,232,43,,,,,,
"Communications equipment operators, all other ",432099,233,41,,,,,,
Broadcast news analysts ,273021,234,40,,,,,,
"Life, physical, and social science technicians, all other ",194099,235,39,,,,,,
Customer service representatives C ,434051,236,38,,,,,,
"Secretaries, except legal, medical, and executive B ",436014,236,38,,,,,,
"Office clerks, general C ",439061,236,38,,,,,,
"Office and administrative support workers, all other C ",439199,236,38,,,,,,
Aerospace engineers ,172011,240,37,,,,,,
Audio and video equipment technicians ,274011,241,36,,,,,,
Broadcast technicians ,274012,241,36,,,,,,
Radio operators ,274013,241,36,,,,,,
Sound engineering technicians ,274014,241,36,,,,,,
"Media and communication equipment workers, all other ",274099,241,36,,,,,,
"Derrick operators, oil and gas ",475011,241,36,,,,,,
"Rotary drill operators, oil and gas ",475012,241,36,,,,,,
"Service unit operators, oil, gas, and mining ",475013,241,36,,,,,,
Continuous mining machine operators ,475041,241,36,,,,,,
Mine cutting and channelling machine operators ,475042,241,36,,,,,,
"Mining machine operators, all other ",475049,241,36,,,,,,
"Rock splitters, quarry ",475051,241,36,,,,,,
"Roof bolters, mining ",475061,241,36,,,,,,
"Roustabouts, oil and gas ",475071,241,36,,,,,,
Helpers � extraction workers ,475081,241,36,,,,,,
"Extraction workers, all other ",475099,241,36,,,,,,
Geological and petroleum technicians ,194041,257,35,,,,,,
"Earth drillers, except oil and gas ",475021,257,35,,,,,,
"Explosives workers,ordnance handling experts and blasters",475031,257,35,,,,,,
Nuclear technicians ,194051,260,34,,,,,,
Stock clerks and order fillers ,435081,260,34,,,,,,
Medical appliance technicians ,519082,260,34,,,,,,
Ophthalmic laboratory technicians ,519083,260,34,,,,,,
Photographic process workers ,519131,260,34,,,,,,
Sailors and marine oilers ,535011,260,34,,,,,,
Ship engineers ,535031,260,34,,,,,,
"Environmental science and protection technicians, including health",194091,267,33,,,,,,
Library technicians ,254031,267,33,,,,,,
Pharmacy technicians ,292052,269,32,,,,,,
Food batchmakers ,513092,270,31,,,,,,
Astronomers ,192011,271,30,,,,,,
Radio and television announcers ,273011,271,30,,,,,,
"Shipping, receiving, and traffic clerks ",435071,273,29,,,,,,
Gas plant operators ,518092,273,29,,,,,,
"Petroleum pump system operators, refinery operators and gaugers",518093,273,29,,,,,,
"Plant and system operators, all other ",518099,273,29,,,,,,
"First-line supervisors/managers of helpers, labourers and material movers, hand ",531021,277,28,,,,,,
First-line supervisors/managers of transportation and material-moving machine and vehicle operators ,531031,277,28,,,,,,
"Weighers, measurers, checkers, and samplers, recordkeeping ",435111,279,27,,,,,,
Food cooking machine operators and tenders ,513093,279,27,,,,,,
Sales managers ,112022,281,26,,,,,,
"Mail clerks and mail machine operators, except postal service ",439051,281,26,,,,,,
Camera and photographic equipment repairers ,499061,281,26,,,,,,
Watch repairers ,499064,281,26,,,,,,
"Business operations specialists, all other ",131199,285,25,,,,,,
"Architects, except landscape and naval ",171011,285,25,,,,,,
"Health and safety engineers, except mining safety engineers and inspectors",172111,285,25,,,,,,
Music directors and composers ,272041,285,25,,,,,,
Photographers ,274021,285,25,,,,,,
Advertising sales agents ,413011,285,25,,,,,,
"Postal service mail sorters, processors, and processing machine operators ",435053,285,25,,,,,,
