"Title Examiners, Abstractors, and Searchers",soc,emp_2010,emp2020
"Total, All Occupations",00-0000,"143,068.20","163,537.10"
"Management, Business, and Financial Occupations",11-1300,"15,565.30","17,353.60"
Management Occupations,11-0000,"8,776.10","9,391.90"
Top Executives,11-1000,"2,204.70","2,301.80"
Chief Executives,11-1011,369.9,385.3
General and Operations Managers,11-1021,"1,767.10","1,848.60"
Legislators,11-1031,67.7,67.9
"Advertising, Marketing, Promotions, Public Relations, and Sales Managers",11-2000,620.9,700.5
Advertising and Promotions Managers,11-2011,38.7,43.8
Marketing and Sales Managers,11-2020,520.3,584.7
Marketing Managers,11-2021,178.2,202.4
Sales Managers,11-2022,342.1,382.3
Public Relations and Fundraising Managers,11-2031,61.9,72.1
Operations Specialties Managers,11-3000,"1,539.50","1,721.50"
Administrative Services Managers,11-3011,254.3,291.2
Computer and Information Systems Managers,11-3021,307.9,363.7
Financial Managers,11-3031,527.1,573.4
Industrial Production Managers,11-3051,150.3,164
Purchasing Managers,11-3061,68,72.9
"Transportation, Storage, and Distribution Managers",11-3071,98.6,108.5
Compensation and Benefits Managers,11-3111,31.8,32.7
Human Resources Managers,11-3121,71.8,81
Training and Development Managers,11-3131,29.8,34.1
Other Management Occupations,11-9000,"4,411.00","4,668.00"
"Farmers, Ranchers, and Other Agricultural Managers",11-9013,"1,202.50","1,106.40"
Construction Managers,11-9021,523.1,609.6
Education Administrators,11-9030,478.4,549.7
"Education Administrators, Preschool and Childcare Center/Program",11-9031,63.6,79.5
"Education Administrators, Elementary and Secondary School",11-9032,236.1,259.3
"Education Administrators, Postsecondary",11-9033,146.2,174
"Education Administrators, All Other",11-9039,32.5,36.9
Architectural and Engineering Managers,11-9041,176.8,192
Food Service Managers,11-9051,320.6,310
Gaming Managers,11-9071,3.3,3.6
Lodging Managers,11-9081,51.4,55.7
Medical and Health Services Managers,11-9111,303,371
Natural Sciences Managers,11-9121,49.3,53.1
Postmasters and Mail Superintendents,11-9131,24.5,17.7
"Property, Real Estate, and Community Association Managers",11-9141,303.9,322.2
Social and Community Service Managers,11-9151,134.1,169.9
Emergency Management Directors,11-9161,12.1,13.7
"Managers, All Other",11-9199,828.1,893.5
Business and Financial Operations Occupations,13-0000,"6,789.20","7,961.70"
Business Operations Specialists,13-1000,"4,151.90","4,903.30"
"Agents and Business Managers of Artists, Performers, and Athletes",13-1011,24.1,27.5
Buyers and Purchasing Agents,13-1020,419.2,446
"Buyers and Purchasing Agents, Farm Products",13-1021,13,13.7
"Wholesale and Retail Buyers, Except Farm Products",13-1022,122,133
"Purchasing Agents, Except Wholesale, Retail, and Farm Products",13-1023,284.2,299.3
"Claims Adjusters, Appraisers, Examiners, and Investigators",13-1030,290.7,298.2
"Claims Adjusters, Examiners, and Investigators",13-1031,280.1,288.4
"Insurance Appraisers, Auto Damage",13-1032,10.6,9.8
Compliance Officers,13-1041,216.6,249
Cost Estimators,13-1051,185.4,252.9
Human Resources Workers,13-1070,442.5,533.2
Farm Labor Contractors,13-1074,0.3,0.3
"Human Resources, Training, and Labor Relations Specialists, All Other",13-1078,442.2,532.9
Logisticians,13-1081,108.9,136.7
Management Analysts,13-1111,718.8,876
"Meeting, Convention, and Event Planners",13-1121,71.6,102.9
"Compensation, Benefits, and Job Analysis Specialists",13-1141,109.5,115
Training and Development Specialists,13-1151,217.7,279.3
Market Research Analysts and Marketing Specialists,13-1161,282.7,399.3
"Business Operations Specialists, All Other",13-1199,"1,064.20","1,187.30"
Financial Specialists,13-2000,"2,637.30","3,058.40"
Accountants and Auditors,13-2011,"1,216.90","1,407.60"
Appraisers and Assessors of Real Estate,13-2021,77.8,83.5
Budget Analysts,13-2031,62.1,68.5
Credit Analysts,13-2041,63.3,75.9
Financial Analysts and Advisors,13-2050,544.6,671.1
Financial Analysts,13-2051,236,290.2
Personal Financial Advisors,13-2052,206.8,273.2
Insurance Underwriters,13-2053,101.8,107.7
Financial Examiners,13-2061,29.3,37.2
Credit Counselors and Loan Officers,13-2070,322.5,370.2
Credit Counselors,13-2071,33.1,39.8
Loan Officers,13-2072,289.4,330.4
"Tax Examiners, Collectors and Preparers, and Revenue Agents",13-2080,156,169.4
"Tax Examiners and Collectors, and Revenue Agents",13-2081,74.5,80
Tax Preparers,13-2082,81.5,89.5
"Financial Specialists, All Other",13-2099,164.9,174.9
"Computer, Engineering, and Science Occupations",15-1900,"7,205.00","8,426.90"
Computer and Mathematical Occupations,15-0000,"3,542.80","4,321.10"
Computer Occupations,15-1100,"3,426.00","4,184.70"
Computer and Information Research Scientists,15-1111,28.2,33.5
Computer Systems Analysts,15-1121,544.4,664.8
Software Developers and Programmers,15-1130,"1,276.20","1,590.80"
Computer Programmers,15-1131,363.1,406.8
"Software Developers, Applications",15-1132,520.8,664.5
"Software Developers, Systems Software",15-1133,392.3,519.4
Database and Systems Administrators and Network Architects,15-1140,458,588.5
Database Administrators,15-1141,110.8,144.8
Network and Computer Systems Administrators,15-1142,347.2,443.8
Computer Support Specialists,15-1150,607.1,717.1
"Information Security Analysts, Web Developers, and Computer Network Architects",15-1179,302.3,367.9
"Computer Occupations, All Other",15-1799,209.7,222
Mathematical Science Occupations,15-2000,116.8,136.3
Actuaries,15-2011,21.7,27.5
Mathematicians,15-2021,3.1,3.6
Operations Research Analysts,15-2031,64.6,74
Statisticians,15-2041,25.1,28.6
Miscellaneous Mathematical Science Occupations,15-2090,2.4,2.7
Mathematical Technicians,15-2091,1.1,1.1
"Mathematical Science Occupations, All Other",15-2099,1.4,1.6
Architecture and Engineering Occupations,17-0000,"2,433.40","2,686.20"
"Architects, Surveyors, and Cartographers",17-1000,200.3,247.7
"Architects, Except Naval",17-1010,135.4,166.7
"Architects, Except Landscape and Naval",17-1011,113.7,141.6
Landscape Architects,17-1012,21.6,25.1
"Surveyors, Cartographers, and Photogrammetrists",17-1020,65,81.1
Cartographers and Photogrammetrists,17-1021,13.8,16.9
Surveyors,17-1022,51.2,64.2
Engineers,17-2000,"1,519.00","1,679.40"
Aerospace Engineers,17-2011,81,85
Agricultural Engineers,17-2021,2.7,2.9
Biomedical Engineers,17-2031,15.7,25.4
Chemical Engineers,17-2041,30.2,32
Civil Engineers,17-2051,262.8,313.9
Computer Hardware Engineers,17-2061,70,76.3
Electrical and Electronics Engineers,17-2070,294,311.6
Electrical Engineers,17-2071,154,164.7
"Electronics Engineers, Except Computer",17-2072,140,146.9
Environmental Engineers,17-2081,51.4,62.7
"Industrial Engineers, Including Health and Safety",17-2110,227.6,243.8
"Health and Safety Engineers, Except Mining Safety Engineers and Inspectors",17-2111,23.7,26.8
Industrial Engineers,17-2112,203.9,217
Marine Engineers and Naval Architects,17-2121,5.9,7
Materials Engineers,17-2131,22.3,24.2
Mechanical Engineers,17-2141,243.2,264.6
"Mining and Geological Engineers, Including Mining Safety Engineers",17-2151,6.4,7
Nuclear Engineers,17-2161,19.1,21.1
Petroleum Engineers,17-2171,30.2,35.3
"Engineers, All Other",17-2199,156.5,166.8
"Drafters, Engineering Technicians, and Mapping Technicians",17-3000,714,759
Drafters,17-3010,205.1,216.5
Architectural and Civil Drafters,17-3011,92.7,95.7
Electrical and Electronics Drafters,17-3012,29.2,30.8
Mechanical Drafters,17-3013,67.4,74.9
"Drafters, All Other",17-3019,15.8,15.2
"Engineering Technicians, Except Drafters",17-3020,451.9,476.5
Aerospace Engineering and Operations Technicians,17-3021,8.7,8.5
Civil Engineering Technicians,17-3022,79,88.5
Electrical and Electronics Engineering Technicians,17-3023,151.1,154
Electro-Mechanical Technicians,17-3024,16.4,16.5
Environmental Engineering Technicians,17-3025,18.8,23.3
Industrial Engineering Technicians,17-3026,62.5,65.1
Mechanical Engineering Technicians,17-3027,44.9,46.7
"Engineering Technicians, Except Drafters, All Other",17-3029,70.6,73.9
Surveying and Mapping Technicians,17-3031,56.9,66
"Life, Physical, and Social Science Occupations",19-0000,"1,228.80","1,419.60"
Life Scientists,19-1000,285.9,344.3
Agricultural and Food Scientists,19-1010,33.5,37
Animal Scientists,19-1011,3.3,3.8
Food Scientists and Technologists,19-1012,13.9,15
Soil and Plant Scientists,19-1013,16.3,18.3
Biological Scientists,19-1020,101,115.1
Biochemists and Biophysicists,19-1021,25.1,32.9
Microbiologists,19-1022,20.3,22.9
Zoologists and Wildlife Biologists,19-1023,19.8,21.3
"Biological Scientists, All Other",19-1029,35.8,38
Conservation Scientists and Foresters,19-1030,34.9,36.6
Conservation Scientists,19-1031,23.4,24.6
Foresters,19-1032,11.5,12
Medical Scientists,19-1040,105,142.6
Epidemiologists,19-1041,5,6.1
"Medical Scientists, Except Epidemiologists",19-1042,100,136.5
"Life Scientists, All Other",19-1099,11.6,12.9
Physical Scientists,19-2000,282,317.7
Astronomers and Physicists,19-2010,20.6,23.4
Astronomers,19-2011,2.2,2.5
Physicists,19-2012,18.3,20.9
Atmospheric and Space Scientists,19-2021,9.5,10.4
Chemists and Materials Scientists,19-2030,90.9,94.9
Chemists,19-2031,82.2,85.4
Materials Scientists,19-2032,8.7,9.5
Environmental Scientists and Geoscientists,19-2040,130.8,156.1
"Environmental Scientists and Specialists, Including Health",19-2041,89.4,106.1
"Geoscientists, Except Hydrologists and Geographers",19-2042,33.8,40.9
Hydrologists,19-2043,7.6,9
"Physical Scientists, All Other",19-2099,30.3,32.9
Social Scientists and Related Workers,19-3000,306.1,362.6
Economists,19-3011,15.4,16.4
Survey Researchers,19-3022,19.6,24.3
Psychologists,19-3030,174,211.6
"Clinical, Counseling, and School Psychologists",19-3031,154.3,188
Industrial-Organizational Psychologists,19-3032,2.2,3
"Psychologists, All Other",19-3039,17.5,20.6
Sociologists,19-3041,4,4.8
Urban and Regional Planners,19-3051,40.3,46.8
Miscellaneous Social Scientists and Related Workers,19-3090,52.8,58.6
Anthropologists and Archeologists,19-3091,6.1,7.4
Geographers,19-3092,1.6,2.2
Historians,19-3093,4,4.7
Political Scientists,19-3094,5.6,6
"Social Scientists and Related Workers, All Other",19-3099,35.4,38.3
"Life, Physical, and Social Science Technicians",19-4000,354.8,395
Agricultural and Food Science Technicians,19-4011,21.3,22.8
Biological Technicians,19-4021,80.2,91.1
Chemical Technicians,19-4031,61,65.1
Geological and Petroleum Technicians,19-4041,14.4,16.5
Nuclear Technicians,19-4051,7.1,8
Social Science Research Assistants,19-4061,29.7,34.1
"Miscellaneous Life, Physical, and Social Science Technicians",19-4090,141.1,157.4
"Environmental Science and Protection Technicians, Including Health",19-4091,29.6,36.6
Forensic Science Technicians,19-4092,13,15.4
Forest and Conservation Technicians,19-4093,36.5,36.1
"Life, Physical, and Social Science Technicians, All Other",19-4099,62,69.4
"Education, Legal, Community Service, Arts, and Media Occupations",21-2700,"15,516.70","17,976.20"
Community and Social Service Occupations,21-0000,"2,402.70","2,985.00"
"Counselors, Social Workers, and Other Community and Social Service Specialists",21-1000,"1,997.30","2,509.70"
Counselors,21-1010,684.7,863.3
Substance Abuse and Behavioral Disorder Counselors,21-1011,85.5,108.9
"Educational, Guidance, School, and Vocational Counselors",21-1012,281.4,334.8
Marriage and Family Therapists,21-1013,36,50.8
Mental Health Counselors,21-1014,120.3,163.9
Rehabilitation Counselors,21-1015,129.8,166.4
"Counselors, All Other",21-1019,31.6,38.4
Social Workers,21-1020,650.5,811.7
"Child, Family, and School Social Workers",21-1021,295.7,353.9
Healthcare Social Workers,21-1022,152.7,203.9
Mental Health and Substance Abuse Social Workers,21-1023,126.1,165.6
"Social Workers, All Other",21-1029,76,88.3
Miscellaneous Community and Social Service Specialists,21-1090,662.1,834.7
Health Educators,21-1091,63.4,86.6
Probation Officers and Correctional Treatment Specialists,21-1092,93.2,110.4
Social and Human Service Assistants,21-1093,384.2,490.2
"Community and Social Service Specialists, All Other",21-1798,121.3,147.7
Religious Workers,21-2000,405.4,475.3
Clergy,21-2011,230.8,271.3
"Directors, Religious Activities and Education",21-2021,126,147.1
"Religious Workers, All Other",21-2099,48.7,56.9
Legal Occupations,23-0000,"1,211.90","1,342.90"
"Lawyers, Judges, and Related Workers",23-1000,820.7,901.2
Lawyers and Judicial Law Clerks,23-1010,758,833.9
Lawyers,23-1011,728.2,801.8
Judicial Law Clerks,23-1012,29.8,32.1
"Judges, Magistrates, and Other Judicial Workers",23-1020,62.7,67.3
"Administrative Law Judges, Adjudicators, and Hearing Officers",23-1021,19.2,19.2
"Arbitrators, Mediators, and Conciliators",23-1022,9.4,10.9
"Judges, Magistrate Judges, and Magistrates",23-1023,34,37.2
Legal Support Workers,23-2000,391.2,441.8
Paralegals and Legal Assistants,23-2011,256,302.9
Miscellaneous Legal Support Workers,23-2090,135.2,138.9
Court Reporters,23-2091,22,25.1
"Title Examiners, Abstractors, and Searchers",23-2093,59,58.2
"Legal Support Workers, All Other",23-2099,54.2,55.7
"Education, Training, and Library Occupations",25-0000,"9,193.60","10,597.30"
Postsecondary Teachers,25-1000,"1,756.00","2,061.70"
"Preschool, Primary, Secondary, and Special Education School Teachers",25-2000,"4,354.40","5,009.40"
Preschool and Kindergarten Teachers,25-2010,636,782.3
"Preschool Teachers, Except Special Education",25-2011,456.8,570.4
"Kindergarten Teachers, Except Special Education",25-2012,179.2,211.9
Elementary and Middle School Teachers,25-2020,"2,132.70","2,491.00"
"Elementary School Teachers, Except Special Education",25-2021,"1,476.50","1,725.30"
"Middle School Teachers, Except Special and Career/Technical Education",25-2022,641.7,750
"Career/Technical Education Teachers, Middle School",25-2023,14.4,15.7
Secondary School Teachers,25-2030,"1,126.20","1,199.10"
"Secondary School Teachers, Except Special and Career/Technical Education",25-2031,"1,037.60","1,109.50"
"Career/Technical Education Teachers, Secondary School",25-2032,88.6,89.6
Special Education Teachers,25-2050,459.6,537
"Special Education Teachers, Preschool, Kindergarten, and Elementary School",25-2041,222.8,270.2
"Special Education Teachers, Middle School",25-2053,98.1,117.9
"Special Education Teachers, Secondary School",25-2054,138.7,148.8
Other Teachers and Instructors,25-3000,"1,220.20","1,401.80"
Adult Basic and Secondary Education and Literacy Teachers and Instructors,25-3011,86.9,99.6
Self-Enrichment Education Teachers,25-3021,252.8,305.6
"Teachers and Instructors, All Other",25-3999,880.5,996.6
"Librarians, Curators, and Archivists",25-4000,301.4,326.9
"Archivists, Curators, and Museum Technicians",25-4010,29.9,34.4
Archivists,25-4011,6.1,6.8
Curators,25-4012,12,14.9
Museum Technicians and Conservators,25-4013,11.9,12.7
Librarians,25-4021,156.1,166.9
Library Technicians,25-4031,115.4,125.6
"Other Education, Training, and Library Occupations",25-9000,"1,561.60","1,797.60"
Audio-Visual and Multimedia Collections Specialists,25-9011,8.4,9.5
Farm and Home Management Advisors,25-9021,13,15.1
Instructional Coordinators,25-9031,139.7,166.9
Teacher Assistants,25-9041,"1,288.30","1,479.30"
"Education, Training, and Library Workers, All Other",25-9099,112.3,126.7
"Arts, Design, Entertainment, Sports, and Media Occupations",27-0000,"2,708.50","3,051.00"
Art and Design Workers,27-1000,776.8,852.9
Artists and Related Workers,27-1010,197.3,212.6
Art Directors,27-1011,73.9,80.6
Craft Artists,27-1012,11.8,12.7
"Fine Artists, Including Painters, Sculptors, and Illustrators",27-1013,25.7,27.7
Multimedia Artists and Animators,27-1014,66.5,72
"Artists and Related Workers, All Other",27-1019,19.3,19.5
Designers,27-1020,579.5,640.3
Commercial and Industrial Designers,27-1021,40.8,45.1
Fashion Designers,27-1022,21.5,21.5
Floral Designers,27-1023,66.5,60.3
Graphic Designers,27-1024,279.2,316.5
Interior Designers,27-1025,56.5,67.4
Merchandise Displayers and Window Trimmers,27-1026,91.2,102.9
Set and Exhibit Designers,27-1027,11.7,12.8
"Designers, All Other",27-1029,12.2,13.8
"Entertainers and Performers, Sports and Related Workers",27-2000,805.7,934.6
"Actors, Producers, and Directors",27-2010,189,205.1
Actors,27-2011,66.5,69.1
Producers and Directors,27-2012,122.5,136
"Athletes, Coaches, Umpires, and Related Workers",27-2020,278.9,357.8
Athletes and Sports Competitors,27-2021,16.5,20.1
Coaches and Scouts,27-2022,242.9,314.3
"Umpires, Referees, and Other Sports Officials",27-2023,19.5,23.4
Dancers and Choreographers,27-2030,25.6,30.2
Dancers,27-2031,12.4,13.7
Choreographers,27-2032,13.2,16.4
"Musicians, Singers, and Related Workers",27-2040,269.4,296.9
Music Directors and Composers,27-2041,93.2,102.8
Musicians and Singers,27-2042,176.2,194.1
"Entertainers and Performers, Sports and Related Workers, All Other",27-2099,42.8,44.7
Media and Communication Workers,27-3000,791.9,898
Announcers,27-3010,61.9,65.9
Radio and Television Announcers,27-3011,50.2,53.6
Public Address System and Other Announcers,27-3012,11.7,12.3
"News Analysts, Reporters and Correspondents",27-3020,58.5,55.3
Broadcast News Analysts,27-3021,6.6,7.2
Reporters and Correspondents,27-3022,51.9,48
Public Relations Specialists,27-3031,258.1,316.2
Writers and Editors,27-3040,322.6,341.3
Editors,27-3041,127.2,128
Technical Writers,27-3042,49.5,58
Writers and Authors,27-3043,145.9,155.4
Miscellaneous Media and Communication Workers,27-3090,90.9,119.3
Interpreters and Translators,27-3091,58.4,83.1
"Media and Communication Workers, All Other",27-3099,32.5,36.2
Media and Communication Equipment Workers,27-4000,334.1,365.5
Broadcast and Sound Engineering Technicians and Radio Operators,27-4010,118.1,129.8
Audio and Video Equipment Technicians,27-4011,61.2,69.4
Broadcast Technicians,27-4012,36.7,40
Radio Operators,27-4013,1.2,1.3
Sound Engineering Technicians,27-4014,19,19.1
Photographers,27-4021,139.5,156.9
"Television, Video, and Motion Picture Camera Operators and Editors",27-4030,58.3,60.5
"Camera Operators, Television, Video, and Motion Picture",27-4031,26.8,27.3
Film and Video Editors,27-4032,31.6,33.2
"Media and Communication Equipment Workers, All Other",27-4099,18.2,18.2
Healthcare Practitioners and Technical Occupations,29-0000,"7,799.30","9,819.00"
Health Diagnosing and Treating Practitioners,29-1000,"4,852.30","6,128.40"
Chiropractors,29-1011,52.6,67.4
Dentists,29-1020,155.7,187.9
"Dentists, General",29-1021,130.7,158.3
Oral and Maxillofacial Surgeons,29-1022,8,9.7
Orthodontists,29-1023,8.3,10.1
Prosthodontists,29-1024,1,1.2
"Dentists, All Other Specialists",29-1029,7.8,8.7
Dietitians and Nutritionists,29-1031,64.4,77.1
Optometrists,29-1041,34.2,45.5
Pharmacists,29-1051,274.9,344.6
Physicians and Surgeons,29-1060,691,859.3
Physician Assistants,29-1071,83.6,108.3
Podiatrists,29-1081,12.9,15.5
Registered Nurses,29-1111,"2,737.40","3,449.30"
Therapists,29-1120,615.7,806
Occupational Therapists,29-1122,108.8,145.2
Physical Therapists,29-1123,198.6,276
Radiation Therapists,29-1124,16.9,20.3
Recreational Therapists,29-1125,22.4,26.3
Respiratory Therapists,29-1126,112.7,143.9
Speech-Language Pathologists,29-1127,123.2,152
"Therapists, All Other",29-1128,33.1,42.3
Veterinarians,29-1131,61.4,83.4
Audiologists,29-1181,13,17.8
"Health Diagnosing and Treating Practitioners, All Other",29-1199,55.6,66.2
Health Technologists and Technicians,29-2000,"2,799.10","3,519.40"
Clinical Laboratory Technologists and Technicians,29-2010,330.6,373.5
Medical and Clinical Laboratory Technologists,29-2011,169.4,188.6
Medical and Clinical Laboratory Technicians,29-2012,161.2,184.9
Dental Hygienists,29-2021,181.8,250.3
Diagnostic Related Technologists and Technicians,29-2030,345,448
Cardiovascular Technologists and Technicians,29-2031,49.4,63.9
Diagnostic Medical Sonographers,29-2032,53.7,77.1
Nuclear Medicine Technologists,29-2033,21.9,26.1
Radiologic Technologists and Technicians,29-2037,219.9,281
Emergency Medical Technicians and Paramedics,29-2041,226.5,301.9
Health Practitioner Support Technologists and Technicians,29-2050,621,804.7
Dietetic Technicians,29-2051,24.2,28.1
Pharmacy Technicians,29-2052,334.4,442.6
Psychiatric Technicians,29-2053,74.9,86.4
Respiratory Therapy Technicians,29-2054,13.8,14.3
Surgical Technologists,29-2055,93.6,111.3
Veterinary Technologists and Technicians,29-2056,80.2,121.9
Licensed Practical and Licensed Vocational Nurses,29-2061,752.3,920.8
Medical Records and Health Information Technicians,29-2071,179.5,217.3
"Opticians, Dispensing",29-2081,62.6,80.7
Orthotists and Prosthetists,29-2091,6.3,7
"Health Technologists and Technicians, All Other",29-2799,93.5,115.2
Other Healthcare Practitioners and Technical Occupations,29-9000,147.9,171.2
Occupational Health and Safety Specialists and Technicians,29-9010,69.3,75.7
Occupational Health and Safety Specialists,29-9011,58.7,63.7
Occupational Health and Safety Technicians,29-9012,10.6,12
Miscellaneous Health Practitioners and Technical Workers,29-9090,78.6,95.5
Athletic Trainers,29-9091,18.2,23.7
"Healthcare Practitioners and Technical Workers, All Other",29-9799,60.4,71.9
Service Occupations,31-3900,"29,136.10","34,037.40"
Healthcare Support Occupations,31-0000,"4,190.00","5,633.70"
"Nursing, Psychiatric, and Home Health Aides",31-1000,"2,590.60","3,609.10"
Home Health Aides,31-1011,"1,017.70","1,723.90"
"Nursing Aides, Orderlies, and Attendants",31-1012,"1,505.30","1,807.20"
Psychiatric Aides,31-1013,67.7,77.9
Occupational Therapy and Physical Therapist Assistants and Aides,31-2000,150.4,216.2
Occupational Therapy Assistants and Aides,31-2010,36,50.8
Occupational Therapy Assistants,31-2011,28.5,40.8
Occupational Therapy Aides,31-2012,7.5,9.9
Physical Therapist Assistants and Aides,31-2020,114.4,165.5
Physical Therapist Assistants,31-2021,67.4,98.2
Physical Therapist Aides,31-2022,47,67.3
Other Healthcare Support Occupations,31-9000,"1,449.00","1,808.40"
Massage Therapists,31-9011,153.7,184.6
Miscellaneous Healthcare Support Occupations,31-9090,"1,295.30","1,623.80"
Dental Assistants,31-9091,297.2,388.9
Medical Assistants,31-9092,527.6,690.4
Medical Equipment Preparers,31-9093,49.2,57.8
Medical Transcriptionists,31-9094,95.1,100.7
Pharmacy Aides,31-9095,50.8,65.3
Veterinary Assistants and Laboratory Animal Caretakers,31-9096,73.2,83.6
"Healthcare Support Workers, All Other",31-9799,202.3,237
Protective Service Occupations,33-0000,"3,302.50","3,667.00"
Supervisors of Protective Service Workers,33-1000,266.5,281.9
First-Line Supervisors of Law Enforcement Workers,33-1010,147.5,152.1
First-Line Supervisors of Correctional Officers,33-1011,41.5,43.8
First-Line Supervisors of Police and Detectives,33-1012,106.1,108.3
First-Line Supervisors of Fire Fighting and Prevention Workers,33-1021,60.1,65
"First-Line Supervisors of Protective Service Workers, All Other",33-1099,58.9,64.7
Fire Fighting and Prevention Workers,33-2000,325.6,353.5
Firefighters,33-2011,310.4,336.9
Fire Inspectors,33-2020,15.2,16.5
Fire Inspectors and Investigators,33-2021,13.6,14.8
Forest Fire Inspectors and Prevention Specialists,33-2022,1.6,1.7
Law Enforcement Workers,33-3000,"1,297.20","1,382.90"
"Bailiffs, Correctional Officers, and Jailers",33-3010,493.1,519
Bailiffs,33-3011,17.8,19.2
Correctional Officers and Jailers,33-3012,475.3,499.8
Detectives and Criminal Investigators,33-3021,119.4,122.9
Fish and Game Wardens,33-3031,7.6,7.9
Parking Enforcement Workers,33-3041,9.8,10.8
Police Officers,33-3050,667.4,722.3
Police and Sheriff's Patrol Officers,33-3051,663.9,718.5
Transit and Railroad Police,33-3052,3.6,3.8
Other Protective Service Workers,33-9000,"1,413.20","1,648.80"
Animal Control Workers,33-9011,15.5,17.3
Private Detectives and Investigators,33-9021,34.7,41.9
Security Guards and Gaming Surveillance Officers,33-9030,"1,042.50","1,238.10"
Gaming Surveillance Officers and Gaming Investigators,33-9031,6.8,7.4
Security Guards,33-9032,"1,035.70","1,230.70"
Miscellaneous Protective Service Workers,33-9090,320.5,351.5
Crossing Guards,33-9091,69.3,70.1
"Lifeguards, Ski Patrol, and Other Recreational Protective Service Workers",33-9092,121.5,136.4
Transportation Security Screeners (Federal Only),33-9093,48.1,52.7
"Protective Service Workers, All Other",33-9099,81.5,92.3
Food Preparation and Serving Related Occupations,35-0000,"11,150.30","12,242.80"
Supervisors of Food Preparation and Serving Workers,35-1000,901.7,979.4
Chefs and Head Cooks,35-1011,100.6,99.8
First-Line Supervisors of Food Preparation and Serving Workers,35-1012,801.1,879.6
Cooks and Food Preparation Workers,35-2000,"2,864.50","3,110.50"
Cooks,35-2010,"2,050.80","2,212.60"
"Cooks, Fast Food",35-2011,530.4,511.4
"Cooks, Institution and Cafeteria",35-2012,405.3,455.1
"Cooks, Private Household",35-2013,3.6,4.1
"Cooks, Restaurant",35-2014,915.4,"1,033.20"
"Cooks, Short Order",35-2015,174.2,183.6
"Cooks, All Other",35-2019,21.9,25.2
Food Preparation Workers,35-2021,813.7,897.9
Food and Beverage Serving Workers,35-3000,"6,100.00","6,804.40"
Bartenders,35-3011,503.2,548.7
Fast Food and Counter Workers,35-3020,"3,127.60","3,553.00"
"Combined Food Preparation and Serving Workers, Including Fast Food",35-3021,"2,682.10","3,080.10"
"Counter Attendants, Cafeteria, Food Concession, and Coffee Shop",35-3022,445.5,472.9
Waiters and Waitresses,35-3031,"2,260.30","2,456.20"
"Food Servers, Nonrestaurant",35-3041,208.9,246.5
Other Food Preparation and Serving Related Workers,35-9000,"1,284.10","1,348.50"
Dining Room and Cafeteria Attendants and Bartender Helpers,35-9011,397,414.7
Dishwashers,35-9021,510.2,546
"Hosts and Hostesses, Restaurant, Lounge, and Coffee Shop",35-9031,330.5,344.1
"Food Preparation and Serving Related Workers, All Other",35-9099,46.4,43.7
Building and Grounds Cleaning and Maintenance Occupations,37-0000,"5,498.50","6,162.50"
Supervisors of Building and Grounds Cleaning and Maintenance Workers,37-1000,429.6,462.2
First-Line Supervisors of Housekeeping and Janitorial Workers,37-1011,226.7,228.6
"First-Line Supervisors of Landscaping, Lawn Service, and Groundskeeping Workers",37-1012,202.9,233.6
Building Cleaning and Pest Control Workers,37-2000,"3,819.20","4,196.10"
Building Cleaning Workers,37-2010,"3,750.80","4,109.80"
"Janitors and Cleaners, Except Maids and Housekeeping Cleaners",37-2011,"2,310.40","2,556.80"
Maids and Housekeeping Cleaners,37-2012,"1,427.30","1,538.90"
"Building Cleaning Workers, All Other",37-2019,13.1,14.1
Pest Control Workers,37-2021,68.4,86.2
Grounds Maintenance Workers,37-3000,"1,249.70","1,504.30"
Landscaping and Groundskeeping Workers,37-3011,"1,151.50","1,392.30"
"Pesticide Handlers, Sprayers, and Applicators, Vegetation",37-3012,29.5,32.5
Tree Trimmers and Pruners,37-3013,50.6,59.7
"Grounds Maintenance Workers, All Other",37-3019,18.2,19.9
Personal Care and Service Occupations,39-0000,"4,994.70","6,331.40"
Supervisors of Personal Care and Service Workers,39-1000,273.9,307.1
First-Line Supervisors of Gaming Workers,39-1010,55,58.6
Gaming Supervisors,39-1011,36.1,38.6
Slot Supervisors,39-1012,18.9,20
First-Line Supervisors of Personal Service Workers,39-1021,218.9,248.5
Animal Care and Service Workers,39-2000,234.9,288.9
Animal Trainers,39-2011,45.8,47.3
Nonfarm Animal Caretakers,39-2021,189.1,241.5
Entertainment Attendants and Related Workers,39-3000,559.6,637.1
Gaming Services Workers,39-3010,118.8,137.7
Gaming Dealers,39-3011,91,106.6
Gaming and Sports Book Writers and Runners,39-3012,15.3,17.2
"Gaming Service Workers, All Other",39-3019,12.4,14
Motion Picture Projectionists,39-3021,10.4,9.2
"Ushers, Lobby Attendants, and Ticket Takers",39-3031,109.1,120.2
Miscellaneous Entertainment Attendants and Related Workers,39-3090,321.4,370
Amusement and Recreation Attendants,39-3091,261.3,298.5
Costume Attendants,39-3092,5.5,6.1
"Locker Room, Coatroom, and Dressing Room Attendants",39-3093,17.6,20.2
"Entertainment Attendants and Related Workers, All Other",39-3099,37,45.3
Funeral Service Workers,39-4000,67.3,74.6
Embalmers,39-4011,7.1,7.4
Funeral Attendants,39-4021,31,32.6
"Funeral Service Managers, Directors, Morticians, and Undertakers",39-4831,29.3,34.6
Personal Appearance Workers,39-5000,845,971.3
"Barbers, Hairdressers, Hairstylists and Cosmetologists",39-5010,689.8,792.7
Barbers,39-5011,62.2,66.7
"Hairdressers, Hairstylists, and Cosmetologists",39-5012,627.7,726.1
Miscellaneous Personal Appearance Workers,39-5090,155.1,178.6
"Makeup Artists, Theatrical and Performance",39-5091,3.5,3.6
Manicurists and Pedicurists,39-5092,81.7,95.3
Shampooers,39-5093,22.3,20.3
Skincare Specialists,39-5094,47.6,59.3
"Baggage Porters, Bellhops, and Concierges",39-6000,66.3,74.4
Baggage Porters and Bellhops,39-6011,46,51.7
Concierges,39-6012,20.3,22.7
Tour and Travel Guides,39-7000,39.1,46.4
Tour Guides and Escorts,39-7011,34.9,41.2
Travel Guides,39-7012,4.2,5.2
Other Personal Care and Service Workers,39-9000,"2,908.60","3,931.60"
Childcare Workers,39-9011,"1,282.30","1,544.30"
Personal Care Aides,39-9021,861,"1,468.00"
Recreation and Fitness Workers,39-9030,590.5,715.2
Fitness Trainers and Aerobics Instructors,39-9031,251.4,311.8
Recreation Workers,39-9032,339.1,403.4
Residential Advisors,39-9041,72.6,90.7
"Personal Care and Service Workers, All Other",39-9099,102.3,113.5
Sales and Related Occupations,41-0000,"14,915.60","16,784.70"
Supervisors of Sales Workers,41-1000,"2,042.40","2,195.50"
First-Line Supervisors of Retail Sales Workers,41-1011,"1,619.50","1,755.50"
First-Line Supervisors of Non-Retail Sales Workers,41-1012,422.9,440
Retail Sales Workers,41-2000,"8,267.60","9,305.90"
Cashiers,41-2010,"3,382.60","3,630.40"
Cashiers,41-2011,"3,362.60","3,612.80"
Gaming Change Persons and Booth Cashiers,41-2012,20.1,17.6
Counter and Rental Clerks and Parts Salespersons,41-2020,623.4,707
Counter and Rental Clerks,41-2021,419.5,470.6
Parts Salespersons,41-2022,203.9,236.5
Retail Salespersons,41-2031,"4,261.60","4,968.40"
"Sales Representatives, Services",41-3000,"1,528.30","1,800.30"
Advertising Sales Agents,41-3011,160.4,181.3
Insurance Sales Agents,41-3021,411.5,501.7
"Securities, Commodities, and Financial Services Sales Agents",41-3031,312.2,359.7
Travel Agents,41-3041,82.8,91.1
"Sales Representatives, Services, All Other",41-3099,561.3,666.6
"Sales Representatives, Wholesale and Manufacturing",41-4000,"1,830.00","2,118.90"
"Sales Representatives, Wholesale and Manufacturing, Technical and Scientific Products",41-4011,400,465.5
"Sales Representatives, Wholesale and Manufacturing, Except Technical and Scientific Products",41-4012,"1,430.00","1,653.40"
Other Sales and Related Workers,41-9000,"1,247.30","1,364.00"
"Models, Demonstrators, and Product Promoters",41-9010,91.4,107.4
Demonstrators and Product Promoters,41-9011,90.1,105.8
Models,41-9012,1.4,1.6
Real Estate Brokers and Sales Agents,41-9020,466.1,518.6
Real Estate Brokers,41-9021,98.6,106.2
Real Estate Sales Agents,41-9022,367.5,412.5
Sales Engineers,41-9031,66.4,75.9
Telemarketers,41-9041,290.7,312.2
"Door-to-Door Sales Workers, News and Street Vendors, and Related Workers",41-9091,153.8,142.3
"Sales and Related Workers, All Other",41-9799,178.9,207.6
Office and Administrative Support Occupations,43-0000,"22,602.50","24,938.20"
Supervisors of Office and Administrative Support Workers,43-1000,"1,424.40","1,627.80"
First-Line Supervisors of Office and Administrative Support Workers,43-1011,"1,424.40","1,627.80"
Communications Equipment Operators,43-2000,164,127.8
"Switchboard Operators, Including Answering Service",43-2011,142.5,109.3
Telephone Operators,43-2021,18.5,15.4
"Communications Equipment Operators, All Other",43-2099,3,3.1
Financial Clerks,43-3000,"3,644.60","4,097.40"
Bill and Account Collectors,43-3011,401.7,458.9
Billing and Posting Clerks,43-3021,504.8,604.4
"Bookkeeping, Accounting, and Auditing Clerks",43-3031,"1,898.30","2,157.40"
Gaming Cage Workers,43-3041,15.9,13.9
Payroll and Timekeeping Clerks,43-3051,187,214.3
Procurement Clerks,43-3061,76.9,81.3
Tellers,43-3071,560,567.3
Information and Record Clerks,43-4000,"5,320.00","6,029.40"
Brokerage Clerks,43-4011,58,61.4
Correspondence Clerks,43-4021,10.2,9
"Court, Municipal, and License Clerks",43-4031,129.5,139.9
"Credit Authorizers, Checkers, and Clerks",43-4041,54.3,56.9
Customer Service Representatives,43-4051,"2,187.30","2,525.60"
"Eligibility Interviewers, Government Programs",43-4061,125.7,129.6
File Clerks,43-4071,185,176.2
"Hotel, Motel, and Resort Desk Clerks",43-4081,227.5,252.7
"Interviewers, Except Eligibility and Loan",43-4111,213.5,250.4
"Library Assistants, Clerical",43-4121,116.1,128
Loan Interviewers and Clerks,43-4131,182.5,176.8
New Accounts Clerks,43-4141,68,69.4
Order Clerks,43-4151,212.1,227.9
"Human Resources Assistants, Except Payroll and Timekeeping",43-4161,156.9,174.5
Receptionists and Information Clerks,43-4171,"1,048.50","1,297.00"
Reservation and Transportation Ticket Agents and Travel Clerks,43-4181,124.3,131.5
"Information and Record Clerks, All Other",43-4199,220.6,222.7
"Material Recording, Scheduling, Dispatching, and Distributing Workers",43-5000,"3,861.30","3,856.70"
Cargo and Freight Agents,43-5011,82.2,106.3
Couriers and Messengers,43-5021,116.2,130.8
Dispatchers,43-5030,285.3,331.4
"Police, Fire, and Ambulance Dispatchers",43-5031,100.1,111.8
"Dispatchers, Except Police, Fire, and Ambulance",43-5032,185.2,219.6
"Meter Readers, Utilities",43-5041,40.5,41
Postal Service Workers,43-5050,524.2,385.6
Postal Service Clerks,43-5051,65.6,34
Postal Service Mail Carriers,43-5052,316.7,278.5
"Postal Service Mail Sorters, Processors, and Processing Machine Operators",43-5053,142,73
"Production, Planning, and Expediting Clerks",43-5061,271,288.9
"Shipping, Receiving, and Traffic Clerks",43-5071,687.6,689.5
Stock Clerks and Order Fillers,43-5081,"1,787.40","1,808.30"
"Weighers, Measurers, Checkers, and Samplers, Recordkeeping",43-5111,66.9,74.9
Secretaries and Administrative Assistants,43-6000,"4,010.20","4,503.10"
Executive Secretaries and Executive Administrative Assistants,43-6011,"1,236.10","1,392.10"
Legal Secretaries,43-6012,233.2,241.4
Medical Secretaries,43-6013,508.7,718.9
"Secretaries and Administrative Assistants, Except Legal, Medical, and Executive",43-6014,"2,032.20","2,150.80"
Other Office and Administrative Support Workers,43-9000,"4,178.10","4,696.00"
Computer Operators,43-9011,86.4,78.9
Data Entry and Information Processing Workers,43-9020,350,320.9
Data Entry Keyers,43-9021,234.7,218.8
Word Processors and Typists,43-9022,115.3,102.1
Desktop Publishers,43-9031,22.6,19.2
Insurance Claims and Policy Processing Clerks,43-9041,248.1,269.7
"Mail Clerks and Mail Machine Operators, Except Postal Service",43-9051,126.3,141.6
"Office Clerks, General",43-9061,"2,950.70","3,440.20"
"Office Machine Operators, Except Computer",43-9071,69.8,63
Proofreaders and Copy Markers,43-9081,14,14.7
Statistical Assistants,43-9111,16.6,17.6
"Office and Administrative Support Workers, All Other",43-9799,293.6,330.1
"Farming, Fishing, and Forestry Occupations",45-0000,972.1,952.6
"Supervisors of Farming, Fishing, and Forestry Workers",45-1000,47,46.3
"First-Line Supervisors of Farming, Fishing, and Forestry Workers",45-1011,47,46.3
Agricultural Workers,45-2000,825.5,806.4
Agricultural Inspectors,45-2011,19.3,19.6
Animal Breeders,45-2021,11.5,10.7
"Graders and Sorters, Agricultural Products",45-2041,48.2,48.8
Miscellaneous Agricultural Workers,45-2090,746.4,727.3
Fishing and Hunting Workers,45-3000,32.6,30.6
Fishers and Related Fishing Workers,45-3011,32,30
"Forest, Conservation, and Logging Workers",45-4000,67,69.4
Forest and Conservation Workers,45-4011,13.7,13.9
Logging Workers,45-4020,53.2,55.5
Fallers,45-4021,9.6,9.9
Logging Equipment Operators,45-4022,35.1,36.4
Log Graders and Scalers,45-4023,3.8,4.3
"Logging Workers, All Other",45-4029,4.8,4.9
Construction and Extraction Occupations,47-0000,"6,328.00","7,735.20"
Supervisors of Construction and Extraction Workers,47-1000,558.5,689.5
First-Line Supervisors of Construction Trades and Extraction Workers,47-1011,558.5,689.5
Construction Trades Workers,47-2000,"4,864.90","5,960.50"
Boilermakers,47-2011,19.8,24
"Brickmasons, Blockmasons, and Stonemasons",47-2020,104.8,146.7
Brickmasons and Blockmasons,47-2021,89.2,125.3
Stonemasons,47-2022,15.6,21.4
Carpenters,47-2031,"1,001.70","1,197.60"
"Carpet, Floor, and Tile Installers and Finishers",47-2040,134.5,157.5
Carpet Installers,47-2041,47.5,52.4
"Floor Layers, Except Carpet, Wood, and Hard Tiles",47-2042,17.6,18.8
Floor Sanders and Finishers,47-2043,10.7,12.6
Tile and Marble Setters,47-2044,58.7,73.7
"Cement Masons, Concrete Finishers, and Terrazzo Workers",47-2050,148.4,199.1
Cement Masons and Concrete Finishers,47-2051,144.7,194.8
Terrazzo Workers and Finishers,47-2053,3.7,4.3
Construction Laborers,47-2061,998.8,"1,211.20"
Construction Equipment Operators,47-2070,404.9,499.6
"Paving, Surfacing, and Tamping Equipment Operators",47-2071,51.6,63
Pile-Driver Operators,47-2072,4.1,5.6
Operating Engineers and Other Construction Equipment Operators,47-2073,349.1,431
"Drywall Installers, Ceiling Tile Installers, and Tapers",47-2080,129.6,166.9
Drywall and Ceiling Tile Installers,47-2081,106.7,136
Tapers,47-2082,22.9,30.9
Electricians,47-2111,577,710.6
Glaziers,47-2121,41.9,59.6
Insulation Workers,47-2130,51.4,65.8
"Insulation Workers, Floor, Ceiling, and Wall",47-2131,23.2,28.6
"Insulation Workers, Mechanical",47-2132,28.3,37.3
Painters and Paperhangers,47-2140,399.6,472.6
"Painters, Construction and Maintenance",47-2141,390.5,462.7
Paperhangers,47-2142,9.1,10
"Pipelayers, Plumbers, Pipefitters, and Steamfitters",47-2150,473,594.1
Pipelayers,47-2151,53.1,66.6
"Plumbers, Pipefitters, and Steamfitters",47-2152,419.9,527.5
Plasterers and Stucco Masons,47-2161,27.9,32.7
Reinforcing Iron and Rebar Workers,47-2171,19.1,28.4
Roofers,47-2181,136.7,161.1
Sheet Metal Workers,47-2211,136.1,160
Structural Iron and Steel Workers,47-2221,59.8,72.9
"Helpers, Construction Trades",47-3000,251.4,353.2
"Helpers--Brickmasons, Blockmasons, Stonemasons, and Tile and Marble Setters",47-3011,29.4,47
Helpers--Carpenters,47-3012,46.5,72.4
Helpers--Electricians,47-3013,73.5,96
"Helpers--Painters, Paperhangers, Plasterers, and Stucco Masons",47-3014,11.9,14.5
"Helpers--Pipelayers, Plumbers, Pipefitters, and Steamfitters",47-3015,57.9,84.2
Helpers--Roofers,47-3016,12.7,13.9
"Helpers, Construction Trades, All Other",47-3019,19.6,25.2
Other Construction and Related Workers,47-4000,428,491.3
Construction and Building Inspectors,47-4011,102.4,120.8
Elevator Installers and Repairers,47-4021,19.9,22.2
Fence Erectors,47-4031,32.1,39.7
Hazardous Materials Removal Workers,47-4041,38.1,46.9
Highway Maintenance Workers,47-4051,148.5,160.7
Rail-Track Laying and Maintenance Equipment Operators,47-4061,15,15.3
Septic Tank Servicers and Sewer Pipe Cleaners,47-4071,25.3,30.6
Miscellaneous Construction and Related Workers,47-4090,1.3,1.8
Segmental Pavers,47-4091,1.3,1.8
"Construction and Related Workers, All Other",47-4799,45.3,53.4
Extraction Workers,47-5000,225.1,240.6
"Derrick, Rotary Drill, and Service Unit Operators, Oil, Gas, and Mining",47-5010,82.1,89
"Derrick Operators, Oil and Gas",47-5011,18.9,20.7
"Rotary Drill Operators, Oil and Gas",47-5012,22.5,24.1
"Service Unit Operators, Oil, Gas, and Mining",47-5013,40.7,44.2
"Earth Drillers, Except Oil and Gas",47-5021,17.8,20.3
"Explosives Workers, Ordnance Handling Experts, and Blasters",47-5031,6.8,6.8
Mining Machine Operators,47-5040,24.3,24.5
Continuous Mining Machine Operators,47-5041,13.9,13.9
Mine Cutting and Channeling Machine Operators,47-5042,7,7.1
"Mining Machine Operators, All Other",47-5049,3.4,3.4
"Rock Splitters, Quarry",47-5051,3.5,4
"Roof Bolters, Mining",47-5061,5.7,5.8
"Roustabouts, Oil and Gas",47-5071,52.7,57.1
Helpers--Extraction Workers,47-5081,24.6,26
"Extraction Workers, All Other",47-5099,7.5,7.3
"Installation, Maintenance, and Repair Occupations",49-0000,"5,428.60","6,228.70"
"Supervisors of Installation, Maintenance, and Repair Workers",49-1000,431.2,482.6
"First-Line Supervisors of Mechanics, Installers, and Repairers",49-1011,431.2,482.6
"Electrical and Electronic Equipment Mechanics, Installers, and Repairers",49-2000,611.2,683.1
"Computer, Automated Teller, and Office Machine Repairers",49-2011,146.2,155.8
Radio and Telecommunications Equipment Installers and Repairers,49-2020,204.8,236.1
"Radio, Cellular, and Tower Equipment Installers and Repairs",49-2021,9.9,12.8
"Telecommunications Equipment Installers and Repairers, Except Line Installers",49-2022,194.9,223.3
"Miscellaneous Electrical and Electronic Equipment Mechanics, Installers, and Repairers",49-2090,260.2,291.2
Avionics Technicians,49-2091,18.6,19.8
"Electric Motor, Power Tool, and Related Repairers",49-2092,19.8,20.8
"Electrical and Electronics Installers and Repairers, Transportation Equipment",49-2093,12.7,13
"Electrical and Electronics Repairers, Commercial and Industrial Equipment",49-2094,69.1,69.9
"Electrical and Electronics Repairers, Powerhouse, Substation, and Relay",49-2095,23.4,24.6
"Electronic Equipment Installers and Repairers, Motor Vehicles",49-2096,16,16.4
Electronic Home Entertainment Equipment Installers and Repairers,49-2097,36.8,41.9
Security and Fire Alarm Systems Installers,49-2098,63.8,84.8
"Vehicle and Mobile Equipment Mechanics, Installers, and Repairers",49-3000,"1,627.10","1,894.30"
Aircraft Mechanics and Service Technicians,49-3011,123.8,131.6
Automotive Technicians and Repairers,49-3020,894.3,"1,051.80"
Automotive Body and Related Repairers,49-3021,152.9,181.1
Automotive Glass Installers and Repairers,49-3022,18.1,22.6
Automotive Service Technicians and Mechanics,49-3023,723.4,848.2
Bus and Truck Mechanics and Diesel Engine Specialists,49-3031,242.2,277.4
Heavy Vehicle and Mobile Equipment Service Technicians and Mechanics,49-3040,179.2,207.5
Farm Equipment Mechanics and Service Technicians,49-3041,32.9,37.3
"Mobile Heavy Equipment Mechanics, Except Engines",49-3042,124.6,144.8
Rail Car Repairers,49-3043,21.7,25.4
Small Engine Mechanics,49-3050,68.8,83.1
Motorboat Mechanics and Service Technicians,49-3051,20.8,25
Motorcycle Mechanics,49-3052,18,22.2
Outdoor Power Equipment and Other Small Engine Mechanics,49-3053,30.1,35.8
"Miscellaneous Vehicle and Mobile Equipment Mechanics, Installers, and Repairers",49-3090,118.8,143
Bicycle Repairers,49-3091,9.9,13.6
Recreational Vehicle Service Technicians,49-3092,9.9,12.1
Tire Repairers and Changers,49-3093,99,117.3
"Other Installation, Maintenance, and Repair Occupations",49-9000,"2,759.00","3,168.70"
Control and Valve Installers and Repairers,49-9010,56.6,59.8
Mechanical Door Repairers,49-9011,12.8,16
"Control and Valve Installers and Repairers, Except Mechanical Door",49-9012,43.8,43.8
"Heating, Air Conditioning, and Refrigeration Mechanics and Installers",49-9021,267.8,358.1
Home Appliance Repairers,49-9031,47.7,50.8
"Industrial Machinery Installation, Repair, and Maintenance Workers",49-9040,395.6,460.5
Industrial Machinery Mechanics,49-9041,287.1,349
"Maintenance Workers, Machinery",49-9043,69.9,74.4
Millwrights,49-9044,36.5,34.8
"Refractory Materials Repairers, Except Brickmasons",49-9045,2.1,2.3
Line Installers and Repairers,49-9050,269.1,305.3
Electrical Power-Line Installers and Repairers,49-9051,108.4,122.8
Telecommunications Line Installers and Repairers,49-9052,160.6,182.5
Precision Instrument and Equipment Repairers,49-9060,65,78.9
Camera and Photographic Equipment Repairers,49-9061,3.3,3.6
Medical Equipment Repairers,49-9062,37.9,49.9
Musical Instrument Repairers and Tuners,49-9063,6.3,6.4
Watch Repairers,49-9064,2.5,2.7
"Precision Instrument and Equipment Repairers, All Other",49-9069,15,16.4
"Maintenance and Repair Workers, General",49-9071,"1,289.00","1,431.00"
"Miscellaneous Installation, Maintenance, and Repair Workers",49-9090,224.6,264
"Coin, Vending, and Amusement Machine Servicers and Repairers",49-9091,39.1,47.7
Commercial Divers,49-9092,3.8,4.4
"Fabric Menders, Except Garment",49-9093,0.8,0.8
Locksmiths and Safe Repairers,49-9094,25.7,30.3
Manufactured Building and Mobile Home Installers,49-9095,7.8,8.9
Riggers,49-9096,15.2,16.8
Signal and Track Switch Repairers,49-9097,7.1,7
"Helpers--Installation, Maintenance, and Repair Workers",49-9098,125,148.1
"Installation, Maintenance, and Repair Workers, All Other",49-9799,143.6,160.3
Production Occupations,51-0000,"8,594.40","8,951.20"
Supervisors of Production Workers,51-1000,588.5,599.4
First-Line Supervisors of Production and Operating Workers,51-1011,588.5,599.4
Assemblers and Fabricators,51-2000,"1,626.50","1,714.50"
"Aircraft Structure, Surfaces, Rigging, and Systems Assemblers",51-2011,36.3,41.5
"Electrical, Electronics, and Electromechanical Assemblers",51-2020,247.4,235
"Coil Winders, Tapers, and Finishers",51-2021,15.1,12.7
Electrical and Electronic Equipment Assemblers,51-2022,182.9,172.4
Electromechanical Equipment Assemblers,51-2023,49.4,49.8
Engine and Other Machine Assemblers,51-2031,33.7,35.5
Structural Metal Fabricators and Fitters,51-2041,80.9,93.7
Miscellaneous Assemblers and Fabricators,51-2090,"1,228.10","1,308.80"
Fiberglass Laminators and Fabricators,51-2091,19.4,19.1
Team Assemblers,51-2092,952.6,"1,004.90"
Timing Device Assemblers and Adjusters,51-2093,1.6,1.6
"Assemblers and Fabricators, All Other",51-2099,254.5,283.2
Food Processing Workers,51-3000,681.2,731.9
Bakers,51-3011,149.8,153.3
"Butchers and Other Meat, Poultry, and Fish Processing Workers",51-3020,382,425.3
Butchers and Meat Cutters,51-3021,126.8,136.8
"Meat, Poultry, and Fish Cutters and Trimmers",51-3022,166.1,192
Slaughterers and Meat Packers,51-3023,89.1,96.5
Miscellaneous Food Processing Workers,51-3090,149.4,153.3
"Food and Tobacco Roasting, Baking, and Drying Machine Operators and Tenders",51-3091,18.4,19.9
Food Batchmakers,51-3092,98.7,99.4
Food Cooking Machine Operators and Tenders,51-3093,32.3,34
Metal Workers and Plastic Workers,51-4000,"1,763.80","1,903.10"
Computer Control Programmers and Operators,51-4010,141.6,167.4
"Computer-Controlled Machine Tool Operators, Metal and Plastic",51-4011,125.1,149
"Computer Numerically Controlled Machine Tool Programmers, Metal and Plastic",51-4012,16.6,18.3
"Forming Machine Setters, Operators, and Tenders, Metal and Plastic",51-4020,131.2,140.9
"Extruding and Drawing Machine Setters, Operators, and Tenders, Metal and Plastic",51-4021,76.5,82.9
"Forging Machine Setters, Operators, and Tenders, Metal and Plastic",51-4022,22.5,23.2
"Rolling Machine Setters, Operators, and Tenders, Metal and Plastic",51-4023,32.2,34.8
"Machine Tool Cutting Setters, Operators, and Tenders, Metal and Plastic",51-4030,342,344.7
"Cutting, Punching, and Press Machine Setters, Operators, and Tenders, Metal and Plastic",51-4031,183.9,188.5
"Drilling and Boring Machine Tool Setters, Operators, and Tenders, Metal and Plastic",51-4032,22.7,21.1
"Grinding, Lapping, Polishing, and Buffing Machine Tool Setters, Operators, and Tenders, Metal and Plastic",51-4033,72.6,73.6
"Lathe and Turning Machine Tool Setters, Operators, and Tenders, Metal and Plastic",51-4034,41.9,39.9
"Milling and Planing Machine Setters, Operators, and Tenders, Metal and Plastic",51-4035,20.8,21.6
Machinists,51-4041,370.4,401.9
"Metal Furnace Operators, Tenders, Pourers, and Casters",51-4050,27.1,30.2
Metal-Refining Furnace Operators and Tenders,51-4051,15.6,18.2
"Pourers and Casters, Metal",51-4052,11.5,12
"Model Makers and Patternmakers, Metal and Plastic",51-4060,10.7,10.1
"Model Makers, Metal and Plastic",51-4061,6.2,5.7
"Patternmakers, Metal and Plastic",51-4062,4.5,4.4
"Molders and Molding Machine Setters, Operators, and Tenders, Metal and Plastic",51-4070,125.4,132.4
Foundry Mold and Coremakers,51-4071,10.2,11.3
"Molding, Coremaking, and Casting Machine Setters, Operators, and Tenders, Metal and Plastic",51-4072,115.2,121
"Multiple Machine Tool Setters, Operators, and Tenders, Metal and Plastic",51-4081,70.4,73
Tool and Die Makers,51-4111,67.7,66.1
"Welding, Soldering, and Brazing Workers",51-4120,378.8,432.3
"Welders, Cutters, Solderers, and Brazers",51-4121,337.3,388
"Welding, Soldering, and Brazing Machine Setters, Operators, and Tenders",51-4122,41.5,44.2
Miscellaneous Metal Workers and Plastic Workers,51-4190,98.6,104.2
"Heat Treating Equipment Setters, Operators, and Tenders, Metal and Plastic",51-4191,18.6,18.8
"Layout Workers, Metal and Plastic",51-4192,8.9,10.1
"Plating and Coating Machine Setters, Operators, and Tenders, Metal and Plastic",51-4193,31.2,34.1
"Tool Grinders, Filers, and Sharpeners",51-4194,13.1,14
"Metal Workers and Plastic Workers, All Other",51-4199,26.8,27.2
Printing Workers,51-5100,304.6,292
Prepress Technicians and Workers,51-5111,50.8,42.8
Printing Press Operators,51-5112,200.1,197.2
Print Binding and Finishing Workers,51-5113,53.7,52
"Textile, Apparel, and Furnishings Workers",51-6000,681.8,616.3
Laundry and Dry-Cleaning Workers,51-6011,225.2,226.8
"Pressers, Textile, Garment, and Related Materials",51-6021,57.8,51
Sewing Machine Operators,51-6031,163.2,121.1
Shoe and Leather Workers,51-6040,13.3,10.3
Shoe and Leather Workers and Repairers,51-6041,10.2,8.8
Shoe Machine Operators and Tenders,51-6042,3.2,1.5
"Tailors, Dressmakers, and Sewers",51-6050,57.5,57.9
"Sewers, Hand",51-6051,10.4,9.8
"Tailors, Dressmakers, and Custom Sewers",51-6052,47.2,48.1
"Textile Machine Setters, Operators, and Tenders",51-6060,80.3,67.3
Textile Bleaching and Dyeing Machine Operators and Tenders,51-6061,13.9,11.8
"Textile Cutting Machine Setters, Operators, and Tenders",51-6062,14.9,11.7
"Textile Knitting and Weaving Machine Setters, Operators, and Tenders",51-6063,22.5,18.4
"Textile Winding, Twisting, and Drawing Out Machine Setters, Operators, and Tenders",51-6064,29,25.4
"Miscellaneous Textile, Apparel, and Furnishings Workers",51-6090,84.3,81.9
"Extruding and Forming Machine Setters, Operators, and Tenders, Synthetic and Glass Fibers",51-6091,14.7,14.4
Fabric and Apparel Patternmakers,51-6092,6,3.9
Upholsterers,51-6093,46.9,48.9
"Textile, Apparel, and Furnishings Workers, All Other",51-6099,16.7,14.7
Woodworkers,51-7000,235,275.2
Cabinetmakers and Bench Carpenters,51-7011,97,113.3
Furniture Finishers,51-7021,20.6,21.8
"Model Makers and Patternmakers, Wood",51-7030,2.9,3.1
"Model Makers, Wood",51-7031,1.6,1.8
"Patternmakers, Wood",51-7032,1.2,1.3
"Woodworking Machine Setters, Operators, and Tenders",51-7040,99.6,121.5
"Sawing Machine Setters, Operators, and Tenders, Wood",51-7041,39,48.6
"Woodworking Machine Setters, Operators, and Tenders, Except Sawing",51-7042,60.6,72.9
"Woodworkers, All Other",51-7099,14.9,15.5
Plant and System Operators,51-8000,316.7,318.4
"Power Plant Operators, Distributors, and Dispatchers",51-8010,55.9,54.8
Nuclear Power Reactor Operators,51-8011,5.2,5.3
Power Distributors and Dispatchers,51-8012,10.3,10
Power Plant Operators,51-8013,40.5,39.5
Stationary Engineers and Boiler Operators,51-8021,37.6,40
Water and Wastewater Treatment Plant and System Operators,51-8031,110.7,123.6
Miscellaneous Plant and System Operators,51-8090,112.5,100.1
Chemical Plant and System Operators,51-8091,43.3,38
Gas Plant Operators,51-8092,13.7,12.8
"Petroleum Pump System Operators, Refinery Operators, and Gaugers",51-8093,44.2,38
"Plant and System Operators, All Other",51-8099,11.3,11.3
Other Production Occupations,51-9000,"2,396.20","2,500.30"
"Chemical Processing Machine Setters, Operators, and Tenders",51-9010,85.7,84.1
Chemical Equipment Operators and Tenders,51-9011,47.4,43.8
"Separating, Filtering, Clarifying, Precipitating, and Still Machine Setters, Operators, and Tenders",51-9012,38.4,40.3
"Crushing, Grinding, Polishing, Mixing, and Blending Workers",51-9020,185.9,187
"Crushing, Grinding, and Polishing Machine Setters, Operators, and Tenders",51-9021,33.4,35.1
"Grinding and Polishing Workers, Hand",51-9022,27.9,30
"Mixing and Blending Machine Setters, Operators, and Tenders",51-9023,124.6,121.9
Cutting Workers,51-9030,78.8,77.7
"Cutters and Trimmers, Hand",51-9031,17.4,16.4
"Cutting and Slicing Machine Setters, Operators, and Tenders",51-9032,61.4,61.3
"Extruding, Forming, Pressing, and Compacting Machine Setters, Operators, and Tenders",51-9041,65.4,66.7
"Furnace, Kiln, Oven, Drier, and Kettle Operators and Tenders",51-9051,20.4,20.6
"Inspectors, Testers, Sorters, Samplers, and Weighers",51-9061,416.1,449.4
Jewelers and Precious Stone and Metal Workers,51-9071,39.2,37.1
"Medical, Dental, and Ophthalmic Laboratory Technicians",51-9080,84.8,89.5
Dental Laboratory Technicians,51-9081,40.9,41.2
Medical Appliance Technicians,51-9082,14.2,14.7
Ophthalmic Laboratory Technicians,51-9083,29.8,33.6
Packaging and Filling Machine Operators and Tenders,51-9111,337.2,350.1
Painting Workers,51-9120,155.2,169
"Coating, Painting, and Spraying Machine Setters, Operators, and Tenders",51-9121,83.6,88.7
"Painters, Transportation Equipment",51-9122,46.2,50.6
"Painting, Coating, and Decorating Workers",51-9123,25.3,29.7
Semiconductor Processors,51-9141,21.1,17.3
Photographic Process Workers and Processing Machine Operators,51-9151,58.7,54.2
Miscellaneous Production Workers,51-9190,597.4,629.5
Adhesive Bonding Machine Operators and Tenders,51-9191,15.1,15.7
"Cleaning, Washing, and Metal Pickling Equipment Operators and Tenders",51-9192,17.7,17.9
Cooling and Freezing Equipment Operators and Tenders,51-9193,8.9,9
Etchers and Engravers,51-9194,10.9,10.6
"Molders, Shapers, and Casters, Except Metal and Plastic",51-9195,43.4,46.8
"Paper Goods Machine Setters, Operators, and Tenders",51-9196,90.9,85.3
Tire Builders,51-9197,15.5,14.6
Helpers--Production Workers,51-9198,395.1,429.5
"Production Workers, All Other",51-9399,250.4,268.1
Transportation and Material Moving Occupations,53-0000,"9,004.80","10,333.40"
Supervisors of Transportation and Material Moving Workers,53-1000,372.4,447.5
Aircraft Cargo Handling Supervisors,53-1011,6.3,7.6
"First-Line Supervisors of Helpers, Laborers, and Material Movers, Hand",53-1021,167.4,212.9
First-Line Supervisors of Transportation and Material-Moving Machine and Vehicle Operators,53-1031,198.7,227.1
Air Transportation Workers,53-2000,227.9,238.9
Aircraft Pilots and Flight Engineers,53-2010,103.5,114.9
"Airline Pilots, Copilots, and Flight Engineers",53-2011,70.8,75.3
Commercial Pilots,53-2012,32.7,39.7
Air Traffic Controllers and Airfield Operations Specialists,53-2020,33.9,33.6
Air Traffic Controllers,53-2021,27,26.2
Airfield Operations Specialists,53-2022,6.9,7.5
Flight Attendants,53-2031,90.5,90.3
Motor Vehicle Operators,53-3000,"3,838.70","4,479.80"
"Ambulance Drivers and Attendants, Except Emergency Medical Technicians",53-3011,19.6,25.9
Bus Drivers,53-3020,647.2,730.2
"Bus Drivers, Transit and Intercity",53-3021,186.3,213.8
"Bus Drivers, School or Special Client",53-3022,460.9,516.4
Driver/Sales Workers and Truck Drivers,53-3030,"2,867.40","3,365.00"
Driver/Sales Workers,53-3031,406.6,448.5
Heavy and Tractor-Trailer Truck Drivers,53-3032,"1,604.80","1,934.90"
Light Truck or Delivery Services Drivers,53-3033,856,981.6
Taxi Drivers and Chauffeurs,53-3041,239.9,286.9
"Motor Vehicle Operators, All Other",53-3099,64.6,71.7
Rail Transportation Workers,53-4000,117.5,120.7
Locomotive Engineers and Operators,53-4010,45.4,46.8
Locomotive Engineers,53-4011,38.7,40.4
Locomotive Firers,53-4012,1.1,1
"Rail Yard Engineers, Dinkey Operators, and Hostlers",53-4013,5.6,5.4
"Railroad Brake, Signal, and Switch Operators",53-4021,21.7,20.8
Railroad Conductors and Yardmasters,53-4031,40.8,42.7
Subway and Streetcar Operators,53-4041,6.5,7.1
"Rail Transportation Workers, All Other",53-4099,3.1,3.2
Water Transportation Workers,53-5000,82.6,99.3
Sailors and Marine Oilers,53-5011,33.4,40.5
Ship and Boat Captains and Operators,53-5020,39.1,46.9
"Captains, Mates, and Pilots of Water Vessels",53-5021,36.1,43.4
Motorboat Operators,53-5022,3.1,3.5
Ship Engineers,53-5031,10.1,11.9
Other Transportation Workers,53-6000,307.5,336.4
Bridge and Lock Tenders,53-6011,3.5,3.4
Parking Lot Attendants,53-6021,125.1,122.9
Automotive and Watercraft Service Attendants,53-6031,86.3,105.5
Traffic Technicians,53-6041,6.9,7.7
Transportation Inspectors,53-6051,27.4,31.4
"Transportation Attendants, Except Flight Attendants",53-6061,24.8,27.6
"Transportation Workers, All Other",53-6099,33.4,37.8
Material Moving Workers,53-7000,"4,058.20","4,610.80"
Conveyor Operators and Tenders,53-7011,36.3,40.5
Crane and Tower Operators,53-7021,40.1,46.4
"Dredge, Excavating, and Loading Machine Operators",53-7030,67.6,78.4
Dredge Operators,53-7031,2.1,2.4
Excavating and Loading Machine and Dragline Operators,53-7032,61.5,72.2
"Loading Machine Operators, Underground Mining",53-7033,3.9,3.8
Hoist and Winch Operators,53-7041,2.8,3
Industrial Truck and Tractor Operators,53-7051,522.2,583.8
"Laborers and Material Movers, Hand",53-7060,"3,175.50","3,612.80"
Cleaners of Vehicles and Equipment,53-7061,310.6,370.8
"Laborers and Freight, Stock, and Material Movers, Hand",53-7062,"2,068.20","2,387.30"
Machine Feeders and Offbearers,53-7063,119.4,119.6
"Packers and Packagers, Hand",53-7064,677.3,735.2
Pumping Station Operators,53-7070,30.4,31.1
Gas Compressor and Gas Pumping Station Operators,53-7071,4.5,4.1
"Pump Operators, Except Wellhead Pumpers",53-7072,10.8,11.2
Wellhead Pumpers,53-7073,15.1,15.8
Refuse and Recyclable Material Collectors,53-7081,139.9,168.1
Mine Shuttle Car Operators,53-7111,3.1,2.9
"Tank Car, Truck, and Ship Loaders",53-7121,10.4,10.6
"Material Moving Workers, All Other",53-7199,29.8,33.2
