title,soc2018,emp2019,emp2029,medwage_2019
Advertising and promotions managers ,11-2011,28.60 ,28.30 ,125510.00 
Marketing managers ,11-2021,286.30 ,305.40 ,136850.00 
Sales managers ,11-2022,433.80 ,449.20 ,126640.00 
Public relations and fundraising managers,11-2030,88.00 ,96.10 ,116180.00 
Administrative services and facilities managers,11-3010,325.90 ,347.00 ,96940.00 
Computer and information systems managers ,11-3021,461.00 ,509.20 ,146360.00 
Financial managers ,11-3031,697.90 ,806.00 ,129890.00 
Industrial production managers ,11-3051,190.10 ,191.90 ,105480.00 
Purchasing managers ,11-3061,76.90 ,78.90 ,121110.00 
"Transportation, storage, and distribution managers ",11-3071,139.40 ,144.30 ,94560.00 
Compensation and benefits managers ,11-3111,18.00 ,18.40 ,122270.00 
Human resources managers ,11-3121,165.20 ,175.60 ,116720.00 
Training and development managers ,11-3131,42.30 ,45.40 ,113350.00 
"Farmers, ranchers, and other agricultural managers ",11-9013,952.30 ,890.60 ,71160.00 
Construction managers ,11-9021,476.70 ,517.10 ,95260.00 
"Education and childcare administrators, preschool and daycare ",11-9031,69.20 ,69.90 ,48210.00 
"Education administrators, kindergarten through secondary ",11-9032,283.20 ,294.40 ,96400.00 
"Education administrators, postsecondary ",11-9033,190.50 ,197.60 ,95410.00 
"Education administrators, all other",11-9039,52.10 ,56.40 ,85450.00 
Architectural and engineering managers ,11-9041,198.10 ,203.20 ,144830.00 
Food service managers ,11-9051,352.60 ,354.80 ,55320.00 
Gambling managers ,11-9071,5.10 ,5.60 ,74970.00 
Lodging managers ,11-9081,57.20 ,50.60 ,54430.00 
Medical and health services managers ,11-9111,422.30 ,555.50 ,100980.00 
Natural sciences managers ,11-9121,71.40 ,74.80 ,129100.00 
Postmasters and mail superintendents ,11-9131,13.40 ,10.50 ,76900.00 
"Property, real estate, and community association managers ",11-9141,367.90 ,368.70 ,58760.00 
Social and community service managers ,11-9151,175.50 ,205.40 ,67150.00 
Emergency management directors ,11-9161,10.40 ,10.90 ,74590.00 
Funeral home managers,11-9171,28.60 ,26.90 ,76350.00 
"Personal service managers, all other; entertainment and recreation managers, except gambling; and managers, all other",11-9198,1189.20 ,1167.50 ,110630.00 
Chief executives ,11-1011,287.90 ,259.10 ,184460.00 
General and operations managers ,11-1021,2486.40 ,2630.20 ,100780.00 
Legislators ,11-1031,53.70 ,57.00 ,29270.00 
"Agents and business managers of artists, performers, and athletes ",13-1011,21.90 ,24.40 ,73740.00 
Buyers and purchasing agents,13-1020,449.30 ,409.70 ,64380.00 
"Claims adjusters, examiners, and investigators ",13-1031,332.90 ,311.50 ,66790.00 
"Insurance appraisers, auto damage ",13-1032,15.90 ,15.30 ,63270.00 
Compliance officers ,13-1041,337.60 ,353.20 ,69050.00 
Cost estimators ,13-1051,214.20 ,211.00 ,65250.00 
Human resources specialists ,13-1071,666.50 ,713.50 ,61920.00 
Farm labor contractors ,13-1074,0.80 ,0.90 ,61910.00 
Labor relations specialists ,13-1075,78.90 ,73.50 ,69020.00 
Logisticians ,13-1081,188.20 ,196.40 ,74750.00 
Management analysts ,13-1111,876.30 ,970.20 ,85260.00 
"Meeting, convention, and event planners ",13-1121,138.60 ,149.50 ,50600.00 
Fundraisers ,13-1131,100.60 ,115.00 ,57970.00 
"Compensation, benefits, and job analysis specialists ",13-1141,94.40 ,101.80 ,64560.00 
Training and development specialists ,13-1151,327.90 ,356.10 ,61210.00 
Market research analysts and marketing specialists ,13-1161,738.10 ,868.40 ,63790.00 
"Project management specialists and business operations specialists, all other",13-1198,1361.80 ,1441.60 ,73570.00 
Accountants and auditors ,13-2011,1436.10 ,1497.90 ,71550.00 
Property appraisers and assessors,13-2020,75.10 ,77.30 ,57010.00 
Budget analysts ,13-2031,55.40 ,57.30 ,76540.00 
Credit analysts ,13-2041,74.90 ,71.20 ,73650.00 
Personal financial advisors ,13-2052,263.00 ,274.60 ,87850.00 
Insurance underwriters ,13-2053,114.70 ,107.60 ,70020.00 
Financial examiners ,13-2061,66.90 ,71.80 ,81090.00 
Credit counselors ,13-2071,35.60 ,38.30 ,45950.00 
Loan officers ,13-2072,316.90 ,327.00 ,63270.00 
"Tax examiners and collectors, and revenue agents ",13-2081,57.60 ,55.30 ,54890.00 
Tax preparers ,13-2082,88.40 ,87.90 ,43080.00 
"Financial and investment analysts, financial risk specialists, and financial specialists, all other",13-2098,487.80 ,514.60 ,81590.00 
Computer systems analysts,15-1211,632.40 ,679.00 ,90920.00 
Information security analysts,15-1212,131.00 ,171.90 ,99730.00 
Computer and information research scientists,15-1221,32.70 ,37.70 ,122840.00 
Computer network support specialists,15-1231,195.10 ,207.70 ,63460.00 
Computer user support specialists,15-1232,687.20 ,741.90 ,52270.00 
Computer network architects,15-1241,160.10 ,168.10 ,112690.00 
Network and computer systems administrators,15-1244,373.90 ,389.90 ,83510.00 
Database administrators and architects,15-1245,132.50 ,145.30 ,93750.00 
Computer programmers,15-1251,213.90 ,193.80 ,86550.00 
Software developers and software quality assurance analysts and testers,15-1256,1469.20 ,1785.20 ,107510.00 
Web developers and digital interface designers,15-1257,174.30 ,188.30 ,73760.00 
"Computer occupations, all other",15-1299,431.10 ,455.80 ,88550.00 
Actuaries ,15-2011,27.70 ,32.60 ,108350.00 
Mathematicians ,15-2021,2.90 ,3.00 ,105030.00 
Operations research analysts ,15-2031,105.10 ,131.30 ,84810.00 
Statisticians ,15-2041,42.70 ,57.50 ,91160.00 
"Data scientists and mathematical science occupations, all other",15-2098,33.20 ,43.40 ,94280.00 
"Architects, except landscape and naval ",17-1011,129.90 ,130.90 ,80750.00 
Landscape architects ,17-1012,24.50 ,23.90 ,69360.00 
Cartographers and photogrammetrists ,17-1021,12.00 ,12.50 ,65470.00 
Surveyors ,17-1022,48.00 ,48.70 ,63420.00 
Aerospace engineers ,17-2011,66.40 ,68.20 ,116500.00 
Agricultural engineers ,17-2021,1.70 ,1.70 ,80720.00 
Bioengineers and biomedical engineers ,17-2031,21.20 ,22.20 ,91410.00 
Chemical engineers ,17-2041,32.60 ,34.00 ,108770.00 
Civil engineers ,17-2051,329.20 ,334.70 ,87060.00 
Computer hardware engineers ,17-2061,71.10 ,72.20 ,117220.00 
Electrical engineers ,17-2071,193.10 ,202.10 ,98530.00 
"Electronics engineers, except computer ",17-2072,134.90 ,136.80 ,105570.00 
Environmental engineers ,17-2081,55.80 ,57.60 ,88860.00 
"Health and safety engineers, except mining safety engineers and inspectors ",17-2111,26.40 ,27.50 ,91410.00 
Industrial engineers ,17-2112,295.80 ,325.80 ,88020.00 
Marine engineers and naval architects ,17-2121,11.80 ,12.00 ,92400.00 
Materials engineers ,17-2131,27.50 ,27.90 ,93360.00 
Mechanical engineers ,17-2141,316.30 ,328.70 ,88430.00 
"Mining and geological engineers, including mining safety engineers ",17-2151,6.30 ,6.60 ,91160.00 
Nuclear engineers ,17-2161,16.40 ,14.30 ,113460.00 
Petroleum engineers ,17-2171,33.40 ,34.40 ,137720.00 
"Engineers, all other ",17-2199,170.10 ,172.30 ,99040.00 
Architectural and civil drafters ,17-3011,102.90 ,100.30 ,56340.00 
Electrical and electronics drafters ,17-3012,25.30 ,25.40 ,61530.00 
Mechanical drafters ,17-3013,57.50 ,52.70 ,57060.00 
"Drafters, all other ",17-3019,15.20 ,15.30 ,52830.00 
Aerospace engineering and operations technologists and technicians ,17-3021,11.90 ,12.70 ,66020.00 
Civil engineering technologists and technicians ,17-3022,70.90 ,72.70 ,53410.00 
Electrical and electronic engineering technologists and technicians ,17-3023,125.80 ,127.80 ,65260.00 
Electro-mechanical and mechatronics technologists and technicians ,17-3024,14.60 ,15.10 ,58350.00 
Environmental engineering technologists and technicians ,17-3025,18.50 ,19.90 ,50620.00 
Industrial engineering technologists and technicians ,17-3026,68.50 ,69.50 ,56550.00 
Mechanical engineering technologists and technicians ,17-3027,43.50 ,44.90 ,56980.00 
Surveying and mapping technicians ,17-3031,58.40 ,58.80 ,45010.00 
"Calibration technologists and technicians and engineering technologists and technicians, except drafters, all other",17-3098,91.60 ,93.60 ,62990.00 
Animal scientists ,19-1011,2.80 ,3.00 ,60300.00 
Food scientists and technologists ,19-1012,14.20 ,14.90 ,68970.00 
Soil and plant scientists ,19-1013,17.80 ,19.00 ,63200.00 
Biochemists and biophysicists ,19-1021,34.60 ,36.00 ,94490.00 
Microbiologists ,19-1022,20.20 ,20.90 ,75650.00 
Zoologists and wildlife biologists ,19-1023,21.00 ,21.80 ,63270.00 
"Biological scientists, all other ",19-1029,44.70 ,45.70 ,82220.00 
Conservation scientists ,19-1031,24.50 ,25.80 ,62660.00 
Foresters ,19-1032,11.60 ,12.00 ,61790.00 
Epidemiologists ,19-1041,8.00 ,8.30 ,70990.00 
"Medical scientists, except epidemiologists ",19-1042,138.30 ,146.70 ,88790.00 
"Life scientists, all other ",19-1099,7.00 ,7.40 ,75910.00 
Astronomers ,19-2011,2.30 ,2.40 ,114590.00 
Physicists ,19-2012,18.20 ,19.50 ,122850.00 
Atmospheric and space scientists ,19-2021,9.90 ,10.60 ,95380.00 
Chemists ,19-2031,86.70 ,90.80 ,77630.00 
Materials scientists ,19-2032,7.00 ,7.20 ,96810.00 
"Environmental scientists and specialists, including health ",19-2041,90.90 ,98.00 ,71360.00 
"Geoscientists, except hydrologists and geographers ",19-2042,31.80 ,33.40 ,92040.00 
Hydrologists ,19-2043,7.00 ,7.30 ,81270.00 
"Physical scientists, all other ",19-2099,22.80 ,22.10 ,109910.00 
Economists ,19-3011,20.50 ,23.50 ,105020.00 
Survey researchers ,19-3022,12.20 ,11.70 ,59170.00 
"Clinical, counseling, and school psychologists ",19-3031,171.50 ,176.70 ,78200.00 
Industrial-organizational psychologists ,19-3032,1.10 ,1.10 ,92880.00 
"Psychologists, all other ",19-3039,19.80 ,20.20 ,101790.00 
Sociologists ,19-3041,3.20 ,3.30 ,83420.00 
Urban and regional planners ,19-3051,39.70 ,44.10 ,74350.00 
Anthropologists and archeologists ,19-3091,8.00 ,8.40 ,63670.00 
Geographers ,19-3092,1.60 ,1.60 ,81540.00 
Historians ,19-3093,3.50 ,3.60 ,63680.00 
Political scientists ,19-3094,7.00 ,7.40 ,122220.00 
"Social scientists and related workers, all other ",19-3099,38.80 ,39.10 ,83330.00 
Agricultural and food science technicians,19-4010,24.20 ,25.10 ,41230.00 
Biological technicians ,19-4021,87.50 ,91.80 ,45860.00 
Chemical technicians ,19-4031,68.10 ,70.00 ,49260.00 
"Environmental science and protection technicians, including health",19-4042,34.70 ,37.60 ,46540.00 
Geological and hydrologic technicians,19-4045,19.00 ,20.10 ,51130.00 
Nuclear technicians ,19-4051,6.70 ,5.40 ,82080.00 
Social science research assistants ,19-4061,40.10 ,42.40 ,47510.00 
Forest and conservation technicians,19-4071,21.20 ,21.30 ,45500.00 
Forensic science technicians ,19-4092,17.20 ,19.60 ,59150.00 
"Life, physical, and social science technicians, all other ",19-4099,71.00 ,74.30 ,50550.00 
Occupational health and safety specialists,19-5011,100.50 ,104.30 ,74100.00 
Occupational health and safety technicians,19-5012,22.10 ,23.10 ,51550.00 
"Educational, guidance, and career counselors and advisors ",21-1012,333.50 ,360.40 ,57040.00 
Marriage and family therapists ,21-1013,66.20 ,80.90 ,49610.00 
Rehabilitation counselors ,21-1015,120.20 ,132.50 ,35950.00 
"Substance abuse, behavioral disorder, and mental health counselors",21-1018,319.40 ,398.40 ,46240.00 
"Counselors, all other ",21-1019,29.10 ,32.90 ,42930.00 
"Child, family, and school social workers ",21-1021,342.50 ,382.60 ,47390.00 
Healthcare social workers ,21-1022,185.00 ,211.70 ,56750.00 
Mental health and substance abuse social workers ,21-1023,123.20 ,143.80 ,46650.00 
"Social workers, all other ",21-1029,62.50 ,65.60 ,61230.00 
Health education specialists ,21-1091,62.20 ,69.30 ,55220.00 
Probation officers and correctional treatment specialists ,21-1092,91.80 ,95.30 ,54290.00 
Social and human service assistants ,21-1093,425.60 ,497.10 ,35060.00 
Community health workers ,21-1094,64.90 ,74.80 ,40360.00 
"Community and social service specialists, all other ",21-1099,105.20 ,117.60 ,43790.00 
Clergy ,21-2011,243.90 ,253.60 ,50400.00 
"Directors, religious activities and education ",21-2021,157.50 ,162.70 ,43860.00 
"Religious workers, all other ",21-2099,65.00 ,67.10 ,31630.00 
Lawyers ,23-1011,813.90 ,846.30 ,122960.00 
Judicial law clerks ,23-1012,17.30 ,17.90 ,54010.00 
"Administrative law judges, adjudicators, and hearing officers ",23-1021,15.40 ,15.40 ,97870.00 
"Arbitrators, mediators, and conciliators ",23-1022,7.30 ,7.90 ,63930.00 
"Judges, magistrate judges, and magistrates ",23-1023,29.90 ,30.90 ,136910.00 
Paralegals and legal assistants ,23-2011,337.80 ,373.10 ,51740.00 
"Title examiners, abstractors, and searchers ",23-2093,63.60 ,61.90 ,48180.00 
"Legal support workers, all other ",23-2099,50.40 ,49.80 ,58400.00 
"Business teachers, postsecondary ",25-1011,105.10 ,117.70 ,87200.00 
"Computer science teachers, postsecondary ",25-1021,38.50 ,39.50 ,85180.00 
"Mathematical science teachers, postsecondary ",25-1022,60.10 ,60.80 ,73690.00 
"Architecture teachers, postsecondary ",25-1031,8.50 ,9.00 ,87900.00 
"Engineering teachers, postsecondary ",25-1032,44.60 ,48.40 ,101010.00 
"Agricultural sciences teachers, postsecondary ",25-1041,11.40 ,11.70 ,83260.00 
"Biological science teachers, postsecondary ",25-1042,64.70 ,70.70 ,83300.00 
"Forestry and conservation science teachers, postsecondary ",25-1043,2.10 ,2.20 ,85450.00 
"Atmospheric, earth, marine, and space sciences teachers, postsecondary ",25-1051,13.10 ,13.40 ,92040.00 
"Chemistry teachers, postsecondary ",25-1052,26.40 ,27.50 ,79550.00 
"Environmental science teachers, postsecondary ",25-1053,7.60 ,7.80 ,82430.00 
"Physics teachers, postsecondary ",25-1054,17.10 ,17.80 ,89590.00 
"Anthropology and archeology teachers, postsecondary ",25-1061,7.20 ,7.50 ,86220.00 
"Area, ethnic, and cultural studies teachers, postsecondary ",25-1062,13.40 ,14.00 ,77070.00 
"Economics teachers, postsecondary ",25-1063,16.80 ,17.60 ,104370.00 
"Geography teachers, postsecondary ",25-1064,4.80 ,5.00 ,80520.00 
"Political science teachers, postsecondary ",25-1065,19.80 ,20.80 ,85930.00 
"Psychology teachers, postsecondary ",25-1066,46.80 ,51.00 ,76620.00 
"Sociology teachers, postsecondary ",25-1067,17.00 ,17.60 ,75290.00 
"Social sciences teachers, postsecondary, all other ",25-1069,19.30 ,19.20 ,71530.00 
"Health specialties teachers, postsecondary ",25-1071,254.00 ,306.10 ,97320.00 
"Nursing instructors and teachers, postsecondary ",25-1072,72.90 ,85.70 ,74600.00 
"Education teachers, postsecondary ",25-1081,77.30 ,81.00 ,65510.00 
"Library science teachers, postsecondary ",25-1082,5.40 ,5.50 ,71410.00 
"Criminal justice and law enforcement teachers, postsecondary ",25-1111,16.80 ,17.90 ,62860.00 
"Law teachers, postsecondary ",25-1112,21.30 ,22.80 ,113530.00 
"Social work teachers, postsecondary ",25-1113,17.30 ,18.30 ,72070.00 
"Art, drama, and music teachers, postsecondary ",25-1121,116.30 ,122.80 ,69530.00 
"Communications teachers, postsecondary ",25-1122,35.60 ,36.70 ,70630.00 
"English language and literature teachers, postsecondary ",25-1123,81.30 ,82.90 ,68490.00 
"Foreign language and literature teachers, postsecondary ",25-1124,30.60 ,32.30 ,69990.00 
"History teachers, postsecondary ",25-1125,26.00 ,27.00 ,75170.00 
"Philosophy and religion teachers, postsecondary ",25-1126,30.90 ,32.90 ,75240.00 
"Family and consumer sciences teachers, postsecondary ",25-1192,2.50 ,2.60 ,76480.00 
"Recreation and fitness studies teachers, postsecondary ",25-1193,19.10 ,19.60 ,64380.00 
"Career/technical education teachers, postsecondary ",25-1194,124.10 ,125.50 ,54620.00 
"Postsecondary teachers, all other ",25-1199,245.90 ,250.70 ,68970.00 
"Preschool teachers, except special education ",25-2011,540.40 ,553.90 ,30520.00 
"Kindergarten teachers, except special education ",25-2012,127.70 ,132.40 ,56850.00 
"Elementary school teachers, except special education ",25-2021,1452.10 ,1503.50 ,59670.00 
"Middle school teachers, except special and career/technical education ",25-2022,627.10 ,649.60 ,59660.00 
"Career/technical education teachers, middle school ",25-2023,11.80 ,12.10 ,60800.00 
"Secondary school teachers, except special and career/technical education ",25-2031,1050.80 ,1090.90 ,61660.00 
"Career/technical education teachers, secondary school ",25-2032,73.80 ,75.50 ,61710.00 
"Special education teachers, preschool ",25-2051,23.00 ,24.90 ,60000.00 
"Special education teachers, kindergarten and elementary school ",25-2052,193.00 ,198.60 ,60460.00 
"Special education teachers, middle school",25-2057,84.70 ,86.90 ,61440.00 
"Special education teachers, secondary school",25-2058,143.00 ,147.60 ,61710.00 
"Special education teachers, all other ",25-2059,36.60 ,39.70 ,61190.00 
"Adult basic education, adult secondary education, and English as a Second Language instructors ",25-3011,59.30 ,53.10 ,54350.00 
Self-enrichment teachers ,25-3021,386.20 ,425.90 ,39190.00 
"Substitute teachers, short-term",25-3031,619.40 ,635.30 ,28790.00 
"Tutors and teachers and instructors, all other",25-3097,406.20 ,436.40 ,39350.00 
Archivists ,25-4011,8.10 ,8.80 ,53950.00 
Curators ,25-4012,14.50 ,16.40 ,54570.00 
Museum technicians and conservators ,25-4013,14.80 ,16.50 ,44430.00 
Librarians and media collections specialists,25-4022,146.50 ,153.80 ,59500.00 
Library technicians ,25-4031,94.10 ,90.50 ,34900.00 
Farm and home management educators ,25-9021,10.40 ,10.00 ,49710.00 
Instructional coordinators ,25-9031,192.90 ,204.30 ,66290.00 
"Teaching assistants, postsecondary",25-9044,169.60 ,175.40 ,32080.00 
"Teaching assistants, except postsecondary",25-9045,1395.90 ,1446.40 ,27920.00 
"Educational instruction and library workers, all other ",25-9099,141.40 ,147.70 ,40310.00 
Art directors ,27-1011,99.10 ,97.30 ,94220.00 
Craft artists ,27-1012,10.60 ,10.50 ,34710.00 
"Fine artists, including painters, sculptors, and illustrators ",27-1013,28.30 ,28.60 ,50550.00 
Special effects artists and animators ,27-1014,67.50 ,70.30 ,75270.00 
"Artists and related workers, all other ",27-1019,13.10 ,13.00 ,64490.00 
Commercial and industrial designers ,27-1021,42.20 ,40.70 ,68890.00 
Fashion designers ,27-1022,28.30 ,27.00 ,73790.00 
Floral designers ,27-1023,51.80 ,41.40 ,28040.00 
Graphic designers ,27-1024,281.50 ,270.80 ,52110.00 
Interior designers ,27-1025,77.90 ,74.10 ,56040.00 
Merchandise displayers and window trimmers ,27-1026,180.40 ,174.20 ,29460.00 
Set and exhibit designers ,27-1027,15.20 ,15.40 ,54600.00 
"Designers, all other ",27-1029,13.60 ,13.40 ,64620.00 
Actors ,27-2011,70.10 ,72.20 ,N/A
Producers and directors ,27-2012,159.50 ,175.50 ,74420.00 
Athletes and sports competitors ,27-2021,13.60 ,15.00 ,51370.00 
Coaches and scouts ,27-2022,292.00 ,326.40 ,34840.00 
"Umpires, referees, and other sports officials ",27-2023,22.80 ,24.60 ,28550.00 
Dancers ,27-2031,11.40 ,11.70 ,N/A
Choreographers ,27-2032,5.50 ,6.30 ,46330.00 
Music directors and composers ,27-2041,58.00 ,59.00 ,51670.00 
Musicians and singers ,27-2042,175.60 ,177.20 ,N/A
"Miscellaneous entertainers and performers, sports and related workers",27-2090,33.30 ,34.60 ,N/A
Broadcast announcers and radio disc jockeys ,27-3011,40.80 ,38.70 ,34630.00 
"News analysts, reporters, and journalists",27-3023,52.00 ,46.20 ,46270.00 
Public relations specialists ,27-3031,274.60 ,294.30 ,61150.00 
Editors ,27-3041,118.70 ,110.00 ,61370.00 
Technical writers ,27-3042,58.40 ,62.70 ,72850.00 
Writers and authors ,27-3043,131.20 ,128.20 ,63200.00 
Interpreters and translators ,27-3091,77.40 ,92.90 ,51830.00 
Court reporters and simultaneous captioners,27-3092,15.70 ,17.00 ,60130.00 
"Media and communication workers, all other ",27-3099,35.20 ,38.00 ,47580.00 
Audio and video technicians ,27-4011,91.80 ,103.10 ,45910.00 
Broadcast technicians ,27-4012,32.70 ,33.70 ,40570.00 
Sound engineering technicians ,27-4014,15.80 ,16.70 ,54740.00 
Photographers ,27-4021,133.50 ,128.70 ,36280.00 
"Camera operators, television, video, and film ",27-4031,29.70 ,33.80 ,55160.00 
Film and video editors ,27-4032,38.30 ,46.50 ,63780.00 
"Lighting technicians and media and communication equipment workers, all other",27-4098,26.60 ,27.90 ,73460.00 
Chiropractors ,29-1011,51.10 ,53.40 ,70340.00 
"Dentists, general ",29-1021,132.10 ,135.70 ,155600.00 
Oral and maxillofacial surgeons ,29-1022,5.60 ,5.70 ,">=208,000"
Orthodontists ,29-1023,7.20 ,7.30 ,">=208,000"
Prosthodontists ,29-1024,0.60 ,0.60 ,">=208,000"
"Dentists, all other specialists ",29-1029,6.20 ,6.20 ,147220.00 
Dietitians and nutritionists ,29-1031,74.20 ,80.10 ,61270.00 
Optometrists ,29-1041,44.40 ,46.30 ,115250.00 
Pharmacists ,29-1051,321.70 ,311.20 ,128090.00 
Physician assistants ,29-1071,125.50 ,164.80 ,112260.00 
Podiatrists ,29-1081,10.50 ,10.60 ,126240.00 
Occupational therapists ,29-1122,143.30 ,166.00 ,84950.00 
Physical therapists ,29-1123,258.20 ,305.20 ,89440.00 
Radiation therapists ,29-1124,18.50 ,19.90 ,85560.00 
Recreational therapists ,29-1125,19.90 ,21.60 ,48220.00 
Respiratory therapists ,29-1126,135.80 ,162.00 ,61330.00 
Speech-language pathologists ,29-1127,162.60 ,203.10 ,79120.00 
Exercise physiologists ,29-1128,19.80 ,22.10 ,49170.00 
"Therapists, all other ",29-1129,32.60 ,37.40 ,52650.00 
Veterinarians ,29-1131,89.20 ,103.40 ,95460.00 
Registered nurses ,29-1141,3096.70 ,3318.70 ,73300.00 
Nurse anesthetists ,29-1151,44.90 ,51.00 ,174790.00 
Nurse midwives ,29-1161,7.20 ,8.10 ,105030.00 
Nurse practitioners ,29-1171,211.30 ,322.00 ,109820.00 
Audiologists ,29-1181,13.80 ,15.60 ,77600.00 
Anesthesiologists,29-1211,33.80 ,34.00 ,">=208,000"
Family medicine physicians,29-1215,119.30 ,126.60 ,205590.00 
General internal medicine physicians,29-1216,49.50 ,49.20 ,201590.00 
Obstetricians and gynecologists,29-1218,20.30 ,20.10 ,">=208,000"
"Pediatricians, general",29-1221,32.50 ,32.00 ,175310.00 
Psychiatrists,29-1223,27.90 ,31.30 ,">=208,000"
"Physicians, all other; and ophthalmologists, except pediatric",29-1228,429.50 ,447.90 ,206500.00 
"Surgeons, except ophthalmologists",29-1248,39.60 ,38.80 ,">=208,000"
Dental hygienists,29-1292,226.40 ,239.70 ,76220.00 
"Acupuncturists and healthcare diagnosing or treating practitioners, all other",29-1298,49.60 ,49.40 ,75640.00 
Clinical laboratory technologists and technicians,29-2010,337.80 ,362.50 ,53120.00 
Cardiovascular technologists and technicians ,29-2031,57.40 ,60.50 ,57720.00 
Diagnostic medical sonographers ,29-2032,74.30 ,86.80 ,74320.00 
Nuclear medicine technologists ,29-2033,18.50 ,19.50 ,77950.00 
Radiologic technologists and technicians ,29-2034,212.00 ,226.10 ,60510.00 
Magnetic resonance imaging technologists ,29-2035,38.70 ,41.40 ,73410.00 
Emergency medical technicians and paramedics,29-2040,265.20 ,282.20 ,35400.00 
Dietetic technicians ,29-2051,30.20 ,32.00 ,28400.00 
Pharmacy technicians ,29-2052,422.30 ,437.60 ,33950.00 
Psychiatric technicians ,29-2053,82.80 ,93.80 ,33780.00 
Surgical technologists ,29-2055,111.30 ,118.90 ,48300.00 
Veterinary technologists and technicians ,29-2056,112.90 ,131.20 ,35320.00 
Ophthalmic medical technicians ,29-2057,59.50 ,67.90 ,36940.00 
Licensed practical and licensed vocational nurses ,29-2061,721.70 ,787.40 ,47480.00 
"Opticians, dispensing ",29-2081,73.80 ,76.80 ,37840.00 
Orthotists and prosthetists ,29-2091,10.00 ,11.70 ,68410.00 
Hearing aid specialists ,29-2092,8.10 ,9.00 ,53420.00 
"Medical dosimetrists, medical records specialists, and health technologists and technicians, all other",29-2098,341.60 ,370.60 ,42630.00 
Athletic trainers ,29-9091,32.10 ,37.30 ,48440.00 
Genetic counselors ,29-9092,2.60 ,3.20 ,81880.00 
"Health information technologists, medical registrars, surgical assistants, and healthcare practitioners and technical workers, all other",29-9098,59.40 ,64.10 ,49850.00 
Home health and personal care aides,31-1120,3439.70 ,4599.20 ,25280.00 
Nursing assistants,31-1131,1528.50 ,1645.50 ,29660.00 
Orderlies,31-1132,50.60 ,53.10 ,28980.00 
Psychiatric aides,31-1133,59.50 ,66.00 ,31110.00 
Occupational therapy assistants ,31-2011,47.10 ,63.50 ,61510.00 
Occupational therapy aides ,31-2012,8.00 ,9.50 ,29230.00 
Physical therapist assistants ,31-2021,98.70 ,130.90 ,58790.00 
Physical therapist aides ,31-2022,50.60 ,61.30 ,27000.00 
Massage therapists ,31-9011,166.70 ,201.10 ,42820.00 
Dental assistants ,31-9091,354.60 ,378.00 ,40080.00 
Medical assistants ,31-9092,725.20 ,864.40 ,34800.00 
Medical equipment preparers ,31-9093,58.70 ,62.20 ,37440.00 
Medical transcriptionists ,31-9094,58.50 ,57.20 ,33380.00 
Pharmacy aides ,31-9095,37.90 ,32.00 ,27850.00 
Veterinary assistants and laboratory animal caretakers ,31-9096,99.50 ,115.20 ,28590.00 
Phlebotomists ,31-9097,132.60 ,155.50 ,35510.00 
"Healthcare support workers, all other ",31-9099,96.90 ,103.60 ,38460.00 
First-line supervisors of correctional officers ,33-1011,48.70 ,44.90 ,63730.00 
First-line supervisors of police and detectives ,33-1012,126.10 ,132.70 ,91090.00 
First-line supervisors of firefighting and prevention workers ,33-1021,71.50 ,75.90 ,77800.00 
"Miscellaneous first-line supervisors, protective service workers",33-1090,85.70 ,87.00 ,50490.00 
Firefighters ,33-2011,335.50 ,355.80 ,50850.00 
Fire inspectors and investigators ,33-2021,14.20 ,15.00 ,61660.00 
Forest fire inspectors and prevention specialists ,33-2022,2.30 ,2.80 ,45270.00 
Bailiffs ,33-3011,20.30 ,20.30 ,47830.00 
Correctional officers and jailers ,33-3012,442.00 ,408.90 ,45180.00 
Detectives and criminal investigators ,33-3021,113.50 ,114.70 ,83170.00 
Fish and game wardens ,33-3031,7.20 ,7.30 ,57500.00 
Parking enforcement workers ,33-3041,8.10 ,5.20 ,40920.00 
Police and sheriff's patrol officers ,33-3051,688.40 ,727.40 ,63150.00 
Transit and railroad police ,33-3052,4.50 ,4.70 ,71820.00 
Animal control workers ,33-9011,13.90 ,14.80 ,37590.00 
Private detectives and investigators ,33-9021,36.20 ,39.20 ,50510.00 
Gambling surveillance officers and gambling investigators ,33-9031,10.50 ,11.10 ,34190.00 
Security guards ,33-9032,1154.10 ,1186.80 ,29680.00 
Crossing guards and flaggers ,33-9091,86.70 ,91.60 ,29760.00 
"Lifeguards, ski patrol, and other recreational protective service workers ",33-9092,149.80 ,163.30 ,23420.00 
Transportation security screeners ,33-9093,51.40 ,49.80 ,41770.00 
"School bus monitors and protective service workers, all other",33-9098,145.60 ,151.80 ,30990.00 
Chefs and head cooks ,35-1011,148.70 ,158.10 ,51530.00 
First-line supervisors of food preparation and serving workers ,35-1012,1039.30 ,1100.20 ,33400.00 
"Cooks, fast food ",35-2011,534.00 ,462.30 ,23510.00 
"Cooks, institution and cafeteria ",35-2012,420.20 ,428.70 ,27750.00 
"Cooks, private household ",35-2013,23.80 ,22.30 ,37870.00 
"Cooks, restaurant ",35-2014,1417.30 ,1744.60 ,27790.00 
"Cooks, short order ",35-2015,154.70 ,147.90 ,25150.00 
"Cooks, all other ",35-2019,21.80 ,22.50 ,30760.00 
Food preparation workers ,35-2021,886.70 ,877.20 ,24800.00 
Bartenders ,35-3011,654.70 ,693.10 ,23680.00 
Fast food and counter workers,35-3023,4047.70 ,4508.60 ,22740.00 
Waiters and waitresses ,35-3031,2613.80 ,2711.40 ,22890.00 
"Food servers, nonrestaurant ",35-3041,284.60 ,303.90 ,24430.00 
Dining room and cafeteria attendants and bartender helpers ,35-9011,488.00 ,519.90 ,23470.00 
Dishwashers ,35-9021,522.30 ,524.70 ,23970.00 
"Hosts and hostesses, restaurant, lounge, and coffee shop ",35-9031,429.70 ,464.90 ,23090.00 
"Food preparation and serving related workers, all other ",35-9099,74.10 ,79.20 ,24970.00 
First-line supervisors of housekeeping and janitorial workers ,37-1011,231.90 ,251.20 ,40780.00 
"First-line supervisors of landscaping, lawn service, and groundskeeping workers ",37-1012,170.70 ,190.10 ,49370.00 
"Janitors and cleaners, except maids and housekeeping cleaners ",37-2011,2374.20 ,2479.80 ,27430.00 
Maids and housekeeping cleaners ,37-2012,1474.90 ,1470.70 ,24850.00 
"Building cleaning workers, all other ",37-2019,19.40 ,20.40 ,31230.00 
Pest control workers ,37-2021,87.60 ,95.00 ,37330.00 
Landscaping and groundskeeping workers ,37-3011,1188.00 ,1307.90 ,30440.00 
"Pesticide handlers, sprayers, and applicators, vegetation ",37-3012,38.10 ,41.20 ,35840.00 
Tree trimmers and pruners ,37-3013,62.00 ,68.60 ,39980.00 
"Grounds maintenance workers, all other ",37-3019,17.40 ,18.50 ,32090.00 
First-line supervisors of gambling services workers,39-1013,58.00 ,67.50 ,50710.00 
"First-line supervisors of personal service and entertainment and recreation workers, except gambling services",39-1098,313.10 ,348.10 ,39800.00 
Animal trainers ,39-2011,50.20 ,56.90 ,30430.00 
Animal caretakers ,39-2021,300.70 ,369.50 ,24780.00 
Gambling dealers ,39-3011,102.90 ,110.70 ,21260.00 
Gambling and sports book writers and runners ,39-3012,10.40 ,10.80 ,24750.00 
"Gambling service workers, all other ",39-3019,10.90 ,11.60 ,28300.00 
Motion picture projectionists ,39-3021,4.70 ,4.10 ,25150.00 
"Ushers, lobby attendants, and ticket takers ",39-3031,139.00 ,143.70 ,23500.00 
Amusement and recreation attendants ,39-3091,357.70 ,394.70 ,23370.00 
Costume attendants ,39-3092,7.70 ,8.10 ,41410.00 
"Locker room, coatroom, and dressing room attendants ",39-3093,16.80 ,18.10 ,25110.00 
"Entertainment attendants and related workers, all other ",39-3099,4.80 ,5.10 ,26460.00 
Embalmers ,39-4011,3.90 ,3.60 ,47760.00 
Funeral attendants ,39-4021,34.30 ,33.30 ,27930.00 
"Morticians, undertakers, and funeral arrangers ",39-4031,26.60 ,26.10 ,54150.00 
Barbers ,39-5011,66.50 ,71.50 ,30150.00 
"Hairdressers, hairstylists, and cosmetologists ",39-5012,656.10 ,641.80 ,26090.00 
"Makeup artists, theatrical and performance ",39-5091,4.70 ,5.20 ,75730.00 
Manicurists and pedicurists ,39-5092,155.30 ,185.20 ,25770.00 
Shampooers ,39-5093,16.80 ,18.80 ,22550.00 
Skincare specialists ,39-5094,78.60 ,91.60 ,34090.00 
Baggage porters and bellhops ,39-6011,40.60 ,42.80 ,25580.00 
Concierges ,39-6012,42.60 ,45.50 ,31390.00 
Tour and travel guides,39-7010,57.30 ,60.50 ,27600.00 
Childcare workers ,39-9011,1146.40 ,1165.90 ,24230.00 
Exercise trainers and group fitness instructors ,39-9031,373.70 ,431.30 ,40390.00 
Recreation workers ,39-9032,417.10 ,458.70 ,26350.00 
Residential advisors ,39-9041,115.20 ,128.70 ,29450.00 
"Crematory operators and personal care and service workers, all other",39-9098,111.30 ,128.80 ,27130.00 
First-line supervisors of retail sales workers ,41-1011,1476.40 ,1395.30 ,40350.00 
First-line supervisors of non-retail sales workers ,41-1012,409.80 ,375.70 ,74760.00 
Cashiers ,41-2011,3600.90 ,3335.50 ,23650.00 
Gambling change persons and booth cashiers ,41-2012,21.70 ,22.20 ,25690.00 
Counter and rental clerks ,41-2021,420.40 ,424.90 ,28820.00 
Parts salespersons ,41-2022,261.70 ,267.00 ,31710.00 
Retail salespersons ,41-2031,4371.40 ,4346.30 ,25250.00 
Advertising sales agents ,41-3011,139.20 ,130.20 ,53310.00 
Insurance sales agents ,41-3021,501.30 ,528.80 ,50940.00 
"Securities, commodities, and financial services sales agents ",41-3031,464.20 ,481.60 ,62270.00 
Travel agents ,41-3041,82.00 ,60.80 ,40660.00 
"Sales representatives of services, except advertising, insurance, financial services, and travel",41-3091,1070.50 ,1134.70 ,56130.00 
"Sales representatives, wholesale and manufacturing, technical and scientific products ",41-4011,321.00 ,334.00 ,81020.00 
"Sales representatives, wholesale and manufacturing, except technical and scientific products ",41-4012,1399.70 ,1412.90 ,59930.00 
Demonstrators and product promoters ,41-9011,88.10 ,90.90 ,30930.00 
Models ,41-9012,2.70 ,2.70 ,28350.00 
Real estate brokers ,41-9021,100.70 ,103.30 ,59720.00 
Real estate sales agents ,41-9022,376.50 ,385.20 ,48930.00 
Sales engineers ,41-9031,64.50 ,68.60 ,103900.00 
Telemarketers ,41-9041,136.90 ,117.50 ,26290.00 
"Door-to-door sales workers, news and street vendors, and related workers ",41-9091,72.90 ,58.30 ,27420.00 
"Sales and related workers, all other ",41-9099,142.90 ,145.60 ,31820.00 
First-line supervisors of office and administrative support workers ,43-1011,1552.40 ,1505.70 ,56620.00 
"Switchboard operators, including answering service ",43-2011,69.90 ,54.10 ,30610.00 
Telephone operators ,43-2021,5.00 ,3.60 ,35750.00 
"Communications equipment operators, all other ",43-2099,3.60 ,3.90 ,42790.00 
Bill and account collectors ,43-3011,238.90 ,223.50 ,37000.00 
Billing and posting clerks ,43-3021,484.20 ,493.50 ,38740.00 
"Bookkeeping, accounting, and auditing clerks ",43-3031,1673.60 ,1578.20 ,41230.00 
Gambling cage workers ,43-3041,14.60 ,15.40 ,28040.00 
Payroll and timekeeping clerks ,43-3051,149.80 ,143.10 ,46180.00 
Procurement clerks ,43-3061,68.50 ,63.40 ,43310.00 
Tellers ,43-3071,449.00 ,380.40 ,31230.00 
"Financial clerks, all other ",43-3099,32.60 ,35.40 ,42420.00 
Brokerage clerks ,43-4011,48.60 ,50.50 ,52750.00 
Correspondence clerks ,43-4021,6.80 ,6.60 ,38140.00 
"Court, municipal, and license clerks ",43-4031,163.70 ,171.60 ,39380.00 
"Credit authorizers, checkers, and clerks ",43-4041,26.90 ,25.60 ,40100.00 
Customer service representatives ,43-4051,3018.80 ,2959.80 ,34710.00 
"Eligibility interviewers, government programs ",43-4061,147.50 ,153.10 ,46590.00 
File clerks ,43-4071,106.70 ,91.10 ,32710.00 
"Hotel, motel, and resort desk clerks ",43-4081,276.50 ,257.40 ,24470.00 
"Interviewers, except eligibility and loan ",43-4111,201.90 ,207.00 ,34970.00 
"Library assistants, clerical ",43-4121,90.50 ,87.00 ,27490.00 
Loan interviewers and clerks ,43-4131,212.60 ,230.30 ,40640.00 
New accounts clerks ,43-4141,44.30 ,37.80 ,36550.00 
Order clerks ,43-4151,146.00 ,129.10 ,34240.00 
"Human resources assistants, except payroll and timekeeping ",43-4161,123.90 ,117.70 ,41430.00 
Receptionists and information clerks ,43-4171,1105.30 ,1144.70 ,30050.00 
Reservation and transportation ticket agents and travel clerks ,43-4181,126.30 ,122.70 ,38380.00 
"Information and record clerks, all other ",43-4199,166.50 ,171.50 ,41360.00 
Cargo and freight agents ,43-5011,97.20 ,102.60 ,43740.00 
Couriers and messengers ,43-5021,121.80 ,119.10 ,29690.00 
Public safety telecommunicators ,43-5031,98.30 ,104.30 ,41910.00 
"Dispatchers, except police, fire, and ambulance ",43-5032,204.60 ,202.70 ,40190.00 
"Meter readers, utilities ",43-5041,30.90 ,27.40 ,42280.00 
Postal service clerks ,43-5051,78.10 ,67.50 ,48330.00 
Postal service mail carriers ,43-5052,326.60 ,282.50 ,51310.00 
"Postal service mail sorters, processors, and processing machine operators ",43-5053,98.50 ,80.90 ,60140.00 
"Production, planning, and expediting clerks ",43-5061,378.50 ,393.30 ,48260.00 
"Shipping, receiving, and inventory clerks ",43-5071,710.40 ,648.80 ,34190.00 
"Weighers, measurers, checkers, and samplers, recordkeeping ",43-5111,61.30 ,64.50 ,35040.00 
Executive secretaries and executive administrative assistants ,43-6011,593.40 ,472.40 ,60890.00 
Legal secretaries and administrative assistants ,43-6012,171.80 ,133.80 ,47300.00 
Medical secretaries and administrative assistants ,43-6013,623.40 ,682.70 ,36580.00 
"Secretaries and administrative assistants, except legal, medical, and executive ",43-6014,2250.20 ,2022.60 ,37690.00 
Data entry keyers ,43-9021,172.40 ,130.00 ,33490.00 
Word processors and typists ,43-9022,52.70 ,33.50 ,40340.00 
Desktop publishers ,43-9031,10.40 ,8.40 ,45390.00 
Insurance claims and policy processing clerks ,43-9041,293.90 ,287.30 ,40750.00 
"Mail clerks and mail machine operators, except postal service ",43-9051,88.40 ,82.50 ,30960.00 
"Office clerks, general ",43-9061,3126.30 ,2970.40 ,34040.00 
"Office machine operators, except computer ",43-9071,47.30 ,41.10 ,33450.00 
Proofreaders and copy markers ,43-9081,10.30 ,10.10 ,40630.00 
Statistical assistants ,43-9111,10.80 ,11.50 ,49870.00 
"Office and administrative support workers, all other ",43-9199,220.80 ,229.60 ,35470.00 
"First-line supervisors of farming, fishing, and forestry workers ",45-1011,53.20 ,52.60 ,48280.00 
Agricultural inspectors ,45-2011,15.20 ,15.50 ,45490.00 
Animal breeders ,45-2021,8.40 ,8.10 ,42920.00 
"Graders and sorters, agricultural products ",45-2041,38.30 ,38.30 ,25670.00 
Agricultural equipment operators ,45-2091,70.30 ,78.30 ,31950.00 
"Farmworkers and laborers, crop, nursery, and greenhouse ",45-2092,566.50 ,587.90 ,25440.00 
"Farmworkers, farm, ranch, and aquacultural animals ",45-2093,245.40 ,225.10 ,27830.00 
"Agricultural workers, all other ",45-2099,12.30 ,12.70 ,29590.00 
Fishing and hunting workers,45-3031,36.70 ,33.90 ,N/A
Forest and conservation workers ,45-4011,13.20 ,13.10 ,31770.00 
Fallers ,45-4021,7.20 ,6.00 ,44650.00 
Logging equipment operators ,45-4022,39.20 ,34.30 ,41440.00 
Log graders and scalers ,45-4023,4.80 ,4.30 ,37280.00 
"Logging workers, all other ",45-4029,5.70 ,4.90 ,39780.00 
First-line supervisors of construction trades and extraction workers ,47-1011,685.00 ,718.00 ,66210.00 
Boilermakers ,47-2011,15.90 ,16.00 ,63100.00 
Brickmasons and blockmasons ,47-2021,81.90 ,76.70 ,53100.00 
Stonemasons ,47-2022,16.80 ,16.30 ,43280.00 
Carpenters ,47-2031,1024.10 ,1019.90 ,48330.00 
Carpet installers ,47-2041,36.50 ,33.30 ,40090.00 
"Floor layers, except carpet, wood, and hard tiles ",47-2042,22.90 ,25.20 ,44240.00 
Floor sanders and finishers ,47-2043,7.00 ,7.10 ,39610.00 
Tile and stone setters ,47-2044,57.00 ,61.90 ,43050.00 
Cement masons and concrete finishers ,47-2051,200.40 ,196.40 ,44810.00 
Terrazzo workers and finishers ,47-2053,3.00 ,2.70 ,52180.00 
Construction laborers ,47-2061,1398.00 ,1473.40 ,36860.00 
"Paving, surfacing, and tamping equipment operators ",47-2071,46.60 ,48.80 ,40130.00 
Pile driver operators ,47-2072,3.60 ,3.80 ,62600.00 
Operating engineers and other construction equipment operators ,47-2073,418.00 ,434.90 ,48980.00 
Drywall and ceiling tile installers ,47-2081,125.10 ,125.60 ,45700.00 
Tapers ,47-2082,21.80 ,21.00 ,59070.00 
Electricians ,47-2111,739.20 ,801.40 ,56180.00 
Glaziers ,47-2121,52.80 ,54.80 ,44630.00 
"Insulation workers, floor, ceiling, and wall ",47-2131,34.00 ,34.50 ,40380.00 
"Insulation workers, mechanical ",47-2132,27.30 ,28.60 ,48690.00 
"Painters, construction and maintenance ",47-2141,379.50 ,380.30 ,40280.00 
Paperhangers ,47-2142,5.60 ,5.50 ,40520.00 
Pipelayers ,47-2151,38.90 ,40.70 ,38820.00 
"Plumbers, pipefitters, and steamfitters ",47-2152,490.20 ,511.10 ,55160.00 
Plasterers and stucco masons ,47-2161,27.70 ,28.80 ,45440.00 
Reinforcing iron and rebar workers ,47-2171,18.80 ,19.80 ,49100.00 
Roofers ,47-2181,161.60 ,165.40 ,42100.00 
Sheet metal workers ,47-2211,137.70 ,139.50 ,50400.00 
Structural iron and steel workers ,47-2221,77.00 ,80.60 ,55040.00 
Solar photovoltaic installers ,47-2231,12.00 ,18.10 ,44890.00 
"Helpers--brickmasons, blockmasons, stonemasons, and tile and marble setters ",47-3011,23.40 ,22.30 ,35410.00 
Helpers--carpenters ,47-3012,33.20 ,33.70 ,33060.00 
Helpers--electricians ,47-3013,81.10 ,82.30 ,32830.00 
"Helpers--painters, paperhangers, plasterers, and stucco masons ",47-3014,11.00 ,11.20 ,31340.00 
"Helpers--pipelayers, plumbers, pipefitters, and steamfitters ",47-3015,59.30 ,62.60 ,32100.00 
Helpers--roofers ,47-3016,9.10 ,9.50 ,32110.00 
"Helpers, construction trades, all other ",47-3019,28.80 ,30.00 ,31910.00 
Construction and building inspectors ,47-4011,120.80 ,124.60 ,60710.00 
Elevator and escalator installers and repairers ,47-4021,28.90 ,30.80 ,84990.00 
Fence erectors ,47-4031,34.20 ,35.00 ,35800.00 
Hazardous materials removal workers ,47-4041,45.30 ,49.00 ,43900.00 
Highway maintenance workers ,47-4051,156.10 ,163.80 ,40730.00 
Rail-track laying and maintenance equipment operators ,47-4061,13.90 ,14.40 ,56100.00 
Septic tank servicers and sewer pipe cleaners ,47-4071,30.70 ,33.80 ,39870.00 
Miscellaneous construction and related workers,47-4090,34.10 ,35.60 ,39720.00 
"Derrick operators, oil and gas ",47-5011,12.00 ,15.70 ,46990.00 
"Rotary drill operators, oil and gas ",47-5012,20.90 ,26.60 ,54980.00 
"Service unit operators, oil and gas ",47-5013,51.70 ,63.60 ,46740.00 
"Excavating and loading machine and dragline operators, surface mining",47-5022,46.10 ,47.40 ,44800.00 
Continuous mining machine operators ,47-5041,15.00 ,15.30 ,55280.00 
"Roof bolters, mining",47-5043,3.30 ,2.80 ,59090.00 
"Loading and moving machine operators, underground mining",47-5044,4.50 ,3.90 ,54210.00 
"Rock splitters, quarry ",47-5051,5.10 ,5.20 ,36070.00 
"Roustabouts, oil and gas ",47-5071,58.50 ,73.10 ,38910.00 
Helpers--extraction workers ,47-5081,16.90 ,20.30 ,37120.00 
"Earth drillers, except oil and gas; and explosives workers, ordnance handling experts, and blasters",47-5097,25.30 ,27.30 ,46250.00 
"Underground mining machine operators and extraction workers, all other",47-5098,14.10 ,15.40 ,50160.00 
"First-line supervisors of mechanics, installers, and repairers ",49-1011,499.10 ,512.40 ,67460.00 
"Computer, automated teller, and office machine repairers ",49-2011,112.30 ,111.40 ,39530.00 
"Radio, cellular, and tower equipment installers and repairers ",49-2021,15.00 ,15.50 ,55380.00 
"Telecommunications equipment installers and repairers, except line installers ",49-2022,215.70 ,210.10 ,57910.00 
Avionics technicians ,49-2091,22.80 ,23.80 ,65700.00 
"Electric motor, power tool, and related repairers ",49-2092,17.90 ,18.60 ,44070.00 
"Electrical and electronics installers and repairers, transportation equipment ",49-2093,9.20 ,9.40 ,62530.00 
"Electrical and electronics repairers, commercial and industrial equipment ",49-2094,61.20 ,62.40 ,59300.00 
"Electrical and electronics repairers, powerhouse, substation, and relay ",49-2095,23.00 ,22.20 ,82780.00 
"Electronic equipment installers and repairers, motor vehicles ",49-2096,10.40 ,8.00 ,37380.00 
Audiovisual equipment installers and repairers ,49-2097,29.70 ,28.80 ,39510.00 
Security and fire alarm systems installers ,49-2098,76.30 ,84.10 ,48970.00 
Aircraft mechanics and service technicians ,49-3011,137.20 ,143.50 ,64090.00 
Automotive body and related repairers ,49-3021,155.50 ,159.90 ,43580.00 
Automotive glass installers and repairers ,49-3022,24.30 ,24.20 ,35790.00 
Automotive service technicians and mechanics ,49-3023,756.60 ,728.80 ,42090.00 
Bus and truck mechanics and diesel engine specialists ,49-3031,281.30 ,290.80 ,48500.00 
Farm equipment mechanics and service technicians ,49-3041,40.80 ,41.30 ,42200.00 
"Mobile heavy equipment mechanics, except engines ",49-3042,152.90 ,154.00 ,53370.00 
Rail car repairers ,49-3043,24.30 ,23.50 ,56390.00 
Motorboat mechanics and service technicians ,49-3051,25.70 ,25.90 ,41330.00 
Motorcycle mechanics ,49-3052,17.40 ,18.00 ,37600.00 
Outdoor power equipment and other small engine mechanics ,49-3053,35.00 ,36.30 ,36100.00 
Bicycle repairers ,49-3091,13.20 ,13.80 ,30330.00 
Recreational vehicle service technicians ,49-3092,15.90 ,16.80 ,38570.00 
Tire repairers and changers ,49-3093,113.40 ,116.00 ,28640.00 
Mechanical door repairers ,49-9011,23.40 ,24.30 ,41570.00 
"Control and valve installers and repairers, except mechanical door ",49-9012,53.10 ,53.20 ,58100.00 
"Heating, air conditioning, and refrigeration mechanics and installers ",49-9021,376.80 ,391.90 ,48730.00 
Home appliance repairers ,49-9031,38.40 ,35.80 ,40260.00 
Industrial machinery mechanics ,49-9041,399.40 ,461.70 ,53590.00 
"Maintenance workers, machinery ",49-9043,73.20 ,77.70 ,47520.00 
Millwrights ,49-9044,48.70 ,52.10 ,55560.00 
"Refractory materials repairers, except brickmasons ",49-9045,0.80 ,0.70 ,53990.00 
Electrical power-line installers and repairers ,49-9051,115.00 ,116.90 ,72520.00 
Telecommunications line installers and repairers ,49-9052,123.60 ,121.60 ,56750.00 
Camera and photographic equipment repairers ,49-9061,4.20 ,4.30 ,38880.00 
Medical equipment repairers ,49-9062,53.90 ,56.70 ,49280.00 
Musical instrument repairers and tuners ,49-9063,8.90 ,8.30 ,36650.00 
Watch and clock repairers ,49-9064,3.20 ,2.10 ,42520.00 
"Precision instrument and equipment repairers, all other ",49-9069,12.20 ,12.60 ,58720.00 
"Maintenance and repair workers, general ",49-9071,1516.40 ,1579.40 ,39080.00 
Wind turbine service technicians ,49-9081,7.00 ,11.30 ,52910.00 
"Coin, vending, and amusement machine servicers and repairers ",49-9091,37.00 ,36.30 ,35420.00 
Commercial divers ,49-9092,4.00 ,4.20 ,49980.00 
Locksmiths and safe repairers ,49-9094,21.10 ,19.50 ,41940.00 
Manufactured building and mobile home installers ,49-9095,2.90 ,2.20 ,33890.00 
Riggers ,49-9096,23.50 ,24.60 ,50860.00 
Signal and track switch repairers ,49-9097,6.60 ,6.50 ,73890.00 
"Helpers--installation, maintenance, and repair workers ",49-9098,101.10 ,105.50 ,30530.00 
"Installation, maintenance, and repair workers, all other ",49-9099,187.70 ,192.40 ,39830.00 
First-line supervisors of production and operating workers ,51-1011,648.90 ,646.90 ,61310.00 
"Aircraft structure, surfaces, rigging, and systems assemblers ",51-2011,43.90 ,36.30 ,54210.00 
"Coil winders, tapers, and finishers ",51-2021,13.00 ,10.50 ,36520.00 
"Electrical, electronic, and electromechanical assemblers, except coil winders, tapers, and finishers",51-2028,291.70 ,295.90 ,34810.00 
Engine and other machine assemblers ,51-2031,45.90 ,39.00 ,45660.00 
Structural metal fabricators and fitters ,51-2041,78.50 ,66.00 ,40390.00 
Fiberglass laminators and fabricators,51-2051,20.40 ,19.30 ,35480.00 
Timing device assemblers and adjusters,51-2061,1.30 ,1.00 ,35080.00 
Miscellaneous assemblers and fabricators,51-2090,1389.10 ,1211.50 ,32350.00 
Bakers ,51-3011,199.30 ,209.90 ,27700.00 
Butchers and meat cutters ,51-3021,137.50 ,139.80 ,32500.00 
"Meat, poultry, and fish cutters and trimmers ",51-3022,161.80 ,164.50 ,28100.00 
Slaughterers and meat packers ,51-3023,75.00 ,77.50 ,29230.00 
"Food and tobacco roasting, baking, and drying machine operators and tenders ",51-3091,22.10 ,21.90 ,31590.00 
Food batchmakers ,51-3092,162.50 ,164.70 ,30790.00 
Food cooking machine operators and tenders ,51-3093,30.40 ,30.60 ,31110.00 
"Food processing workers, all other ",51-3099,44.20 ,44.10 ,27550.00 
"Extruding and drawing machine setters, operators, and tenders, metal and plastic ",51-4021,77.40 ,69.20 ,36320.00 
"Forging machine setters, operators, and tenders, metal and plastic ",51-4022,16.40 ,13.00 ,39670.00 
"Rolling machine setters, operators, and tenders, metal and plastic ",51-4023,32.60 ,28.90 ,40490.00 
"Cutting, punching, and press machine setters, operators, and tenders, metal and plastic ",51-4031,195.70 ,179.40 ,35610.00 
"Drilling and boring machine tool setters, operators, and tenders, metal and plastic ",51-4032,11.20 ,9.10 ,38910.00 
"Grinding, lapping, polishing, and buffing machine tool setters, operators, and tenders, metal and plastic ",51-4033,77.10 ,70.80 ,36100.00 
"Lathe and turning machine tool setters, operators, and tenders, metal and plastic ",51-4034,28.20 ,25.30 ,40100.00 
"Milling and planing machine setters, operators, and tenders, metal and plastic ",51-4035,19.20 ,15.60 ,43210.00 
Machinists ,51-4041,388.10 ,404.40 ,44420.00 
Metal-refining furnace operators and tenders ,51-4051,17.10 ,17.10 ,42250.00 
"Pourers and casters, metal ",51-4052,8.00 ,7.30 ,38620.00 
"Model makers, metal and plastic ",51-4061,4.40 ,4.10 ,57020.00 
"Patternmakers, metal and plastic ",51-4062,3.10 ,2.80 ,46910.00 
Foundry mold and coremakers ,51-4071,17.60 ,16.50 ,35590.00 
"Molding, coremaking, and casting machine setters, operators, and tenders, metal and plastic ",51-4072,173.40 ,156.70 ,32130.00 
"Multiple machine tool setters, operators, and tenders, metal and plastic ",51-4081,150.50 ,153.60 ,36330.00 
Tool and die makers ,51-4111,72.50 ,68.60 ,53920.00 
"Welders, cutters, solderers, and brazers ",51-4121,438.90 ,452.50 ,42490.00 
"Welding, soldering, and brazing machine setters, operators, and tenders ",51-4122,37.20 ,34.70 ,38310.00 
"Heat treating equipment setters, operators, and tenders, metal and plastic ",51-4191,20.10 ,18.00 ,38250.00 
"Layout workers, metal and plastic ",51-4192,8.50 ,7.60 ,49940.00 
"Plating machine setters, operators, and tenders, metal and plastic ",51-4193,42.10 ,38.40 ,33500.00 
"Tool grinders, filers, and sharpeners ",51-4194,7.10 ,6.80 ,39330.00 
"Metal workers and plastic workers, all other ",51-4199,24.90 ,22.70 ,34830.00 
Prepress technicians and workers ,51-5111,30.20 ,24.00 ,40510.00 
Printing press operators ,51-5112,181.40 ,157.20 ,36910.00 
Print binding and finishing workers ,51-5113,45.20 ,38.50 ,33040.00 
Laundry and dry-cleaning workers ,51-6011,215.20 ,215.60 ,24220.00 
"Pressers, textile, garment, and related materials ",51-6021,38.30 ,31.10 ,24190.00 
Sewing machine operators ,51-6031,146.50 ,132.80 ,26420.00 
Shoe and leather workers and repairers ,51-6041,10.80 ,9.70 ,29560.00 
Shoe machine operators and tenders ,51-6042,5.30 ,4.60 ,30570.00 
"Sewers, hand ",51-6051,7.50 ,6.90 ,29950.00 
"Tailors, dressmakers, and custom sewers ",51-6052,37.30 ,35.70 ,31520.00 
Textile bleaching and dyeing machine operators and tenders ,51-6061,9.00 ,7.90 ,29460.00 
"Textile cutting machine setters, operators, and tenders ",51-6062,13.10 ,11.80 ,28730.00 
"Textile knitting and weaving machine setters, operators, and tenders ",51-6063,24.80 ,21.60 ,29980.00 
"Textile winding, twisting, and drawing out machine setters, operators, and tenders ",51-6064,31.00 ,28.00 ,29790.00 
"Extruding and forming machine setters, operators, and tenders, synthetic and glass fibers ",51-6091,19.00 ,17.80 ,36110.00 
Fabric and apparel patternmakers ,51-6092,6.00 ,5.40 ,45070.00 
Upholsterers ,51-6093,35.20 ,33.90 ,35130.00 
"Textile, apparel, and furnishings workers, all other ",51-6099,18.70 ,17.80 ,27970.00 
Cabinetmakers and bench carpenters ,51-7011,112.20 ,108.90 ,35790.00 
Furniture finishers ,51-7021,17.40 ,16.70 ,32480.00 
"Model makers, wood ",51-7031,1.40 ,1.40 ,59260.00 
"Patternmakers, wood ",51-7032,0.70 ,0.60 ,64880.00 
"Sawing machine setters, operators, and tenders, wood ",51-7041,54.50 ,50.80 ,30410.00 
"Woodworking machine setters, operators, and tenders, except sawing ",51-7042,79.30 ,77.40 ,30990.00 
"Woodworkers, all other ",51-7099,11.70 ,11.10 ,33110.00 
Nuclear power reactor operators ,51-8011,5.30 ,3.40 ,100530.00 
Power distributors and dispatchers ,51-8012,11.20 ,10.30 ,90700.00 
Power plant operators ,51-8013,35.30 ,30.00 ,81990.00 
Stationary engineers and boiler operators ,51-8021,34.40 ,35.10 ,62150.00 
Water and wastewater treatment plant and system operators ,51-8031,126.40 ,121.00 ,47760.00 
Chemical plant and system operators ,51-8091,29.20 ,28.30 ,62550.00 
Gas plant operators ,51-8092,14.70 ,13.90 ,70710.00 
"Petroleum pump system operators, refinery operators, and gaugers ",51-8093,41.30 ,41.10 ,74180.00 
"Plant and system operators, all other ",51-8099,13.20 ,13.20 ,58390.00 
Chemical equipment operators and tenders ,51-9011,88.50 ,90.00 ,49130.00 
"Separating, filtering, clarifying, precipitating, and still machine setters, operators, and tenders ",51-9012,53.10 ,54.90 ,41330.00 
"Crushing, grinding, and polishing machine setters, operators, and tenders ",51-9021,35.30 ,33.30 ,37560.00 
"Grinding and polishing workers, hand ",51-9022,29.00 ,23.40 ,30600.00 
"Mixing and blending machine setters, operators, and tenders ",51-9023,128.00 ,129.50 ,37780.00 
"Cutters and trimmers, hand ",51-9031,9.80 ,6.90 ,30200.00 
"Cutting and slicing machine setters, operators, and tenders ",51-9032,59.80 ,57.00 ,35600.00 
"Extruding, forming, pressing, and compacting machine setters, operators, and tenders ",51-9041,72.40 ,70.10 ,35480.00 
"Furnace, kiln, oven, drier, and kettle operators and tenders ",51-9051,21.60 ,21.50 ,40090.00 
"Inspectors, testers, sorters, samplers, and weighers ",51-9061,590.10 ,489.60 ,39140.00 
Jewelers and precious stone and metal workers ,51-9071,35.10 ,31.60 ,40870.00 
Dental laboratory technicians ,51-9081,36.20 ,39.60 ,41340.00 
Medical appliance technicians ,51-9082,14.80 ,16.50 ,40690.00 
Ophthalmic laboratory technicians ,51-9083,30.20 ,32.50 ,32620.00 
Packaging and filling machine operators and tenders ,51-9111,392.10 ,397.60 ,30990.00 
"Painting, coating, and decorating workers ",51-9123,12.80 ,12.70 ,32950.00 
"Coating, painting, and spraying machine setters, operators, and tenders",51-9124,151.40 ,153.90 ,38150.00 
Semiconductor processing technicians ,51-9141,30.80 ,31.00 ,38060.00 
Photographic process workers and processing machine operators ,51-9151,12.30 ,9.90 ,32280.00 
Computer numerically controlled tool operators,51-9161,152.40 ,141.70 ,41200.00 
Computer numerically controlled tool programmers,51-9162,25.70 ,31.30 ,56450.00 
Adhesive bonding machine operators and tenders ,51-9191,14.00 ,13.70 ,34340.00 
"Cleaning, washing, and metal pickling equipment operators and tenders ",51-9192,16.30 ,16.50 ,31850.00 
Cooling and freezing equipment operators and tenders ,51-9193,9.40 ,9.80 ,35290.00 
Etchers and engravers ,51-9194,12.90 ,12.30 ,30620.00 
"Molders, shapers, and casters, except metal and plastic ",51-9195,49.40 ,46.40 ,34030.00 
"Paper goods machine setters, operators, and tenders ",51-9196,100.40 ,94.60 ,39210.00 
Tire builders ,51-9197,21.00 ,21.10 ,46010.00 
Helpers--production workers ,51-9198,304.20 ,325.00 ,29100.00 
"Production workers, all other",51-9199,238.60 ,243.70 ,29800.00 
Aircraft cargo handling supervisors,53-1041,9.60 ,10.20 ,53850.00 
"First-line supervisors of transportation and material-moving workers, except aircraft cargo handling supervisors",53-1047,456.70 ,480.20 ,55060.00 
"Airline pilots, copilots, and flight engineers ",53-2011,85.50 ,87.90 ,147220.00 
Commercial pilots ,53-2012,41.60 ,45.40 ,86080.00 
Air traffic controllers ,53-2021,24.30 ,24.50 ,122990.00 
Airfield operations specialists ,53-2022,10.90 ,11.50 ,52650.00 
Flight attendants ,53-2031,121.90 ,143.00 ,56640.00 
"Ambulance drivers and attendants, except emergency medical technicians ",53-3011,14.90 ,16.30 ,25890.00 
Driver/sales workers ,53-3031,487.40 ,501.90 ,25860.00 
Heavy and tractor-trailer truck drivers ,53-3032,2029.90 ,2060.50 ,45260.00 
Light truck drivers ,53-3033,1018.60 ,1079.10 ,34730.00 
"Bus drivers, transit and intercity",53-3052,223.40 ,244.20 ,43030.00 
"Passenger vehicle drivers, except bus drivers, transit and intercity",53-3058,853.30 ,947.80 ,31340.00 
"Motor vehicle operators, all other ",53-3099,61.70 ,63.60 ,32910.00 
Locomotive engineers ,53-4011,27.40 ,26.50 ,67090.00 
"Rail yard engineers, dinkey operators, and hostlers ",53-4013,5.20 ,4.90 ,49330.00 
"Railroad brake, signal, and switch operators and locomotive firers",53-4022,9.10 ,8.60 ,60260.00 
Railroad conductors and yardmasters ,53-4031,36.00 ,35.20 ,65990.00 
Subway and streetcar operators ,53-4041,10.70 ,11.30 ,67880.00 
"Rail transportation workers, all other ",53-4099,2.50 ,2.40 ,51600.00 
Sailors and marine oilers ,53-5011,31.90 ,32.20 ,43480.00 
"Captains, mates, and pilots of water vessels ",53-5021,38.90 ,38.70 ,72340.00 
Motorboat operators ,53-5022,2.50 ,2.50 ,48260.00 
Ship engineers ,53-5031,8.70 ,8.70 ,74610.00 
Bridge and lock tenders ,53-6011,3.30 ,3.30 ,50110.00 
Parking attendants ,53-6021,149.80 ,160.60 ,25140.00 
Automotive and watercraft service attendants ,53-6031,118.80 ,121.60 ,25200.00 
Traffic technicians ,53-6041,7.70 ,8.20 ,47480.00 
Transportation inspectors ,53-6051,30.20 ,30.90 ,75820.00 
Passenger attendants ,53-6061,28.00 ,29.20 ,26570.00 
"Aircraft service attendants and transportation workers, all other",53-6098,35.80 ,37.40 ,37000.00 
Conveyor operators and tenders ,53-7011,23.90 ,24.00 ,34660.00 
Crane and tower operators ,53-7021,45.70 ,46.50 ,56690.00 
Dredge operators ,53-7031,1.60 ,1.70 ,47040.00 
Hoist and winch operators ,53-7041,4.90 ,4.60 ,59720.00 
Industrial truck and tractor operators ,53-7051,634.70 ,652.30 ,36200.00 
Cleaners of vehicles and equipment ,53-7061,408.40 ,423.10 ,25800.00 
"Laborers and freight, stock, and material movers, hand ",53-7062,2986.00 ,3111.70 ,29510.00 
Machine feeders and offbearers ,53-7063,62.90 ,63.00 ,31180.00 
"Packers and packagers, hand ",53-7064,640.80 ,609.90 ,25910.00 
Stockers and order fillers,53-7065,2135.80 ,2151.30 ,27380.00 
Gas compressor and gas pumping station operators ,53-7071,3.70 ,3.60 ,66160.00 
"Pump operators, except wellhead pumpers ",53-7072,10.50 ,11.50 ,45040.00 
Wellhead pumpers ,53-7073,14.10 ,14.70 ,55040.00 
Refuse and recyclable material collectors ,53-7081,133.60 ,145.40 ,37840.00 
"Tank car, truck, and ship loaders ",53-7121,12.20 ,12.00 ,42360.00 
"Material moving workers, all other ",53-7199,29.80 ,30.30 ,31770.00 
