title,emp_00,emp_10,job_openings
"Total, all occupations",145594,167754,57932
"Management, business, and financial occupations",15519,17635,5109
Management occupations,10564,11834,3330
Administrative services managers,362,436,133
"Advertising, marketing, promotions, public relations, and sales managers",707,936,331
Advertising and promotions managers,100,135,49
Marketing and sales managers,533,701,244
Marketing managers,190,246,83
Sales managers,343,455,162
Public relations managers,74,101,38
Agricultural managers,1462,1144,103
"Farm, ranch, and other agricultural managers",169,179,30
Farmers and ranchers,1294,965,74
Chief executives,547,641,266
Computer and information systems managers,313,463,203
Construction managers,308,358,100
Education administrators,453,513,178
Engineering managers,282,305,69
Financial managers,658,780,223
Food service managers,465,535,125
Funeral directors,32,32,6
Gaming managers,4,5,2
General and operations managers,2398,2761,767
Human resources managers,219,246,66
Industrial production managers,255,271,57
Legislators,54,61,24
Lodging managers,68,75,14
Medical and health services managers,250,330,123
Natural sciences managers,42,45,11
Postmasters and mail superintendents,25,26,5
"Property, real estate, and community association managers",270,331,105
Purchasing managers,132,125,41
Social and community service managers,128,160,56
"Transportation, storage, and distribution managers",149,179,55
All other managers,981,1074,267
Business and financial operations occupations,4956,5801,1779
Business operations specialists,2841,3320,1053
"Agents and business managers of artists, performers, and athletes",17,22,8
Buyers and purchasing agents,404,424,128
"Purchasing agents and buyers, farm products",20,23,7
"Purchasing agents, except wholesale, retail, and farm products",237,266,76
"Wholesale and retail buyers, except farm products",148,135,45
"Claims adjusters, appraisers, examiners, and investigators",207,238,54
"Claims adjusters, examiners, and investigators",194,223,51
"Insurance appraisers, auto damage",13,15,3
"Compliance officers, except agriculture, construction, health and safety, and transportation",140,152,48
Cost estimators,211,246,81
Emergency management specialists,10,12,5
"Human resources, training, and labor relations specialists",490,578,183
"Compensation, benefits, and job analysis specialists",87,100,30
"Employment, recruitment, and placement specialists",199,234,73
Training and development specialists,204,244,79
Management analysts,501,646,189
Meeting and convention planners,34,42,14
All other business operations specialists,827,960,343
Financial specialists,2115,2481,726
Accountants and auditors,976,1157,326
Appraisers and assessors of real estate,57,67,26
Budget analysts,70,80,24
Credit analysts,60,70,22
Financial analysts,145,182,57
Financial examiners,25,27,7
Insurance underwriters,107,109,18
Loan counselors and officers,265,281,69
Loan counselors,29,33,10
Loan officers,236,248,59
Personal financial advisors,94,126,43
"Tax examiners, collectors, and revenue agents",79,86,28
Tax preparers,69,81,26
All other financial specialists,169,216,81
Professional and related occupations,26758,33709,12160
Computer and mathematical occupations,2993,4988,2285
Computer specialists,2903,4894,2259
Computer programmers,585,680,217
Computer scientists and systems analysts,459,729,309
"Computer and information scientists, research",28,39,14
Computer systems analysts,431,689,296
Computer software engineers,697,1361,711
"Computer software engineers, applications",380,760,406
"Computer software engineers, systems software",317,601,306
Computer support specialists,506,996,512
Database administrators,106,176,74
Network and computer systems administrators,229,416,197
Network systems and data communications analysts,119,211,97
All other computer specialists,203,326,141
Mathematical science occupations,89,95,26
Mathematical scientists and technicians,85,90,25
Actuaries,14,15,3
Mathematicians,4,4,0
Operations research analysts,47,51,19
Statisticians,19,20,3
Miscellaneous mathematical science occupations,5,5,1
Architecture and engineering occupations,2605,2930,868
"Architects, surveyors, and cartographers",196,229,61
"Architects, except naval",124,150,33
"Architects, except landscape and naval",102,121,25
Landscape architects,22,29,8
"Surveyors, cartographers, and photogrammetrists",65,71,26
Cartographers and photogrammetrists,7,8,3
Surveyors,58,63,22
"All other architects, surveyors, and cartographers",6,8,2
Engineers,1465,1603,432
Aerospace engineers,50,57,22
Agricultural engineers,2,3,1
Biomedical engineers,7,9,4
Chemical engineers,33,34,7
Civil engineers,232,256,60
Computer hardware engineers,60,75,23
Electrical and electronics engineers,288,319,84
Electrical engineers,157,175,47
"Electronics engineers, except computer",130,144,37
Environmental engineers,52,66,24
"Industrial engineers, including health and safety",198,210,45
"Health and safety engineers, except mining safety engineers and inspectors",44,49,12
Industrial engineers,154,161,33
Marine engineers and naval architects,5,5,1
Materials engineers,33,35,9
Mechanical engineers,221,251,94
"Mining and geological engineers, including mining safety engineers",6,6,1
Nuclear engineers,14,14,3
Petroleum engineers,9,8,2
All other engineers,253,254,51
"Drafters, engineering, and mapping technicians",944,1098,375
Drafters,213,255,106
Architectural and civil drafters,102,123,52
Electrical and electronics drafters,41,51,22
Mechanical drafters,70,81,32
"Engineering technicians, except drafters",519,582,167
Aerospace engineering and operations technicians,21,22,5
Civil engineering technicians,94,105,30
Electrical and electronic engineering technicians,233,258,72
Electro-mechanical technicians,43,50,15
Environmental engineering technicians,18,24,9
Industrial engineering technicians,52,57,16
Mechanical engineering technicians,58,66,20
Surveying and mapping technicians,55,70,32
"All other drafters, engineering, and mapping technicians",156,192,70
"Life, physical, and social science occupations",1164,1386,559
Life scientists,184,218,93
Agricultural and food scientists,17,19,7
Biological scientists,73,88,42
Conservation scientists and foresters,29,31,12
Conservation scientists,16,18,7
Foresters,12,13,5
Medical scientists,37,47,18
All other life scientists,28,33,15
Physical scientists,239,283,124
Astronomers and physicists,10,11,4
Atmospheric and space scientists,7,8,3
Chemists and materials scientists,92,110,47
Chemists,84,100,43
Materials scientists,8,9,4
Environmental scientists and geoscientists,97,118,52
"Environmental scientists and specialists, including health",64,78,35
"Geoscientists, except hydrologists and geographers",25,30,13
Hydrologists,8,10,5
All other physical scientists,33,36,17
Social scientists and related occupations,410,492,178
Economists,22,26,9
Market and survey researchers,113,142,55
Market research analysts,90,112,42
Survey researchers,23,30,13
Psychologists,182,214,75
"Social scientists, other",15,17,6
Urban and regional planners,30,35,12
All other social scientists and related workers,49,58,20
"Life, physical, and social science technicians",330,393,164
Agricultural and food science technicians,18,20,7
Biological technicians,41,52,21
Chemical technicians,73,84,28
Geological and petroleum technicians,10,11,3
Nuclear technicians,3,4,2
"Other life, physical, and social science technicians",184,221,104
"Environmental science and protection technicians, including health",27,34,17
Forensic science technicians,6,7,3
Forest and conservation technicians,18,19,7
"All other life, physical, and social science technicians",133,161,77
Community and social services occupations,1869,2398,846
Counselors,465,585,215
"Educational, vocational, and school counselors",205,257,94
Marriage and family therapists,21,27,11
Mental health counselors,67,82,28
Rehabilitation counselors,110,136,49
Substance abuse and behavioral disorder counselors,61,82,34
Miscellaneous community and social service specialists,398,575,236
Health educators,43,53,17
Probation officers and correctional treatment specialists,84,105,33
Social and human service assistants,271,418,187
Religious workers,293,338,112
Clergy,171,197,73
"Directors, religious activities and education",121,141,40
Social workers,468,609,193
"Child, family, and school social workers",281,357,107
Medical and public health social workers,104,136,44
Mental health and substance abuse social workers,83,116,42
"All other counselors, social, and religious workers",244,290,89
Legal occupations,1119,1335,304
"Judges, magistrates, and other judicial workers",43,44,14
"Administrative law judges, adjudicators, and hearing officers",14,14,4
"Arbitrators, mediators, and conciliators",4,6,2
"Judges, magistrate judges, and magistrates",24,24,7
Lawyers,681,803,168
Paralegals and legal assistants,188,251,74
Miscellaneous legal support workers,98,106,17
Court reporters,18,21,5
Law clerks,31,35,7
"Title examiners, abstractors, and searchers",48,49,5
All other legal and related workers,109,131,32
"Education, training, and library occupations",8260,9831,3356
Postsecondary teachers,1344,1659,682
"Primary, secondary, and special education teachers",4284,4995,1663
Preschool and kindergarten teachers,597,707,184
"Preschool teachers, except special education",423,507,137
"Kindergarten teachers, except special education",175,200,47
Elementary and middle school teachers,2122,2381,742
"Elementary school teachers, except special education",1532,1734,551
"Middle school teachers, except special and vocational education",570,625,184
"Vocational education teachers, middle school",20,22,7
Secondary school teachers,1113,1314,540
"Secondary school teachers, except special and vocational education",1004,1190,492
"Vocational education teachers, secondary school",109,123,48
Special education teachers,453,592,197
"Special education teachers, preschool, kindergarten, and elementary school",234,320,116
"Special education teachers, middle school",96,119,35
"Special education teachers, secondary school",123,153,46
Other teachers and instructors,901,1076,266
"Adult literacy, remedial education, and GED teachers and instructors",67,80,20
Self-enrichment education teachers,186,220,53
"All other teachers, primary, secondary, and adult",648,776,193
"Library, museum, training, and other education occupations",1731,2101,745
"Archivists, curators, and museum technicians",21,24,7
Librarians,149,160,41
Library technicians,109,130,70
Teacher assistants,1262,1562,565
"Other education, training, library, and museum workers",190,225,62
Audio-visual collections specialists,11,13,3
Farm and home management advisors,11,11,2
Instructional coordinators,81,101,32
"All other library, museum, training, and other education workers",87,99,25
"Arts, design, entertainment, sports, and media occupations",2371,2864,947
Art and design occupations,750,903,251
Artists and related workers,147,176,60
Art directors,47,56,19
"Fine artists, including painters, sculptors, and illustrators",31,35,10
Multi-media artists and animators,69,85,30
Designers,492,596,154
Commercial and industrial designers,50,62,17
Fashion designers,16,19,5
Floral designers,102,118,26
Graphic designers,190,241,70
Interior designers,46,54,13
Merchandise displayers and window trimmers,76,88,20
Set and exhibit designers,12,15,4
All other art and design workers,112,130,37
"Entertainers and performers, sports and related occupations",626,763,257
"Actors, producers, and directors",158,200,73
Actors,99,126,46
Producers and directors,58,74,27
"Athletes, coaches, umpires, and related workers",129,153,50
Athletes and sports competitors,18,22,7
Coaches and scouts,99,117,37
"Umpires, referees, and other sports officials",11,14,5
Dancers and choreographers,26,30,9
Dancers,15,18,6
Choreographers,11,12,4
"Musicians, singers, and related workers",240,285,90
Music directors and composers,50,56,16
Musicians and singers,191,229,74
"All other entertainers and performers, sports and related workers",74,95,35
Media and communication occupations,703,856,315
Announcers,71,68,11
"News analysts, reporters and correspondents",78,80,27
Public relations specialists,137,186,73
Writers and editors,305,385,158
Editors,122,149,67
Technical writers,57,74,34
Writers and authors,126,162,57
Miscellaneous media and communications workers,112,137,47
Interpreters and translators,22,27,9
All other media and communication workers,90,110,37
Media and communication equipment occupations,291,342,124
Broadcast and sound engineering technicians and radio operators,87,99,38
Audio and video equipment technicians,37,43,17
Broadcast technicians,36,40,14
Radio operators,3,3,1
Sound engineering technicians,11,13,5
Photographers,131,153,48
"Television, video, and motion picture camera operators and editors",43,53,19
"Camera operators, television, video, and motion picture",27,33,12
Film and video editors,16,20,7
All other media and communication equipment workers,31,36,19
Healthcare practitioners and technical occupations,6379,7978,2995
Health diagnosing and treating practitioners,3921,4888,1773
Chiropractors,50,62,21
Dentists,152,161,43
Dietitians and nutritionists,49,56,21
Optometrists,31,37,12
Pharmacists,217,270,118
Physicians and surgeons,598,705,196
Physician assistants,58,89,43
Podiatrists,18,20,6
Registered nurses,2194,2755,1004
Therapists,439,584,255
Audiologists,13,19,9
Occupational therapists,78,105,46
Physical therapists,132,176,77
Radiation therapists,16,19,7
Recreational therapists,29,32,10
Respiratory therapists,83,112,50
Speech-language pathologists,88,122,57
Veterinarians,59,77,29
All other health diagnosing and treating practitioners,57,71,26
Other health professionals and technicians,2457,3090,1222
Clinical laboratory technologists and technicians,295,348,122
Medical and clinical laboratory technologists,148,174,60
Medical and clinical laboratory technicians,147,175,62
Dental hygienists,147,201,76
Diagnostic related technologists and technicians,257,322,121
Cardiovascular technologists and technicians,39,52,22
Diagnostic medical sonographers,33,41,16
Nuclear medicine technologists,18,22,8
Radiologic technologists and technicians,167,206,75
Emergency medical technicians and paramedics,172,226,97
Health diagnosing and treating practitioner support technicians,417,551,242
Dietetic technicians,26,33,14
Pharmacy technicians,190,259,118
Psychiatric technicians,54,59,19
Respiratory therapy technicians,27,36,16
Surgical technologists,71,96,43
Veterinary technologists and technicians,49,69,32
Licensed practical and licensed vocational nurses,700,842,322
Medical records and health information technicians,136,202,97
"Opticians, dispensing",68,81,25
Other health practitioners and technical workers,266,317,119
Athletic trainers,15,17,6
Occupational health and safety specialists and technicians,35,40,14
Orthotists and prosthetists,5,6,2
All other health practitioners and technical workers,212,253,96
Service occupations,26075,31163,13505
Healthcare support occupations,3196,4264,1612
Dental assistants,247,339,136
Massage therapists,34,45,18
"Nursing, psychiatric, and home health aides",2053,2676,885
Home health aides,615,907,370
"Nursing aides, orderlies, and attendants",1373,1697,498
Psychiatric aides,65,73,17
Occupational therapist assistants and aides,25,35,18
Occupational therapist assistants,17,23,11
Occupational therapist aides,9,12,6
Physical therapist assistants and aides,80,116,60
Physical therapist assistants,44,64,33
Physical therapist aides,36,53,27
Medical assistants and other healthcare support occupations,757,1052,496
Medical assistants,329,516,274
Medical equipment preparers,33,39,15
Medical transcriptionists,102,132,57
Pharmacy aides,57,68,26
Veterinary assistants and laboratory animal caretakers,55,77,37
All other healthcare support workers,181,219,86
Protective service occupations,3087,3896,1677
"First-line supervisors/managers, protective service workers",273,319,122
First-line supervisors/managers of correctional officers,30,38,14
First-line supervisors/managers of fire fighting and prevention workers,62,66,24
First-line supervisors/managers of police and detectives,121,136,48
"First-line supervisors/managers of protective service workers, except police, fire and corrections",61,78,35
Fire fighters,258,280,90
Fire inspectors,13,15,5
Law enforcement workers,1150,1445,551
"Bailiffs, correctional officers, and jailers",427,563,240
Bailiffs,14,15,5
Correctional officers and jailers,414,548,235
Detectives and criminal investigators,93,108,36
Fish and game wardens,8,9,2
Parking enforcement workers,9,10,2
Police and sheriffs patrol officers,607,748,269
Transit and railroad police,6,7,2
Other protective service workers,1394,1837,910
Animal control workers,9,10,8
Crossing guards,74,81,32
Private detectives and investigators,39,48,20
Security guards and gaming surveillance officers,1117,1509,698
Gaming surveillance officers and gaming investigators,11,13,5
Security guards,1106,1497,693
All other protective service workers,156,190,153
Food preparation and serving related occupations,10140,11717,6256
"Supervisors, food preparation and serving workers",788,882,301
Chefs and head cooks,139,151,55
First-line supervisors/managers of food preparation and serving workers,649,731,246
Cooks and food preparation workers,2709,3041,1193
Cooks,1864,2054,725
"Cooks, fast food",522,518,148
"Cooks, institution and cafeteria",465,500,167
"Cooks, private household",5,4,1
"Cooks, restaurant",668,813,335
"Cooks, short order",205,219,72
Food preparation workers,844,988,469
Food and beverage serving workers,5201,6384,4218
Bartenders,387,439,204
"Combined food preparation and serving workers, including fast food",2206,2879,2023
"Counter attendants, cafeteria, food concession, and coffee shop",421,482,387
"Food servers, nonrestaurant",205,238,124
Waiters and waitresses,1983,2347,1479
Other food preparation and serving related workers,1442,1410,543
Dining room and cafeteria attendants and bartender helpers,431,402,145
Dishwashers,525,483,197
"Hosts and hostesses, restaurant, lounge, and coffee shop",343,388,147
All other food preparation and serving related workers,143,137,54
Building and grounds cleaning and maintenance occupations,5549,6328,1912
"Supervisors, building and grounds cleaning and maintenance workers",378,441,131
First-line supervisors/managers of housekeeping and janitorial workers,219,250,91
"First-line supervisors/managers of landscaping, lawn service, and groundskeeping workers",159,191,41
Building cleaning workers,3981,4381,1179
"Janitors and cleaners, except maids and housekeeping cleaners",2348,2665,741
Maids and housekeeping cleaners,1633,1716,438
Grounds maintenance workers,973,1245,516
Landscaping and groundskeeping workers,894,1154,484
"Pesticide handlers, sprayers, and applicators, vegetation",27,30,10
Tree trimmers and pruners,52,61,22
Pest control workers,58,71,24
All other building and grounds cleaning and maintenance workers,159,190,63
Personal care and service occupations,4103,4959,2047
First-line supervisors/managers of personal service workers,125,144,53
Animal care and service workers,145,176,61
Animal trainers,15,17,5
Nonfarm animal caretakers,131,159,56
Child care workers,1193,1319,531
Entertainment attendants and related workers,344,421,247
Motion picture projectionists,11,8,3
"Ushers, lobby attendants, and ticket takers",112,124,102
Miscellaneous entertainment attendants and related workers,221,289,142
Amusement and recreation attendants,197,260,130
"Costume, locker room and other attendants",24,28,13
Funeral service workers,33,38,12
Embalmers,7,7,2
Funeral attendants,26,31,11
Gaming occupations,167,211,98
"First-line supervisors/managers, gaming workers",46,55,22
Gaming supervisors,31,37,15
Slot key persons,14,18,7
Gaming services workers,100,131,65
Gaming and sports book writers and runners,12,15,7
Gaming dealers,88,116,59
All other gaming service workers,21,25,11
Personal appearance workers,790,880,294
Barbers,73,64,21
"Hairdressers, hairstylists, and cosmetologists",636,718,238
Miscellaneous personal appearance workers,81,97,36
Manicurists and pedicurists,40,51,21
Shampooers,20,22,7
Skin care specialists,21,24,8
Personal and home care aides,414,672,322
Recreation and fitness workers,427,545,206
Fitness trainers and aerobics instructors,158,222,97
Recreation workers,269,323,110
Residential advisors,44,55,21
"Transportation, tourism, and lodging attendants",259,300,128
"Baggage porters, bellhops, and concierges",68,78,33
Baggage porters and bellhops,51,57,24
Concierges,18,20,9
Tour and travel guides,44,48,18
Transportation attendants,147,174,78
Flight attendants,124,147,65
"Transportation attendants, except flight attendants and baggage porters",23,27,12
All other personal care and service workers,163,198,72
Sales and related occupations,15513,17365,6712
Advertising sales agents,155,196,72
Cashiers,3363,3851,2013
"Cashiers, except gaming",3325,3799,1982
Gaming change persons and booth cashiers,38,52,31
Counter and rental clerks,423,506,274
"Door-to-door sales workers, news and street vendors, and related workers",166,156,42
Insurance sales agents,378,390,109
"Models, demonstrators, and product promoters",121,152,70
Demonstrators and product promoters,118,147,68
Models,4,5,2
Parts salespersons,260,248,77
Real estate brokers and sales agents,432,473,116
Real estate brokers,93,102,25
Real estate sales agents,339,371,91
Retail salespersons,4109,4619,2073
Sales engineers,85,100,37
"Sales representatives, wholesale and manufacturing",1821,1932,606
"Sales representatives, wholesale and manufacturing, technical and scientific products",396,426,137
"Sales representatives, wholesale and manufacturing, except technical and scientific products",1425,1507,469
"Securities, commodities, and financial services sales agents",367,449,112
"Supervisors, sales workers",2504,2697,556
First-line supervisors/managers of retail sales workers,2072,2240,467
First-line supervisors/managers of non-retail sales workers,432,457,89
Telemarketers,572,699,244
Travel agents,135,139,37
All other sales and related workers,621,758,273
Office and administrative support occupations,23882,26053,7667
First-line supervisors/managers of office and administrative support workers,1392,1522,399
Communications equipment operators,339,273,101
"Switchboard operators, including answering service",259,218,77
Telephone operators,54,35,16
All other communications equipment operators,26,20,9
"Financial, information, and record clerks",9006,10178,3237
Financial clerks,3696,3821,1121
Bill and account collectors,400,502,201
Billing and posting clerks and machine operators,506,549,167
"Bookkeeping, accounting, and auditing clerks",1991,2030,417
Gaming cage workers,22,27,15
Payroll and timekeeping clerks,201,206,63
Procurement clerks,76,67,17
Tellers,499,440,240
Information and record clerks,5099,6105,2047
Brokerage clerks,70,69,9
Correspondence clerks,38,42,15
"Court, municipal, and license clerks",105,117,29
"Credit authorizers, checkers, and clerks",86,90,11
Customer service representatives,1946,2577,796
"Eligibility interviewers, government programs",117,106,34
File clerks,288,314,118
"Hotel, motel, and resort desk clerks",177,236,136
"Human resources assistants, except payroll and timekeeping",177,211,74
"Interviewers, except eligibility and loan",154,205,84
"Library assistants, clerical",98,118,63
Loan interviewers and clerks,139,101,9
New accounts clerks,87,89,21
Order clerks,348,277,74
Receptionists and information clerks,1078,1334,493
Reservation and transportation ticket agents and travel clerks,191,219,79
"All other financial, information, and record clerks",211,252,69
"Material recording, scheduling, dispatching, and distributing occupations",4238,4579,1530
Cargo and freight agents,60,65,17
Couriers and Messengers,141,135,38
Dispatchers,254,304,92
"Dispatchers, except police, fire, and ambulance",168,206,65
"Police, fire, and ambulance dispatchers",86,98,27
"Meter readers, utilities",49,36,12
Postal service workers,688,683,187
Postal service clerks,74,76,18
Postal service mail carriers,324,332,106
"Postal service mail sorters, processors, and processing machine operators",289,275,63
"Production, planning, and expediting clerks",332,391,115
"Shipping, receiving, and traffic clerks",890,973,262
Stock clerks and order fillers,1679,1821,740
"Weighers, measurers, checkers, and samplers, recordkeeping",83,98,35
"All other material recording, scheduling, dispatching, and distributing workers",63,73,32
"Secretaries, administrative assistants, and other office support occupations",8908,9500,2400
Computer operators,194,161,35
Data entry and information processing workers,806,774,165
Data entry keyers,509,534,106
Word processors and typists,297,240,60
Desktop publishers,38,63,32
Insurance claims and policy processing clerks,289,231,50
"Mail clerks and mail machine operators, except postal service",188,207,74
"Office clerks, general",2705,3135,949
"Office machine operators, except computer",84,68,29
Proofreaders and copy markers,35,33,13
Secretaries and administrative assistants,3902,4167,946
Executive secretaries and administrative assistants,1445,1612,412
Legal secretaries,279,336,104
Medical secretaries,314,373,113
"Secretaries, except legal, medical, and executive",1864,1846,317
Statistical assistants,21,22,2
"All other secretaries, administrative assistants, and other office support workers",645,639,104
"Farming, fishing, and forestry occupations",1429,1480,485
"First-line supervisors/managers/contractors of farming, fishing, and forestry workers",100,113,21
Agricultural workers,987,1024,359
Agricultural inspectors,15,16,5
Farmworkers,909,939,334
"Graders and sorters, agricultural products",63,69,20
Fishers and fishing vessel operators,53,46,17
"Forest, conservation, and logging workers",90,88,19
Forest and conservation workers,21,22,6
Logging workers,69,66,13
Fallers,13,12,3
Logging equipment operators,47,46,9
Log graders and scalers,8,8,2
"All other farming, fishing, and forestry workers",199,209,70
Construction and extraction occupations,7451,8439,2469
First-line supervisors/managers of construction trades and extraction workers,792,923,311
Construction trades and related workers,6466,7328,2086
Boilermakers,27,28,8
"Brickmasons, blockmasons, and stonemasons",158,179,50
Brickmasons and blockmasons,144,162,45
Stonemasons,14,17,5
Carpenters,1204,1302,302
"Carpet, floor, and tile installers and finishers",167,189,50
Carpet installers,76,84,21
"Floor layers, except carpet, wood, and hard tiles",23,27,8
Floor sanders and finishers,14,16,4
Tile and marble setters,54,62,17
"Cement masons, concrete finishers, and terrazzo workers",166,171,19
Cement masons and concrete finishers,162,167,19
Terrazzo workers and finishers,3,4,0
Construction laborers,791,926,207
Construction equipment operators,416,450,123
Operating engineers and other construction equipment operators,357,382,103
"Paving, surfacing, and tamping equipment operators",55,63,19
Pile-driver operators,4,5,1
"Drywall installers, ceiling tile installers, and tapers",188,205,35
Drywall and ceiling tile installers,143,157,27
Tapers,44,48,8
Electricians,698,819,251
Glaziers,49,56,16
Insulation workers,53,60,23
"Painters, construction and maintenance",491,585,180
Paperhangers,27,32,10
"Pipelayers, plumbers, pipefitters, and steamfitters",568,627,153
Pipelayers,65,73,19
"Plumbers, pipefitters, and steamfitters",503,554,134
Plasterers and stucco masons,54,61,16
Reinforcing iron and rebar workers,27,32,8
Roofers,158,188,67
Sheet metal workers,224,275,98
Structural iron and steel workers,84,99,24
"Helpers, construction trades",450,510,283
"Helpers-Brickmasons, blockmasons, stonemasons, and tile and marble setters",58,66,37
Helpers-Carpenters,101,108,57
Helpers-Electricians,114,129,72
"Helpers-Painters, paperhangers, plasterers, and stucco masons",27,30,17
"Helpers-Pipelayers, plumbers, pipefitters, and steamfitters",86,96,53
Helpers-Roofers,23,28,16
"All other helpers, construction trades",41,53,32
Other construction and related workers,465,534,162
Construction and building inspectors,75,86,28
Elevator installers and repairers,23,27,11
Fence erectors,29,30,6
Hazardous materials removal workers,37,49,23
Highway maintenance workers,151,159,31
Rail-track laying and maintenance equipment operators,12,9,3
Septic tank servicers and sewer pipe cleaners,15,18,6
All other construction and related workers,123,156,54
Extraction workers,193,189,72
"Derrick, rotary drill, and service unit operators, oil, gas, and mining",45,44,16
"Derrick operators, oil and gas",16,16,6
"Rotary drill operators, oil and gas",18,17,6
"Service unit operators, oil, gas, and mining",11,11,4
"Earth drillers, except oil and gas",24,27,8
"Explosives workers, ordnance handling experts, and blasters",5,5,2
Helpers-Extraction workers,37,38,18
Mining machine operators,22,19,8
Continuous mining machine operators,10,8,3
Miscellaneous mining machine operators,12,11,4
"Roustabouts, oil and gas",41,40,14
All other extraction workers,19,17,7
"Installation, maintenance, and repair occupations",5820,6482,1944
"First-line supervisors/managers of mechanics, installers, and repairers",442,513,186
"Electrical and electronic equipment mechanics, installers, and repairers",683,726,178
Avionics technicians,16,17,5
"Computer, automated teller, and office machine repairers",172,197,43
"Electric motor, power tool, and related repairers",37,40,11
"Electrical and electronics installers and repairers, transportation equipment",14,15,4
"Electrical and electronics repairers, industrial and utility",108,116,30
"Electrical and electronics repairers, commercial and industrial equipment",90,98,26
"Electrical and electronics repairers, powerhouse, substation, and relay",18,18,4
"Electronic equipment installers and repairers, motor vehicles",13,15,5
Electronic home entertainment equipment installers and repairers,37,30,7
Radio and telecommunications equipment installers and repairers,196,188,37
Radio mechanics,7,5,1
"Telecommunications equipment installers and repairers, except line installers",189,183,36
Security and fire alarm systems installers,44,54,18
"All other electrical and electronic equipment mechanics,installers, and repairers",48,54,17
"Vehicle and mobile equipment mechanics, installers, and repairers",1931,2218,778
Aircraft mechanics and service technicians,158,184,60
Automotive body and related repairers,199,219,69
Automotive glass installers and repairers,22,24,8
Automotive service technicians and mechanics,840,991,349
Bus and truck mechanics and diesel engine specialists,285,326,114
Heavy vehicle and mobile equipment service technicians and mechanics,185,203,66
Farm equipment mechanics,41,42,11
"Mobile heavy equipment mechanics, except engines",130,148,52
Rail car repairers,14,13,4
Small engine mechanics,73,79,24
Motorboat mechanics,25,27,9
Motorcycle mechanics,14,16,5
Outdoor power equipment and other small engine mechanics,33,36,11
"Miscellaneous vehicle and mobile equipment mechanics, installers, and repairers",170,192,87
Bicycle repairers,9,10,5
Recreational vehicle service technicians,12,15,8
Tire repairers and changers,89,95,40
"All other vehicle and mobile equipment mechanics, installers, and repairers",60,72,35
"Other installation, maintenance, and repair occupations",2764,3026,802
"Coin, vending, and amusement machine servicers and repairers",37,44,15
Control and valve installers and repairers,46,48,17
"Control and valve installers and repairers, except mechanical door",34,35,12
Mechanical door repairers,11,13,5
"Heating, air conditioning, and refrigeration mechanics and installers",243,297,79
"Helpers-Installation, maintenance, and repair workers",145,172,101
Home appliance repairers,43,46,11
Industrial machinery mechanics,198,205,60
Line installers and repairers,263,317,118
Electrical power-line installers and repairers,99,108,41
Telecommunications line installers and repairers,164,209,76
Locksmiths and safe repairers,23,25,10
"Maintenance and repair workers, general",1251,1310,221
"Maintenance workers, machinery",114,120,37
Manufactured building and mobile home installers,17,20,7
Millwrights,72,75,25
Precision instrument and equipment repairers,63,69,22
Camera and photographic equipment repairers,7,7,2
Medical equipment repairers,28,33,11
Musical instrument repairers and tuners,7,8,2
Watch repairers,5,6,2
All other precision instrument and equipment repairers,15,16,5
Riggers,20,22,6
"All other installation, maintenance, and repair workers",228,254,73
Production occupations,13060,13811,3932
First-line supervisors/managers of production and operating workers,819,827,224
Assemblers and fabricators,2653,2824,702
"Aircraft structure, surfaces, rigging, and systems assemblers",20,23,8
"Electrical, electronics, and electromechanical assemblers",508,492,138
"Coil winders, tapers, and finishers",56,61,19
Electrical and electronic equipment assemblers,379,355,97
Electromechanical equipment assemblers,73,76,22
Engine and other machine assemblers,67,72,18
Structural metal fabricators and fitters,101,120,35
Miscellaneous assemblers and fabricators,1957,2117,503
Fiberglass laminators and fabricators,48,53,14
Team assemblers,1458,1545,342
"Timing device assemblers, adjusters, and calibrators",12,12,2
All other assemblers and fabricators,439,507,144
Food processing occupations,760,783,214
Bakers,160,187,52
"Butchers and other meat, poultry, and fish processing workers",411,415,117
Butchers and meat cutters,141,128,34
"Meat, poultry, and fish cutters and trimmers",148,162,50
Slaughterers and meat packers,122,125,33
"Food and tobacco roasting, baking, and drying machine operators and tenders",18,17,4
Food batchmakers,66,67,17
Food cooking machine operators and tenders,37,37,7
All other food processing workers,69,61,17
Metal workers and plastic workers,2907,3156,994
Computer control programmers and operators,186,222,102
"Computer-controlled machine tool operators, metal and plastic",162,194,89
Numerical tool and process control programmers,24,28,12
"Cutting, punching, and press machine setters, operators, and tenders, metal and plastic",372,357,73
"Drilling and boring machine tool setters, operators, and tenders, metal and plastic",71,68,23
"Extruding and drawing machine setters, operators, and tenders, metal and plastic",126,143,45
"Forging machine setters, operators, and tenders, metal and plastic",54,59,22
"Grinding, lapping, polishing, and buffing machine tool setters, operators, and tenders, metal and plastic",145,156,46
"Heat treating equipment setters, operators, and tenders, metal and plastic",43,49,14
"Lathe and turning machine tool setters, operators, and tenders, metal and plastic",84,78,33
"Lay-out workers, metal and plastic",18,17,5
Machinists,430,469,127
Metal furnace and kiln operators and tenders,40,43,14
Metal-refining furnace operators and tenders,24,26,8
"Pourers and casters, metal",16,18,6
"Milling and planing machine setters, operators, and tenders, metal and plastic",34,32,11
"Model makers and patternmakers, metal and plastic",19,18,5
"Model makers, metal and plastic",11,10,3
"Patternmakers, metal and plastic",9,8,2
"Molders and molding machine setters, operators, and tenders, metal and plastic",235,252,65
Foundry mold and coremakers,59,59,12
"Molding, coremaking, and casting machine setters, operators, and tenders, metal and plastic",176,193,53
"Multiple machine tool setters, operators, and tenders, metal and plastic",105,121,32
"Plating and coating machine setters, operators, and tenders, metal and plastic",65,72,20
"Rolling machine setters, operators, and tenders, metal and plastic",49,50,17
Tool and die makers,130,132,35
"Tool grinders, filers, and sharpeners",29,27,8
"Welding, soldering, and brazing workers",521,618,244
"Welders, cutters, solderers, and brazers",446,532,211
"Welding, soldering, and brazing machine setters, operators, and tenders",74,86,32
All other metal workers and plastic workers,150,174,54
Plant and system operators,368,384,133
"Power plant operators, distributors, and dispatchers",55,55,17
Nuclear power reactor operators,4,4,1
Power distributors and dispatchers,15,14,4
Power plant operators,36,37,11
Stationary engineers and boiler operators,57,56,16
Water and liquid waste treatment plant and system operators,88,104,44
Miscellaneous plant and system operators,167,168,56
Chemical plant and system operators,71,69,22
Gas plant operators,12,11,4
"Petroleum pump system operators, refinery operators, and gaugers",35,34,11
All other plant and system operators,49,54,20
Printing occupations,534,543,160
Bookbinders and bindery workers,115,124,39
Bindery workers,105,113,36
Bookbinders,10,10,3
Job printers,56,59,18
Prepress technicians and workers,107,90,26
Printing machine operators,222,234,68
All other printing workers,34,35,9
"Textile, apparel, and furnishings occupations",1317,1285,301
"Extruding and forming machine setters, operators, and tenders, synthetic and glass fibers",41,44,13
Fabric and apparel patternmakers,15,14,5
Laundry and dry-cleaning workers,236,263,89
"Pressers, textile, garment, and related materials",110,112,17
Sewing machine operators,399,348,42
Shoe and leather workers and repairers,19,15,7
Shoe machine operators and tenders,9,4,1
"Tailors, dressmakers, and sewers",101,91,22
"Sewers, hand",43,40,9
"Tailors, dressmakers, and custom sewers",58,51,13
Textile bleaching and dyeing machine operators and tenders,37,41,11
"Textile cutting machine setters, operators, and tenders",38,35,6
"Textile knitting and weaving machine setters, operators, and tenders",70,68,11
"Textile winding, twisting, and drawing out machine setters, operators, and tenders",90,86,19
Upholsterers,58,53,19
"All other textile, apparel, and furnishings workers",95,112,36
Woodworkers,409,446,187
Cabinetmakers and bench carpenters,159,175,66
Furniture finishers,45,49,22
"Model makers and patternmakers, wood",10,12,6
"Sawing machine setters, operators, and tenders, wood",57,64,29
"Woodworking machine setters, operators, and tenders, except sawing",103,108,47
All other woodworkers,35,38,18
Other production occupations,3293,3563,1017
Cementing and gluing machine operators and tenders,36,38,11
"Chemical processing machine setters, operators, and tenders",100,110,33
Chemical equipment operators and tenders,61,70,23
"Separating, filtering, clarifying, precipitating, and still machine setters, operators, and tenders",39,40,10
"Cleaning, washing, and metal pickling equipment operators and tenders",20,17,5
Cooling and freezing equipment operators and tenders,7,7,1
"Crushing, grinding, polishing, mixing, and blending workers",202,222,65
"Crushing, grinding, and polishing machine setters, operators, and tenders",44,49,14
"Grinding and polishing workers, hand",49,55,17
"Mixing and blending machine setters, operators, and tenders",109,118,33
Cutting workers,115,117,23
"Cutters and trimmers, hand",32,33,6
"Cutting and slicing machine setters, operators, and tenders",83,84,16
Etchers and engravers,15,16,5
"Extruding, forming, pressing, and compacting machine setters, operators, and tenders",73,80,24
"Furnace, kiln, oven, drier, and kettle operators and tenders",33,34,10
Helpers-Production workers,525,587,194
"Inspectors, testers, sorters, samplers, and weighers",602,591,133
Jewelers and precious stone and metal workers,43,44,12
"Medical, dental, and ophthalmic laboratory workers",88,95,31
Dental laboratory technicians,43,46,14
Medical appliance technicians,13,15,6
Ophthalmic laboratory technicians,32,34,11
"Molders, shapers, and casters, except metal and plastic",42,45,14
Packaging and filling machine operators and tenders,379,433,138
Painting workers,195,223,72
"Coating, painting, and spraying machine setters, operators, and tenders",108,121,37
"Painters, transportation equipment",49,57,19
"Painting, coating, and decorating workers",38,45,15
"Paper goods machine setters, operators, and tenders",123,116,24
Photographic process workers and processing machine operators,76,77,23
Photographic process workers,26,24,7
Photographic processing machine operators,50,53,17
Semiconductor processors,52,69,26
Tire builders,18,20,5
All other production workers,549,619,168
Transportation and material moving occupations,10088,11618,3949
"Supervisors, transportation and material moving workers",357,427,147
Aircraft cargo handling supervisors,10,13,5
"First-line supervisors/managers of helpers, laborers, and material movers, hand",153,182,62
First-line supervisors/managers of transportation and material-moving machine and vehicle operators,194,233,80
Air transportation occupations,166,186,68
Aircraft pilots and flight engineers,117,129,38
"Airline pilots, copilots, and flight engineers",98,104,29
Commercial pilots,19,24,10
Air traffic controllers and airfield operations specialists,31,35,17
Air traffic controllers,27,29,13
Airfield operations specialists,5,6,3
All other air transportation workers,17,22,13
Motor vehicle operators,4237,4982,1398
"Ambulance drivers and attendants, except emergency medical technicians",15,20,6
Bus drivers,666,754,257
"Bus drivers, school",481,537,178
"Bus drivers, transit and intercity",185,217,79
Driver/sales workers and truck drivers,3268,3857,1038
Driver/sales workers,402,430,84
"Truck drivers, heavy and tractor-trailer",1749,2095,586
"Truck drivers, light or delivery services",1117,1331,368
Taxi drivers and chauffeurs,176,219,57
All other motor vehicle operators,112,132,39
Rail transportation occupations,115,94,52
Locomotive engineers and firers,37,38,18
"Railroad brake, signal, and switch operators",22,9,10
Railroad conductors and yardmasters,45,36,20
"Rail yard engineers, dinkey operators, and hostlers",4,4,2
All other rail transportation workers,7,7,3
Water transportation occupations,70,74,27
Sailors and marine oilers,32,33,12
Ship and boat captains and operators,25,26,9
Ship engineers,9,9,3
All other water transportation workers,5,5,2
Related transportation occupations,309,341,139
Bridge and lock tenders,4,4,2
Parking lot attendants,117,140,43
Service station attendants,112,110,57
Traffic technicians,4,5,2
Transportation inspectors,25,28,9
All other related transportation workers,46,54,26
Material moving occupations,4833,5514,2118
Cleaners of vehicles and equipment,322,382,183
Conveyor operators and tenders,63,71,26
Crane and tower operators,55,59,21
Excavating and loading machine and dragline operators,76,88,34
Hoist and winch operators,9,10,3
Industrial truck and tractor operators,635,707,160
"Laborers and freight, stock, and material movers, hand",2084,2373,985
Machine feeders and offbearers,182,159,63
"Packers and packagers, hand",1091,1300,488
Pumping station operators,32,32,10
Gas compressor and gas pumping station operators,7,7,2
"Pump operators, except wellhead pumpers",14,15,5
Wellhead pumpers,12,11,3
Refuse and recyclable material collectors,124,145,75
"Tank car, truck, and ship loaders",19,21,8
All other material moving workers,142,165,62
