occ_code,occ_title,occ_group,emp_12
00-0000,All Occupations,total,130287700
11-0000,Management Occupations,major,6390430
11-1000,Top Executives,minor,2212150
11-1010,Chief Executives,broad,255940
11-1011,Chief Executives,detailed,255940
11-1020,General and Operations Managers,broad,1899460
11-1021,General and Operations Managers,detailed,1899460
11-1030,Legislators,broad,56760
11-1031,Legislators,detailed,56760
11-2000,"Advertising, Marketing, Promotions, Public Relations, and Sales Managers",minor,598110
11-2010,Advertising and Promotions Managers,broad,28420
11-2011,Advertising and Promotions Managers,detailed,28420
11-2020,Marketing and Sales Managers,broad,516170
11-2021,Marketing Managers,detailed,171430
11-2022,Sales Managers,detailed,344730
11-2030,Public Relations and Fundraising Managers,broad,53520
11-2031,Public Relations and Fundraising Managers,detailed,53520
11-3000,Operations Specialties Managers,minor,1532610
11-3010,Administrative Services Managers,broad,264090
11-3011,Administrative Services Managers,detailed,264090
11-3020,Computer and Information Systems Managers,broad,309740
11-3021,Computer and Information Systems Managers,detailed,309740
11-3030,Financial Managers,broad,484910
11-3031,Financial Managers,detailed,484910
11-3050,Industrial Production Managers,broad,160550
11-3051,Industrial Production Managers,detailed,160550
11-3060,Purchasing Managers,broad,69400
11-3061,Purchasing Managers,detailed,69400
11-3070,"Transportation, Storage, and Distribution Managers",broad,98600
11-3071,"Transportation, Storage, and Distribution Managers",detailed,98600
11-3110,Compensation and Benefits Managers,broad,19960
11-3111,Compensation and Benefits Managers,detailed,19960
11-3120,Human Resources Managers,broad,98020
11-3121,Human Resources Managers,detailed,98020
11-3130,Training and Development Managers,broad,27350
11-3131,Training and Development Managers,detailed,27350
11-9000,Other Management Occupations,minor,2047560
11-9010,"Farmers, Ranchers, and Other Agricultural Managers",broad,3970
11-9013,"Farmers, Ranchers, and Other Agricultural Managers",detailed,3970
11-9020,Construction Managers,broad,207580
11-9021,Construction Managers,detailed,207580
11-9030,Education Administrators,broad,426670
11-9031,"Education Administrators, Preschool and Childcare Center/Program",detailed,48410
11-9032,"Education Administrators, Elementary and Secondary School",detailed,225970
11-9033,"Education Administrators, Postsecondary",detailed,122930
11-9039,"Education Administrators, All Other",detailed,29360
11-9040,Architectural and Engineering Managers,broad,187640
11-9041,Architectural and Engineering Managers,detailed,187640
11-9050,Food Service Managers,broad,189510
11-9051,Food Service Managers,detailed,189510
11-9060,Funeral Service Managers,broad,9130
11-9061,Funeral Service Managers,detailed,9130
11-9070,Gaming Managers,broad,4490
11-9071,Gaming Managers,detailed,4490
11-9080,Lodging Managers,broad,29730
11-9081,Lodging Managers,detailed,29730
11-9110,Medical and Health Services Managers,broad,293490
11-9111,Medical and Health Services Managers,detailed,293490
11-9120,Natural Sciences Managers,broad,48560
11-9121,Natural Sciences Managers,detailed,48560
11-9130,Postmasters and Mail Superintendents,broad,23790
11-9131,Postmasters and Mail Superintendents,detailed,23790
11-9140,"Property, Real Estate, and Community Association Managers",broad,159570
11-9141,"Property, Real Estate, and Community Association Managers",detailed,159570
11-9150,Social and Community Service Managers,broad,115360
11-9151,Social and Community Service Managers,detailed,115360
11-9160,Emergency Management Directors,broad,9550
11-9161,Emergency Management Directors,detailed,9550
11-9190,Miscellaneous Managers,broad,338520
11-9199,"Managers, All Other",detailed,338520
13-0000,Business and Financial Operations Occupations,major,6419370
13-1000,Business Operations Specialists,minor,3987180
13-1010,"Agents and Business Managers of Artists, Performers, and Athletes",broad,11770
13-1011,"Agents and Business Managers of Artists, Performers, and Athletes",detailed,11770
13-1020,Buyers and Purchasing Agents,broad,399990
13-1021,"Buyers and Purchasing Agents, Farm Products",detailed,10370
13-1022,"Wholesale and Retail Buyers, Except Farm Products",detailed,108670
13-1023,"Purchasing Agents, Except Wholesale, Retail, and Farm Products",detailed,280950
13-1030,"Claims Adjusters, Appraisers, Examiners, and Investigators",broad,275050
13-1031,"Claims Adjusters, Examiners, and Investigators",detailed,263280
13-1032,"Insurance Appraisers, Auto Damage",detailed,11770
13-1040,Compliance Officers,broad,227500
13-1041,Compliance Officers,detailed,227500
13-1050,Cost Estimators,broad,195230
13-1051,Cost Estimators,detailed,195230
13-1070,Human Resources Workers,broad,471340
13-1071,Human Resources Specialists,detailed,394380
13-1074,Farm Labor Contractors,detailed,1030
13-1075,Labor Relations Specialists,detailed,75930
13-1080,Logisticians,broad,119560
13-1081,Logisticians,detailed,119560
13-1110,Management Analysts,broad,540440
13-1111,Management Analysts,detailed,540440
13-1120,"Meeting, Convention, and Event Planners",broad,70480
13-1121,"Meeting, Convention, and Event Planners",detailed,70480
13-1130,Fundraisers,broad,48530
13-1131,Fundraisers,detailed,48530
13-1140,"Compensation, Benefits, and Job Analysis Specialists",broad,85620
13-1141,"Compensation, Benefits, and Job Analysis Specialists",detailed,85620
13-1150,Training and Development Specialists,broad,217930
13-1151,Training and Development Specialists,detailed,217930
13-1160,Market Research Analysts and Marketing Specialists,broad,392740
13-1161,Market Research Analysts and Marketing Specialists,detailed,392740
13-1190,Miscellaneous Business Operations Specialists,broad,931010
13-1199,"Business Operations Specialists, All Other",detailed,931010
13-2000,Financial Specialists,minor,2432190
13-2010,Accountants and Auditors,broad,1129340
13-2011,Accountants and Auditors,detailed,1129340
13-2020,Appraisers and Assessors of Real Estate,broad,59530
13-2021,Appraisers and Assessors of Real Estate,detailed,59530
13-2030,Budget Analysts,broad,58280
13-2031,Budget Analysts,detailed,58280
13-2040,Credit Analysts,broad,61240
13-2041,Credit Analysts,detailed,61240
13-2050,Financial Analysts and Advisors,broad,507090
13-2051,Financial Analysts,detailed,239810
13-2052,Personal Financial Advisors,detailed,175470
13-2053,Insurance Underwriters,detailed,91810
13-2060,Financial Examiners,broad,28060
13-2061,Financial Examiners,detailed,28060
13-2070,Credit Counselors and Loan Officers,broad,314300
13-2071,Credit Counselors,detailed,27640
13-2072,Loan Officers,detailed,286670
13-2080,"Tax Examiners, Collectors and Preparers, and Revenue Agents",broad,126700
13-2081,"Tax Examiners and Collectors, and Revenue Agents",detailed,65560
13-2082,Tax Preparers,detailed,61140
13-2090,Miscellaneous Financial Specialists,broad,147630
13-2099,"Financial Specialists, All Other",detailed,147630
15-0000,Computer and Mathematical Occupations,major,3578220
15-1100,Computer Occupations,minor,3456500
15-1110,Computer and Information Research Scientists,broad,24880
15-1111,Computer and Information Research Scientists,detailed,24880
15-1120,Computer and Information Analysts,broad,554710
15-1121,Computer Systems Analysts,detailed,482040
15-1122,Information Security Analysts,detailed,72670
15-1130,Software Developers and Programmers,broad,1397780
15-1131,Computer Programmers,detailed,316790
15-1132,"Software Developers, Applications",detailed,586340
15-1133,"Software Developers, Systems Software",detailed,391700
15-1134,Web Developers,detailed,102940
15-1140,Database and Systems Administrators and Network Architects,broad,599800
15-1141,Database Administrators,detailed,111590
15-1142,Network and Computer Systems Administrators,detailed,350320
15-1143,Computer Network Architects,detailed,137890
15-1150,Computer Support Specialists,broad,693610
15-1151,Computer User Support Specialists,detailed,525630
15-1152,Computer Network Support Specialists,detailed,167980
15-1190,Miscellaneous Computer Occupations,broad,185730
15-1199,"Computer Occupations, All Other",detailed,185730
15-2000,Mathematical Science Occupations,minor,121720
15-2010,Actuaries,broad,21340
15-2011,Actuaries,detailed,21340
15-2020,Mathematicians,broad,3250
15-2021,Mathematicians,detailed,3250
15-2030,Operations Research Analysts,broad,69180
15-2031,Operations Research Analysts,detailed,69180
15-2040,Statisticians,broad,25570
15-2041,Statisticians,detailed,25570
15-2090,Miscellaneous Mathematical Science Occupations,broad,2370
15-2091,Mathematical Technicians,detailed,1150
15-2099,"Mathematical Science Occupations, All Other",detailed,1220
17-0000,Architecture and Engineering Occupations,major,2356530
17-1000,"Architects, Surveyors, and Cartographers",minor,150150
17-1010,"Architects, Except Naval",broad,98470
17-1011,"Architects, Except Landscape and Naval",detailed,82720
17-1012,Landscape Architects,detailed,15750
17-1020,"Surveyors, Cartographers, and Photogrammetrists",broad,51680
17-1021,Cartographers and Photogrammetrists,detailed,11490
17-1022,Surveyors,detailed,40190
17-2000,Engineers,minor,1530090
17-2010,Aerospace Engineers,broad,80420
17-2011,Aerospace Engineers,detailed,80420
17-2020,Agricultural Engineers,broad,2470
17-2021,Agricultural Engineers,detailed,2470
17-2030,Biomedical Engineers,broad,18810
17-2031,Biomedical Engineers,detailed,18810
17-2040,Chemical Engineers,broad,32190
17-2041,Chemical Engineers,detailed,32190
17-2050,Civil Engineers,broad,258100
17-2051,Civil Engineers,detailed,258100
17-2060,Computer Hardware Engineers,broad,79580
17-2061,Computer Hardware Engineers,detailed,79580
17-2070,Electrical and Electronics Engineers,broad,295520
17-2071,Electrical Engineers,detailed,160560
17-2072,"Electronics Engineers, Except Computer",detailed,134960
17-2080,Environmental Engineers,broad,50850
17-2081,Environmental Engineers,detailed,50850
17-2110,"Industrial Engineers, Including Health and Safety",broad,243620
17-2111,"Health and Safety Engineers, Except Mining Safety Engineers and Inspectors",detailed,23490
17-2112,Industrial Engineers,detailed,220130
17-2120,Marine Engineers and Naval Architects,broad,6880
17-2121,Marine Engineers and Naval Architects,detailed,6880
17-2130,Materials Engineers,broad,22740
17-2131,Materials Engineers,detailed,22740
17-2140,Mechanical Engineers,broad,252540
17-2141,Mechanical Engineers,detailed,252540
17-2150,"Mining and Geological Engineers, Including Mining Safety Engineers",broad,7640
17-2151,"Mining and Geological Engineers, Including Mining Safety Engineers",detailed,7640
17-2160,Nuclear Engineers,broad,19930
17-2161,Nuclear Engineers,detailed,19930
17-2170,Petroleum Engineers,broad,36410
17-2171,Petroleum Engineers,detailed,36410
17-2190,Miscellaneous Engineers,broad,122410
17-2199,"Engineers, All Other",detailed,122410
17-3000,"Drafters, Engineering Technicians, and Mapping Technicians",minor,676280
17-3010,Drafters,broad,189570
17-3011,Architectural and Civil Drafters,detailed,83410
17-3012,Electrical and Electronics Drafters,detailed,28160
17-3013,Mechanical Drafters,detailed,63220
17-3019,"Drafters, All Other",detailed,14780
17-3020,"Engineering Technicians, Except Drafters",broad,439710
17-3021,Aerospace Engineering and Operations Technicians,detailed,9750
17-3022,Civil Engineering Technicians,detailed,70790
17-3023,Electrical and Electronics Engineering Technicians,detailed,144460
17-3024,Electro-Mechanical Technicians,detailed,16990
17-3025,Environmental Engineering Technicians,detailed,18590
17-3026,Industrial Engineering Technicians,detailed,67400
17-3027,Mechanical Engineering Technicians,detailed,46630
17-3029,"Engineering Technicians, Except Drafters, All Other",detailed,65090
17-3030,Surveying and Mapping Technicians,broad,47000
17-3031,Surveying and Mapping Technicians,detailed,47000
19-0000,"Life, Physical, and Social Science Occupations",major,1104100
19-1000,Life Scientists,minor,260030
19-1010,Agricultural and Food Scientists,broad,28220
19-1011,Animal Scientists,detailed,2120
19-1012,Food Scientists and Technologists,detailed,13680
19-1013,Soil and Plant Scientists,detailed,12410
19-1020,Biological Scientists,broad,94680
19-1021,Biochemists and Biophysicists,detailed,26410
19-1022,Microbiologists,detailed,18550
19-1023,Zoologists and Wildlife Biologists,detailed,18650
19-1029,"Biological Scientists, All Other",detailed,31080
19-1030,Conservation Scientists and Foresters,broad,27920
19-1031,Conservation Scientists,detailed,18460
19-1032,Foresters,detailed,9470
19-1040,Medical Scientists,broad,100270
19-1041,Epidemiologists,detailed,4850
19-1042,"Medical Scientists, Except Epidemiologists",detailed,95420
19-1090,Miscellaneous Life Scientists,broad,8940
19-1099,"Life Scientists, All Other",detailed,8940
19-2000,Physical Scientists,minor,274610
19-2010,Astronomers and Physicists,broad,19960
19-2011,Astronomers,detailed,2150
19-2012,Physicists,detailed,17820
19-2020,Atmospheric and Space Scientists,broad,10190
19-2021,Atmospheric and Space Scientists,detailed,10190
19-2030,Chemists and Materials Scientists,broad,92920
19-2031,Chemists,detailed,84950
19-2032,Materials Scientists,detailed,7970
19-2040,Environmental Scientists and Geoscientists,broad,126300
19-2041,"Environmental Scientists and Specialists, Including Health",detailed,84240
19-2042,"Geoscientists, Except Hydrologists and Geographers",detailed,35180
19-2043,Hydrologists,detailed,6880
19-2090,Miscellaneous Physical Scientists,broad,25230
19-2099,"Physical Scientists, All Other",detailed,25230
19-3000,Social Scientists and Related Workers,minor,235390
19-3010,Economists,broad,15760
19-3011,Economists,detailed,15760
19-3020,Survey Researchers,broad,17370
19-3022,Survey Researchers,detailed,17370
19-3030,Psychologists,broad,114970
19-3031,"Clinical, Counseling, and School Psychologists",detailed,103590
19-3032,Industrial-Organizational Psychologists,detailed,1030
19-3039,"Psychologists, All Other",detailed,10350
19-3040,Sociologists,broad,2340
19-3041,Sociologists,detailed,2340
19-3050,Urban and Regional Planners,broad,37620
19-3051,Urban and Regional Planners,detailed,37620
19-3090,Miscellaneous Social Scientists and Related Workers,broad,47330
19-3091,Anthropologists and Archeologists,detailed,6060
19-3092,Geographers,detailed,1510
19-3093,Historians,detailed,3340
19-3094,Political Scientists,detailed,5750
19-3099,"Social Scientists and Related Workers, All Other",detailed,30660
19-4000,"Life, Physical, and Social Science Technicians",minor,334060
19-4010,Agricultural and Food Science Technicians,broad,18280
19-4011,Agricultural and Food Science Technicians,detailed,18280
19-4020,Biological Technicians,broad,72740
19-4021,Biological Technicians,detailed,72740
19-4030,Chemical Technicians,broad,61300
19-4031,Chemical Technicians,detailed,61300
19-4040,Geological and Petroleum Technicians,broad,15360
19-4041,Geological and Petroleum Technicians,detailed,15360
19-4050,Nuclear Technicians,broad,8040
19-4051,Nuclear Technicians,detailed,8040
19-4060,Social Science Research Assistants,broad,26370
19-4061,Social Science Research Assistants,detailed,26370
19-4090,"Miscellaneous Life, Physical, and Social Science Technicians",broad,131970
19-4091,"Environmental Science and Protection Technicians, Including Health",detailed,30890
19-4092,Forensic Science Technicians,detailed,12440
19-4093,Forest and Conservation Technicians,detailed,31720
19-4099,"Life, Physical, and Social Science Technicians, All Other",detailed,56920
21-0000,Community and Social Service Occupations,major,1882080
21-1000,"Counselors, Social Workers, and Other Community and Social Service Specialists",minor,1811660
21-1010,Counselors,broad,598250
21-1011,Substance Abuse and Behavioral Disorder Counselors,detailed,80130
21-1012,"Educational, Guidance, School, and Vocational Counselors",detailed,237480
21-1013,Marriage and Family Therapists,detailed,34270
21-1014,Mental Health Counselors,detailed,115080
21-1015,Rehabilitation Counselors,detailed,104070
21-1019,"Counselors, All Other",detailed,27220
21-1020,Social Workers,broad,582270
21-1021,"Child, Family, and School Social Workers",detailed,273920
21-1022,Healthcare Social Workers,detailed,140000
21-1023,Mental Health and Substance Abuse Social Workers,detailed,109920
21-1029,"Social Workers, All Other",detailed,58430
21-1090,Miscellaneous Community and Social Service Specialists,broad,631150
21-1091,Health Educators,detailed,55270
21-1092,Probation Officers and Correctional Treatment Specialists,detailed,86780
21-1093,Social and Human Service Assistants,detailed,351400
21-1094,Community Health Workers,detailed,38020
21-1099,"Community and Social Service Specialists, All Other",detailed,99680
21-2000,Religious Workers,minor,70410
21-2010,Clergy,broad,44000
21-2011,Clergy,detailed,44000
21-2020,"Directors, Religious Activities and Education",broad,18310
21-2021,"Directors, Religious Activities and Education",detailed,18310
21-2090,Miscellaneous Religious Workers,broad,8110
21-2099,"Religious Workers, All Other",detailed,8110
23-0000,Legal Occupations,major,1023020
23-1000,"Lawyers, Judges, and Related Workers",minor,641020
23-1010,Lawyers and Judicial Law Clerks,broad,593120
23-1011,Lawyers,detailed,581920
23-1012,Judicial Law Clerks,detailed,11200
23-1020,"Judges, Magistrates, and Other Judicial Workers",broad,47900
23-1021,"Administrative Law Judges, Adjudicators, and Hearing Officers",detailed,14150
23-1022,"Arbitrators, Mediators, and Conciliators",detailed,6520
23-1023,"Judges, Magistrate Judges, and Magistrates",detailed,27220
23-2000,Legal Support Workers,minor,382000
23-2010,Paralegals and Legal Assistants,broad,267030
23-2011,Paralegals and Legal Assistants,detailed,267030
23-2090,Miscellaneous Legal Support Workers,broad,114970
23-2091,Court Reporters,detailed,18590
23-2093,"Title Examiners, Abstractors, and Searchers",detailed,49390
23-2099,"Legal Support Workers, All Other",detailed,47000
25-0000,"Education, Training, and Library Occupations",major,8374910
25-1000,Postsecondary Teachers,minor,1496810
25-1010,"Business Teachers, Postsecondary",broad,82460
25-1011,"Business Teachers, Postsecondary",detailed,82460
25-1020,"Math and Computer Teachers, Postsecondary",broad,87880
25-1021,"Computer Science Teachers, Postsecondary",detailed,34350
25-1022,"Mathematical Science Teachers, Postsecondary",detailed,53530
25-1030,"Engineering and Architecture Teachers, Postsecondary",broad,41260
25-1031,"Architecture Teachers, Postsecondary",detailed,7290
25-1032,"Engineering Teachers, Postsecondary",detailed,33970
25-1040,"Life Sciences Teachers, Postsecondary",broad,63020
25-1041,"Agricultural Sciences Teachers, Postsecondary",detailed,10500
25-1042,"Biological Science Teachers, Postsecondary",detailed,50040
25-1043,"Forestry and Conservation Science Teachers, Postsecondary",detailed,2490
25-1050,"Physical Sciences Teachers, Postsecondary",broad,50190
25-1051,"Atmospheric, Earth, Marine, and Space Sciences Teachers, Postsecondary",detailed,10930
25-1052,"Chemistry Teachers, Postsecondary",detailed,20430
25-1053,"Environmental Science Teachers, Postsecondary",detailed,4990
25-1054,"Physics Teachers, Postsecondary",detailed,13840
25-1060,"Social Sciences Teachers, Postsecondary",broad,115380
25-1061,"Anthropology and Archeology Teachers, Postsecondary",detailed,5690
25-1062,"Area, Ethnic, and Cultural Studies Teachers, Postsecondary",detailed,9710
25-1063,"Economics Teachers, Postsecondary",detailed,13390
25-1064,"Geography Teachers, Postsecondary",detailed,4460
25-1065,"Political Science Teachers, Postsecondary",detailed,16770
25-1066,"Psychology Teachers, Postsecondary",detailed,38060
25-1067,"Sociology Teachers, Postsecondary",detailed,16880
25-1069,"Social Sciences Teachers, Postsecondary, All Other",detailed,10430
25-1070,"Health Teachers, Postsecondary",broad,208350
25-1071,"Health Specialties Teachers, Postsecondary",detailed,152130
25-1072,"Nursing Instructors and Teachers, Postsecondary",detailed,56220
25-1080,"Education and Library Science Teachers, Postsecondary",broad,67430
25-1081,"Education Teachers, Postsecondary",detailed,62920
25-1082,"Library Science Teachers, Postsecondary",detailed,4510
25-1110,"Law, Criminal Justice, and Social Work Teachers, Postsecondary",broad,39090
25-1111,"Criminal Justice and Law Enforcement Teachers, Postsecondary",detailed,14020
25-1112,"Law Teachers, Postsecondary",detailed,15260
25-1113,"Social Work Teachers, Postsecondary",detailed,9810
25-1120,"Arts, Communications, and Humanities Teachers, Postsecondary",broad,271550
25-1121,"Art, Drama, and Music Teachers, Postsecondary",detailed,92570
25-1122,"Communications Teachers, Postsecondary",detailed,30030
25-1123,"English Language and Literature Teachers, Postsecondary",detailed,72680
25-1124,"Foreign Language and Literature Teachers, Postsecondary",detailed,29810
25-1125,"History Teachers, Postsecondary",detailed,23590
25-1126,"Philosophy and Religion Teachers, Postsecondary",detailed,22880
25-1190,Miscellaneous Postsecondary Teachers,broad,470200
25-1191,Graduate Teaching Assistants,detailed,120160
25-1192,"Home Economics Teachers, Postsecondary",detailed,4700
25-1193,"Recreation and Fitness Studies Teachers, Postsecondary",detailed,19410
25-1194,"Vocational Education Teachers, Postsecondary",detailed,121550
25-1199,"Postsecondary Teachers, All Other",detailed,204380
25-2000,"Preschool, Primary, Secondary, and Special Education School Teachers",minor,4033290
25-2010,Preschool and Kindergarten Teachers,broad,497720
25-2011,"Preschool Teachers, Except Special Education",detailed,340350
25-2012,"Kindergarten Teachers, Except Special Education",detailed,157370
25-2020,Elementary and Middle School Teachers,broad,1999790
25-2021,"Elementary School Teachers, Except Special Education",detailed,1360380
25-2022,"Middle School Teachers, Except Special and Career/Technical Education",detailed,620900
25-2023,"Career/Technical Education Teachers, Middle School",detailed,18510
25-2030,Secondary School Teachers,broad,1047550
25-2031,"Secondary School Teachers, Except Special and Career/Technical Education",detailed,959770
25-2032,"Career/Technical Education Teachers, Secondary School",detailed,87780
25-2050,Special Education Teachers,broad,488230
25-2051,"Special Education Teachers, Preschool",detailed,21770
25-2052,"Special Education Teachers, Kindergarten and Elementary School",detailed,197740
25-2053,"Special Education Teachers, Middle School",detailed,96380
25-2054,"Special Education Teachers, Secondary School",detailed,133080
25-2059,"Special Education Teachers, All Other",detailed,39260
25-3000,Other Teachers and Instructors,minor,1137130
25-3010,Adult Basic and Secondary Education and Literacy Teachers and Instructors,broad,66040
25-3011,Adult Basic and Secondary Education and Literacy Teachers and Instructors,detailed,66040
25-3020,Self-Enrichment Education Teachers,broad,179650
25-3021,Self-Enrichment Education Teachers,detailed,179650
25-3090,Miscellaneous Teachers and Instructors,broad,891450
25-3098,Substitute Teachers,detailed,619700
25-3099,"Teachers and Instructors, All Other, Except Substitute Teachers",detailed,271740
25-4000,"Librarians, Curators, and Archivists",minor,266950
25-4010,"Archivists, Curators, and Museum Technicians",broad,26440
25-4011,Archivists,detailed,5640
25-4012,Curators,detailed,10370
25-4013,Museum Technicians and Conservators,detailed,10430
25-4020,Librarians,broad,140280
25-4021,Librarians,detailed,140280
25-4030,Library Technicians,broad,100230
25-4031,Library Technicians,detailed,100230
25-9000,"Other Education, Training, and Library Occupations",minor,1440720
25-9010,Audio-Visual and Multimedia Collections Specialists,broad,8690
25-9011,Audio-Visual and Multimedia Collections Specialists,detailed,8690
25-9020,Farm and Home Management Advisors,broad,11060
25-9021,Farm and Home Management Advisors,detailed,11060
25-9030,Instructional Coordinators,broad,133100
25-9031,Instructional Coordinators,detailed,133100
25-9040,Teacher Assistants,broad,1185700
25-9041,Teacher Assistants,detailed,1185700
25-9090,"Miscellaneous Education, Training, and Library Workers",broad,102180
25-9099,"Education, Training, and Library Workers, All Other",detailed,102180
27-0000,"Arts, Design, Entertainment, Sports, and Media Occupations",major,1750130
27-1000,Art and Design Workers,minor,499620
27-1010,Artists and Related Workers,broad,84990
27-1011,Art Directors,detailed,31570
27-1012,Craft Artists,detailed,4810
27-1013,"Fine Artists, Including Painters, Sculptors, and Illustrators",detailed,12480
27-1014,Multimedia Artists and Animators,detailed,29270
27-1019,"Artists and Related Workers, All Other",detailed,6850
27-1020,Designers,broad,414630
27-1021,Commercial and Industrial Designers,detailed,29030
27-1022,Fashion Designers,detailed,16560
27-1023,Floral Designers,detailed,47110
27-1024,Graphic Designers,detailed,191440
27-1025,Interior Designers,detailed,40750
27-1026,Merchandise Displayers and Window Trimmers,detailed,73490
27-1027,Set and Exhibit Designers,detailed,8680
27-1029,"Designers, All Other",detailed,7560
27-2000,"Entertainers and Performers, Sports and Related Workers",minor,489840
27-2010,"Actors, Producers, and Directors",broad,157550
27-2011,Actors,detailed,70540
27-2012,Producers and Directors,detailed,87010
27-2020,"Athletes, Coaches, Umpires, and Related Workers",broad,229830
27-2021,Athletes and Sports Competitors,detailed,12450
27-2022,Coaches and Scouts,detailed,201800
27-2023,"Umpires, Referees, and Other Sports Officials",detailed,15570
27-2030,Dancers and Choreographers,broad,18790
27-2031,Dancers,detailed,11390
27-2032,Choreographers,detailed,7400
27-2040,"Musicians, Singers, and Related Workers",broad,67050
27-2041,Music Directors and Composers,detailed,24940
27-2042,Musicians and Singers,detailed,42100
27-2090,"Miscellaneous Entertainers and Performers, Sports and Related Workers",broad,16630
27-2099,"Entertainers and Performers, Sports and Related Workers, All Other",detailed,16630
27-3000,Media and Communication Workers,minor,551020
27-3010,Announcers,broad,39460
27-3011,Radio and Television Announcers,detailed,31340
27-3012,Public Address System and Other Announcers,detailed,8120
27-3020,"News Analysts, Reporters and Correspondents",broad,50740
27-3021,Broadcast News Analysts,detailed,5170
27-3022,Reporters and Correspondents,detailed,45570
27-3030,Public Relations Specialists,broad,201280
27-3031,Public Relations Specialists,detailed,201280
27-3040,Writers and Editors,broad,187190
27-3041,Editors,detailed,99040
27-3042,Technical Writers,detailed,46160
27-3043,Writers and Authors,detailed,41990
27-3090,Miscellaneous Media and Communication Workers,broad,72350
27-3091,Interpreters and Translators,detailed,50320
27-3099,"Media and Communication Workers, All Other",detailed,22030
27-4000,Media and Communication Equipment Workers,minor,209640
27-4010,Broadcast and Sound Engineering Technicians and Radio Operators,broad,101510
27-4011,Audio and Video Equipment Technicians,detailed,54310
27-4012,Broadcast Technicians,detailed,31640
27-4013,Radio Operators,detailed,1280
27-4014,Sound Engineering Technicians,detailed,14280
27-4020,Photographers,broad,56140
27-4021,Photographers,detailed,56140
27-4030,"Television, Video, and Motion Picture Camera Operators and Editors",broad,37910
27-4031,"Camera Operators, Television, Video, and Motion Picture",detailed,16410
27-4032,Film and Video Editors,detailed,21500
27-4090,Miscellaneous Media and Communication Equipment Workers,broad,14090
27-4099,"Media and Communication Equipment Workers, All Other",detailed,14090
29-0000,Healthcare Practitioners and Technical Occupations,major,7649930
29-1000,Health Diagnosing and Treating Practitioners,minor,4680350
29-1010,Chiropractors,broad,27740
29-1011,Chiropractors,detailed,27740
29-1020,Dentists,broad,109570
29-1021,"Dentists, General",detailed,93580
29-1022,Oral and Maxillofacial Surgeons,detailed,4990
29-1023,Orthodontists,detailed,5530
29-1024,Prosthodontists,detailed,310
29-1029,"Dentists, All Other Specialists",detailed,5150
29-1030,Dietitians and Nutritionists,broad,58240
29-1031,Dietitians and Nutritionists,detailed,58240
29-1040,Optometrists,broad,29180
29-1041,Optometrists,detailed,29180
29-1050,Pharmacists,broad,281560
29-1051,Pharmacists,detailed,281560
29-1060,Physicians and Surgeons,broad,611650
29-1061,Anesthesiologists,detailed,29930
29-1062,Family and General Practitioners,detailed,110050
29-1063,"Internists, General",detailed,45210
29-1064,Obstetricians and Gynecologists,detailed,20880
29-1065,"Pediatricians, General",detailed,30560
29-1066,Psychiatrists,detailed,24210
29-1067,Surgeons,detailed,42410
29-1069,"Physicians and Surgeons, All Other",detailed,308410
29-1070,Physician Assistants,broad,83640
29-1071,Physician Assistants,detailed,83640
29-1080,Podiatrists,broad,9090
29-1081,Podiatrists,detailed,9090
29-1120,Therapists,broad,591350
29-1122,Occupational Therapists,detailed,105540
29-1123,Physical Therapists,detailed,191460
29-1124,Radiation Therapists,detailed,18230
29-1125,Recreational Therapists,detailed,19180
29-1126,Respiratory Therapists,detailed,116960
29-1127,Speech-Language Pathologists,detailed,121690
29-1128,Exercise Physiologists,detailed,5820
29-1129,"Therapists, All Other",detailed,12480
29-1130,Veterinarians,broad,56020
29-1131,Veterinarians,detailed,56020
29-1140,Registered Nurses,broad,2633980
29-1141,Registered Nurses,detailed,2633980
29-1150,Nurse Anesthetists,broad,34180
29-1151,Nurse Anesthetists,detailed,34180
29-1160,Nurse Midwives,broad,5710
29-1161,Nurse Midwives,detailed,5710
29-1170,Nurse Practitioners,broad,105780
29-1171,Nurse Practitioners,detailed,105780
29-1180,Audiologists,broad,12060
29-1181,Audiologists,detailed,12060
29-1190,Miscellaneous Health Diagnosing and Treating Practitioners,broad,30590
29-1199,"Health Diagnosing and Treating Practitioners, All Other",detailed,30590
29-2000,Health Technologists and Technicians,minor,2827170
29-2010,Clinical Laboratory Technologists and Technicians,broad,318620
29-2011,Medical and Clinical Laboratory Technologists,detailed,160700
29-2012,Medical and Clinical Laboratory Technicians,detailed,157920
29-2020,Dental Hygienists,broad,190290
29-2021,Dental Hygienists,detailed,190290
29-2030,Diagnostic Related Technologists and Technicians,broad,353060
29-2031,Cardiovascular Technologists and Technicians,detailed,50530
29-2032,Diagnostic Medical Sonographers,detailed,57700
29-2033,Nuclear Medicine Technologists,detailed,20480
29-2034,Radiologic Technologists,detailed,194790
29-2035,Magnetic Resonance Imaging Technologists,detailed,29560
29-2040,Emergency Medical Technicians and Paramedics,broad,232860
29-2041,Emergency Medical Technicians and Paramedics,detailed,232860
29-2050,Health Practitioner Support Technologists and Technicians,broad,668870
29-2051,Dietetic Technicians,detailed,24660
29-2052,Pharmacy Technicians,detailed,353340
29-2053,Psychiatric Technicians,detailed,67760
29-2054,Respiratory Therapy Technicians,detailed,13460
29-2055,Surgical Technologists,detailed,97150
29-2056,Veterinary Technologists and Technicians,detailed,83350
29-2057,Ophthalmic Medical Technicians,detailed,29170
29-2060,Licensed Practical and Licensed Vocational Nurses,broad,718800
29-2061,Licensed Practical and Licensed Vocational Nurses,detailed,718800
29-2070,Medical Records and Health Information Technicians,broad,182370
29-2071,Medical Records and Health Information Technicians,detailed,182370
29-2080,"Opticians, Dispensing",broad,64930
29-2081,"Opticians, Dispensing",detailed,64930
29-2090,Miscellaneous Health Technologists and Technicians,broad,97380
29-2091,Orthotists and Prosthetists,detailed,7890
29-2092,Hearing Aid Specialists,detailed,4980
29-2099,"Health Technologists and Technicians, All Other",detailed,84510
29-9000,Other Healthcare Practitioners and Technical Occupations,minor,142410
29-9010,Occupational Health and Safety Specialists and Technicians,broad,71500
29-9011,Occupational Health and Safety Specialists,detailed,59610
29-9012,Occupational Health and Safety Technicians,detailed,11890
29-9090,Miscellaneous Health Practitioners and Technical Workers,broad,70910
29-9091,Athletic Trainers,detailed,20780
29-9092,Genetic Counselors,detailed,2000
29-9099,"Healthcare Practitioners and Technical Workers, All Other",detailed,48130
31-0000,Healthcare Support Occupations,major,3915460
31-1000,"Nursing, Psychiatric, and Home Health Aides",minor,2391750
31-1010,"Nursing, Psychiatric, and Home Health Aides",broad,2391750
31-1011,Home Health Aides,detailed,839930
31-1013,Psychiatric Aides,detailed,77880
31-1014,Nursing Assistants,detailed,1420020
31-1015,Orderlies,detailed,53920
31-2000,Occupational Therapy and Physical Therapist Assistants and Aides,minor,155970
31-2010,Occupational Therapy Assistants and Aides,broad,37460
31-2011,Occupational Therapy Assistants,detailed,29500
31-2012,Occupational Therapy Aides,detailed,7950
31-2020,Physical Therapist Assistants and Aides,broad,118510
31-2021,Physical Therapist Assistants,detailed,69810
31-2022,Physical Therapist Aides,detailed,48700
31-9000,Other Healthcare Support Occupations,minor,1367740
31-9010,Massage Therapists,broad,71040
31-9011,Massage Therapists,detailed,71040
31-9090,Miscellaneous Healthcare Support Occupations,broad,1296700
31-9091,Dental Assistants,detailed,300160
31-9092,Medical Assistants,detailed,553140
31-9093,Medical Equipment Preparers,detailed,50230
31-9094,Medical Transcriptionists,detailed,74810
31-9095,Pharmacy Aides,detailed,42600
31-9096,Veterinary Assistants and Laboratory Animal Caretakers,detailed,71500
31-9097,Phlebotomists,detailed,100380
31-9099,"Healthcare Support Workers, All Other",detailed,103890
33-0000,Protective Service Occupations,major,3207790
33-1000,Supervisors of Protective Service Workers,minor,266920
33-1010,First-Line Supervisors of Law Enforcement Workers,broad,144680
33-1011,First-Line Supervisors of Correctional Officers,detailed,44830
33-1012,First-Line Supervisors of Police and Detectives,detailed,99860
33-1020,First-Line Supervisors of Fire Fighting and Prevention Workers,broad,60600
33-1021,First-Line Supervisors of Fire Fighting and Prevention Workers,detailed,60600
33-1090,"Miscellaneous First-Line Supervisors, Protective Service Workers",broad,61640
33-1099,"First-Line Supervisors of Protective Service Workers, All Other",detailed,61640
33-2000,Fire Fighting and Prevention Workers,minor,311360
33-2010,Firefighters,broad,297700
33-2011,Firefighters,detailed,297700
33-2020,Fire Inspectors,broad,13660
33-2021,Fire Inspectors and Investigators,detailed,11860
33-2022,Forest Fire Inspectors and Prevention Specialists,detailed,1800
33-3000,Law Enforcement Workers,minor,1212010
33-3010,"Bailiffs, Correctional Officers, and Jailers",broad,451100
33-3011,Bailiffs,detailed,16240
33-3012,Correctional Officers and Jailers,detailed,434870
33-3020,Detectives and Criminal Investigators,broad,109230
33-3021,Detectives and Criminal Investigators,detailed,109230
33-3030,Fish and Game Wardens,broad,6320
33-3031,Fish and Game Wardens,detailed,6320
33-3040,Parking Enforcement Workers,broad,9210
33-3041,Parking Enforcement Workers,detailed,9210
33-3050,Police Officers,broad,636140
33-3051,Police and Sheriff's Patrol Officers,detailed,632000
33-3052,Transit and Railroad Police,detailed,4140
33-9000,Other Protective Service Workers,minor,1417510
33-9010,Animal Control Workers,broad,13890
33-9011,Animal Control Workers,detailed,13890
33-9020,Private Detectives and Investigators,broad,23390
33-9021,Private Detectives and Investigators,detailed,23390
33-9030,Security Guards and Gaming Surveillance Officers,broad,1055580
33-9031,Gaming Surveillance Officers and Gaming Investigators,detailed,9150
33-9032,Security Guards,detailed,1046420
33-9090,Miscellaneous Protective Service Workers,broad,324650
33-9091,Crossing Guards,detailed,70390
33-9092,"Lifeguards, Ski Patrol, and Other Recreational Protective Service Workers",detailed,125770
33-9093,Transportation Security Screeners,detailed,47200
33-9099,"Protective Service Workers, All Other",detailed,81290
35-0000,Food Preparation and Serving Related Occupations,major,11546880
35-1000,Supervisors of Food Preparation and Serving Workers,minor,914970
35-1010,Supervisors of Food Preparation and Serving Workers,broad,914970
35-1011,Chefs and Head Cooks,detailed,97370
35-1012,First-Line Supervisors of Food Preparation and Serving Workers,detailed,817600
35-2000,Cooks and Food Preparation Workers,minor,2870010
35-2010,Cooks,broad,2084640
35-2011,"Cooks, Fast Food",detailed,504740
35-2012,"Cooks, Institution and Cafeteria",detailed,395280
35-2013,"Cooks, Private Household",detailed,540
35-2014,"Cooks, Restaurant",detailed,1000710
35-2015,"Cooks, Short Order",detailed,162320
35-2019,"Cooks, All Other",detailed,21050
35-2020,Food Preparation Workers,broad,785370
35-2021,Food Preparation Workers,detailed,785370
35-3000,Food and Beverage Serving Workers,minor,6485990
35-3010,Bartenders,broad,538220
35-3011,Bartenders,detailed,538220
35-3020,Fast Food and Counter Workers,broad,3378030
35-3021,"Combined Food Preparation and Serving Workers, Including Fast Food",detailed,2943810
35-3022,"Counter Attendants, Cafeteria, Food Concession, and Coffee Shop",detailed,434220
35-3030,Waiters and Waitresses,broad,2332020
35-3031,Waiters and Waitresses,detailed,2332020
35-3040,"Food Servers, Nonrestaurant",broad,237740
35-3041,"Food Servers, Nonrestaurant",detailed,237740
35-9000,Other Food Preparation and Serving Related Workers,minor,1275900
35-9010,Dining Room and Cafeteria Attendants and Bartender Helpers,broad,395750
35-9011,Dining Room and Cafeteria Attendants and Bartender Helpers,detailed,395750
35-9020,Dishwashers,broad,501910
35-9021,Dishwashers,detailed,501910
35-9030,"Hosts and Hostesses, Restaurant, Lounge, and Coffee Shop",broad,341400
35-9031,"Hosts and Hostesses, Restaurant, Lounge, and Coffee Shop",detailed,341400
35-9090,Miscellaneous Food Preparation and Serving Related Workers,broad,36850
35-9099,"Food Preparation and Serving Related Workers, All Other",detailed,36850
37-0000,Building and Grounds Cleaning and Maintenance Occupations,major,4246260
37-1000,Supervisors of Building and Grounds Cleaning and Maintenance Workers,minor,269700
37-1010,First-Line Supervisors of Building and Grounds Cleaning and Maintenance Workers,broad,269700
37-1011,First-Line Supervisors of Housekeeping and Janitorial Workers,detailed,170690
37-1012,"First-Line Supervisors of Landscaping, Lawn Service, and Groundskeeping Workers",detailed,99010
37-2000,Building Cleaning and Pest Control Workers,minor,3067210
37-2010,Building Cleaning Workers,broad,3005830
37-2011,"Janitors and Cleaners, Except Maids and Housekeeping Cleaners",detailed,2097380
37-2012,Maids and Housekeeping Cleaners,detailed,894920
37-2019,"Building Cleaning Workers, All Other",detailed,13530
37-2020,Pest Control Workers,broad,61380
37-2021,Pest Control Workers,detailed,61380
37-3000,Grounds Maintenance Workers,minor,909350
37-3010,Grounds Maintenance Workers,broad,909350
37-3011,Landscaping and Groundskeeping Workers,detailed,830640
37-3012,"Pesticide Handlers, Sprayers, and Applicators, Vegetation",detailed,23650
37-3013,Tree Trimmers and Pruners,detailed,39750
37-3019,"Grounds Maintenance Workers, All Other",detailed,15300
39-0000,Personal Care and Service Occupations,major,3810750
39-1000,Supervisors of Personal Care and Service Workers,minor,174450
39-1010,First-Line Supervisors of Gaming Workers,broad,32490
39-1011,Gaming Supervisors,detailed,24760
39-1012,Slot Supervisors,detailed,7730
39-1020,First-Line Supervisors of Personal Service Workers,broad,141960
39-1021,First-Line Supervisors of Personal Service Workers,detailed,141960
39-2000,Animal Care and Service Workers,minor,161310
39-2010,Animal Trainers,broad,11170
39-2011,Animal Trainers,detailed,11170
39-2020,Nonfarm Animal Caretakers,broad,150140
39-2021,Nonfarm Animal Caretakers,detailed,150140
39-3000,Entertainment Attendants and Related Workers,minor,530880
39-3010,Gaming Services Workers,broad,123860
39-3011,Gaming Dealers,detailed,98310
39-3012,Gaming and Sports Book Writers and Runners,detailed,12710
39-3019,"Gaming Service Workers, All Other",detailed,12850
39-3020,Motion Picture Projectionists,broad,8030
39-3021,Motion Picture Projectionists,detailed,8030
39-3030,"Ushers, Lobby Attendants, and Ticket Takers",broad,106860
39-3031,"Ushers, Lobby Attendants, and Ticket Takers",detailed,106860
39-3090,Miscellaneous Entertainment Attendants and Related Workers,broad,292130
39-3091,Amusement and Recreation Attendants,detailed,256400
39-3092,Costume Attendants,detailed,5660
39-3093,"Locker Room, Coatroom, and Dressing Room Attendants",detailed,19190
39-3099,"Entertainment Attendants and Related Workers, All Other",detailed,10890
39-4000,Funeral Service Workers,minor,60000
39-4010,Embalmers,broad,5040
39-4011,Embalmers,detailed,5040
39-4020,Funeral Attendants,broad,31890
39-4021,Funeral Attendants,detailed,31890
39-4030,"Morticians, Undertakers, and Funeral Directors",broad,23070
39-4031,"Morticians, Undertakers, and Funeral Directors",detailed,23070
39-5000,Personal Appearance Workers,minor,478160
39-5010,"Barbers, Hairdressers, Hairstylists and Cosmetologists",broad,368500
39-5011,Barbers,detailed,12590
39-5012,"Hairdressers, Hairstylists, and Cosmetologists",detailed,355910
39-5090,Miscellaneous Personal Appearance Workers,broad,109660
39-5091,"Makeup Artists, Theatrical and Performance",detailed,1950
39-5092,Manicurists and Pedicurists,detailed,62330
39-5093,Shampooers,detailed,13570
39-5094,Skincare Specialists,detailed,31810
39-6000,"Baggage Porters, Bellhops, and Concierges",minor,66360
39-6010,"Baggage Porters, Bellhops, and Concierges",broad,66360
39-6011,Baggage Porters and Bellhops,detailed,40480
39-6012,Concierges,detailed,25880
39-7000,Tour and Travel Guides,minor,35480
39-7010,Tour and Travel Guides,broad,35480
39-7011,Tour Guides and Escorts,detailed,31270
39-7012,Travel Guides,detailed,4210
39-9000,Other Personal Care and Service Workers,minor,2304120
39-9010,Childcare Workers,broad,624520
39-9011,Childcare Workers,detailed,624520
39-9020,Personal Care Aides,broad,985230
39-9021,Personal Care Aides,detailed,985230
39-9030,Recreation and Fitness Workers,broad,543800
39-9031,Fitness Trainers and Aerobics Instructors,detailed,234070
39-9032,Recreation Workers,detailed,309730
39-9040,Residential Advisors,broad,83760
39-9041,Residential Advisors,detailed,83760
39-9090,Miscellaneous Personal Care and Service Workers,broad,66810
39-9099,"Personal Care and Service Workers, All Other",detailed,66810
41-0000,Sales and Related Occupations,major,13835090
41-1000,Supervisors of Sales Workers,minor,1457580
41-1010,First-Line Supervisors of Sales Workers,broad,1457580
41-1011,First-Line Supervisors of Retail Sales Workers,detailed,1214170
41-1012,First-Line Supervisors of Non-Retail Sales Workers,detailed,243420
41-2000,Retail Sales Workers,minor,8326900
41-2010,Cashiers,broad,3335980
41-2011,Cashiers,detailed,3314010
41-2012,Gaming Change Persons and Booth Cashiers,detailed,21970
41-2020,Counter and Rental Clerks and Parts Salespersons,broad,650920
41-2021,Counter and Rental Clerks,detailed,432650
41-2022,Parts Salespersons,detailed,218270
41-2030,Retail Salespersons,broad,4340000
41-2031,Retail Salespersons,detailed,4340000
41-3000,"Sales Representatives, Services",minor,1549470
41-3010,Advertising Sales Agents,broad,145500
41-3011,Advertising Sales Agents,detailed,145500
41-3020,Insurance Sales Agents,broad,336740
41-3021,Insurance Sales Agents,detailed,336740
41-3030,"Securities, Commodities, and Financial Services Sales Agents",broad,330470
41-3031,"Securities, Commodities, and Financial Services Sales Agents",detailed,330470
41-3040,Travel Agents,broad,64680
41-3041,Travel Agents,detailed,64680
41-3090,"Miscellaneous Sales Representatives, Services",broad,672080
41-3099,"Sales Representatives, Services, All Other",detailed,672080
41-4000,"Sales Representatives, Wholesale and Manufacturing",minor,1778860
41-4010,"Sales Representatives, Wholesale and Manufacturing",broad,1778860
41-4011,"Sales Representatives, Wholesale and Manufacturing, Technical and Scientific Products",detailed,364830
41-4012,"Sales Representatives, Wholesale and Manufacturing, Except Technical and Scientific Products",detailed,1414030
41-9000,Other Sales and Related Workers,minor,722280
41-9010,"Models, Demonstrators, and Product Promoters",broad,77500
41-9011,Demonstrators and Product Promoters,detailed,73170
41-9012,Models,detailed,4330
41-9020,Real Estate Brokers and Sales Agents,broad,199830
41-9021,Real Estate Brokers,detailed,37270
41-9022,Real Estate Sales Agents,detailed,162560
41-9030,Sales Engineers,broad,65410
41-9031,Sales Engineers,detailed,65410
41-9040,Telemarketers,broad,245550
41-9041,Telemarketers,detailed,245550
41-9090,Miscellaneous Sales and Related Workers,broad,134000
41-9091,"Door-to-Door Sales Workers, News and Street Vendors, and Related Workers",detailed,6650
41-9099,"Sales and Related Workers, All Other",detailed,127350
43-0000,Office and Administrative Support Occupations,major,21355350
43-1000,Supervisors of Office and Administrative Support Workers,minor,1359150
43-1010,First-Line Supervisors of Office and Administrative Support Workers,broad,1359150
43-1011,First-Line Supervisors of Office and Administrative Support Workers,detailed,1359150
43-2000,Communications Equipment Operators,minor,139000
43-2010,"Switchboard Operators, Including Answering Service",broad,125490
43-2011,"Switchboard Operators, Including Answering Service",detailed,125490
43-2020,Telephone Operators,broad,10710
43-2021,Telephone Operators,detailed,10710
43-2090,Miscellaneous Communications Equipment Operators,broad,2800
43-2099,"Communications Equipment Operators, All Other",detailed,2800
43-3000,Financial Clerks,minor,3324780
43-3010,Bill and Account Collectors,broad,385890
43-3011,Bill and Account Collectors,detailed,385890
43-3020,Billing and Posting Clerks,broad,490850
43-3021,Billing and Posting Clerks,detailed,490850
43-3030,"Bookkeeping, Accounting, and Auditing Clerks",broad,1606260
43-3031,"Bookkeeping, Accounting, and Auditing Clerks",detailed,1606260
43-3040,Gaming Cage Workers,broad,18230
43-3041,Gaming Cage Workers,detailed,18230
43-3050,Payroll and Timekeeping Clerks,broad,172740
43-3051,Payroll and Timekeeping Clerks,detailed,172740
43-3060,Procurement Clerks,broad,69750
43-3061,Procurement Clerks,detailed,69750
43-3070,Tellers,broad,541770
43-3071,Tellers,detailed,541770
43-3090,Miscellaneous Financial Clerks,broad,39290
43-3099,"Financial Clerks, All Other",detailed,39290
43-4000,Information and Record Clerks,minor,5240790
43-4010,Brokerage Clerks,broad,61870
43-4011,Brokerage Clerks,detailed,61870
43-4020,Correspondence Clerks,broad,10150
43-4021,Correspondence Clerks,detailed,10150
43-4030,"Court, Municipal, and License Clerks",broad,122710
43-4031,"Court, Municipal, and License Clerks",detailed,122710
43-4040,"Credit Authorizers, Checkers, and Clerks",broad,51650
43-4041,"Credit Authorizers, Checkers, and Clerks",detailed,51650
43-4050,Customer Service Representatives,broad,2299750
43-4051,Customer Service Representatives,detailed,2299750
43-4060,"Eligibility Interviewers, Government Programs",broad,130340
43-4061,"Eligibility Interviewers, Government Programs",detailed,130340
43-4070,File Clerks,broad,158580
43-4071,File Clerks,detailed,158580
43-4080,"Hotel, Motel, and Resort Desk Clerks",broad,229000
43-4081,"Hotel, Motel, and Resort Desk Clerks",detailed,229000
43-4110,"Interviewers, Except Eligibility and Loan",broad,196660
43-4111,"Interviewers, Except Eligibility and Loan",detailed,196660
43-4120,"Library Assistants, Clerical",broad,104030
43-4121,"Library Assistants, Clerical",detailed,104030
43-4130,Loan Interviewers and Clerks,broad,192010
43-4131,Loan Interviewers and Clerks,detailed,192010
43-4140,New Accounts Clerks,broad,55320
43-4141,New Accounts Clerks,detailed,55320
43-4150,Order Clerks,broad,208800
43-4151,Order Clerks,detailed,208800
43-4160,"Human Resources Assistants, Except Payroll and Timekeeping",broad,139200
43-4161,"Human Resources Assistants, Except Payroll and Timekeeping",detailed,139200
43-4170,Receptionists and Information Clerks,broad,966150
43-4171,Receptionists and Information Clerks,detailed,966150
43-4180,Reservation and Transportation Ticket Agents and Travel Clerks,broad,135930
43-4181,Reservation and Transportation Ticket Agents and Travel Clerks,detailed,135930
43-4190,Miscellaneous Information and Record Clerks,broad,178650
43-4199,"Information and Record Clerks, All Other",detailed,178650
43-5000,"Material Recording, Scheduling, Dispatching, and Distributing Workers",minor,3830120
43-5010,Cargo and Freight Agents,broad,78750
43-5011,Cargo and Freight Agents,detailed,78750
43-5020,Couriers and Messengers,broad,76830
43-5021,Couriers and Messengers,detailed,76830
43-5030,Dispatchers,broad,280530
43-5031,"Police, Fire, and Ambulance Dispatchers",detailed,95640
43-5032,"Dispatchers, Except Police, Fire, and Ambulance",detailed,184890
43-5040,"Meter Readers, Utilities",broad,39530
43-5041,"Meter Readers, Utilities",detailed,39530
43-5050,Postal Service Workers,broad,509030
43-5051,Postal Service Clerks,detailed,69310
43-5052,Postal Service Mail Carriers,detailed,305490
43-5053,"Postal Service Mail Sorters, Processors, and Processing Machine Operators",detailed,134230
43-5060,"Production, Planning, and Expediting Clerks",broad,278490
43-5061,"Production, Planning, and Expediting Clerks",detailed,278490
43-5070,"Shipping, Receiving, and Traffic Clerks",broad,690780
43-5071,"Shipping, Receiving, and Traffic Clerks",detailed,690780
43-5080,Stock Clerks and Order Fillers,broad,1806310
43-5081,Stock Clerks and Order Fillers,detailed,1806310
43-5110,"Weighers, Measurers, Checkers, and Samplers, Recordkeeping",broad,69870
43-5111,"Weighers, Measurers, Checkers, and Samplers, Recordkeeping",detailed,69870
43-6000,Secretaries and Administrative Assistants,minor,3615090
43-6010,Secretaries and Administrative Assistants,broad,3615090
43-6011,Executive Secretaries and Executive Administrative Assistants,detailed,803040
43-6012,Legal Secretaries,detailed,216730
43-6013,Medical Secretaries,detailed,509640
43-6014,"Secretaries and Administrative Assistants, Except Legal, Medical, and Executive",detailed,2085680
43-9000,Other Office and Administrative Support Workers,minor,3846420
43-9010,Computer Operators,broad,71560
43-9011,Computer Operators,detailed,71560
43-9020,Data Entry and Information Processing Workers,broad,303840
43-9021,Data Entry Keyers,detailed,207280
43-9022,Word Processors and Typists,detailed,96560
43-9030,Desktop Publishers,broad,15960
43-9031,Desktop Publishers,detailed,15960
43-9040,Insurance Claims and Policy Processing Clerks,broad,226260
43-9041,Insurance Claims and Policy Processing Clerks,detailed,226260
43-9050,"Mail Clerks and Mail Machine Operators, Except Postal Service",broad,102410
43-9051,"Mail Clerks and Mail Machine Operators, Except Postal Service",detailed,102410
43-9060,"Office Clerks, General",broad,2808100
43-9061,"Office Clerks, General",detailed,2808100
43-9070,"Office Machine Operators, Except Computer",broad,66820
43-9071,"Office Machine Operators, Except Computer",detailed,66820
43-9080,Proofreaders and Copy Markers,broad,11300
43-9081,Proofreaders and Copy Markers,detailed,11300
43-9110,Statistical Assistants,broad,14870
43-9111,Statistical Assistants,detailed,14870
43-9190,Miscellaneous Office and Administrative Support Workers,broad,225310
43-9199,"Office and Administrative Support Workers, All Other",detailed,225310
45-0000,"Farming, Fishing, and Forestry Occupations",major,427670
45-1000,"Supervisors of Farming, Fishing, and Forestry Workers",minor,19340
45-1010,"First-Line Supervisors of Farming, Fishing, and Forestry Workers",broad,19340
45-1011,"First-Line Supervisors of Farming, Fishing, and Forestry Workers",detailed,19340
45-2000,Agricultural Workers,minor,365760
45-2010,Agricultural Inspectors,broad,13570
45-2011,Agricultural Inspectors,detailed,13570
45-2020,Animal Breeders,broad,1460
45-2021,Animal Breeders,detailed,1460
45-2040,"Graders and Sorters, Agricultural Products",broad,39060
45-2041,"Graders and Sorters, Agricultural Products",detailed,39060
45-2090,Miscellaneous Agricultural Workers,broad,311670
45-2091,Agricultural Equipment Operators,detailed,22820
45-2092,"Farmworkers and Laborers, Crop, Nursery, and Greenhouse",detailed,253670
45-2093,"Farmworkers, Farm, Ranch, and Aquacultural Animals",detailed,29570
45-2099,"Agricultural Workers, All Other",detailed,5610
45-3000,Fishing and Hunting Workers,minor,610
45-3010,Fishers and Related Fishing Workers,broad,570
45-3011,Fishers and Related Fishing Workers,detailed,570
45-4000,"Forest, Conservation, and Logging Workers",minor,41960
45-4010,Forest and Conservation Workers,broad,7910
45-4011,Forest and Conservation Workers,detailed,7910
45-4020,Logging Workers,broad,34050
45-4021,Fallers,detailed,5150
45-4022,Logging Equipment Operators,detailed,23240
45-4023,Log Graders and Scalers,detailed,2770
45-4029,"Logging Workers, All Other",detailed,2890
47-0000,Construction and Extraction Occupations,major,4978290
47-1000,Supervisors of Construction and Extraction Workers,minor,456640
47-1010,First-Line Supervisors of Construction Trades and Extraction Workers,broad,456640
47-1011,First-Line Supervisors of Construction Trades and Extraction Workers,detailed,456640
47-2000,Construction Trades Workers,minor,3671980
47-2010,Boilermakers,broad,17660
47-2011,Boilermakers,detailed,17660
47-2020,"Brickmasons, Blockmasons, and Stonemasons",broad,68420
47-2021,Brickmasons and Blockmasons,detailed,57090
47-2022,Stonemasons,detailed,11330
47-2030,Carpenters,broad,567820
47-2031,Carpenters,detailed,567820
47-2040,"Carpet, Floor, and Tile Installers and Finishers",broad,66540
47-2041,Carpet Installers,detailed,25350
47-2042,"Floor Layers, Except Carpet, Wood, and Hard Tiles",detailed,9980
47-2043,Floor Sanders and Finishers,detailed,4150
47-2044,Tile and Marble Setters,detailed,27050
47-2050,"Cement Masons, Concrete Finishers, and Terrazzo Workers",broad,138560
47-2051,Cement Masons and Concrete Finishers,detailed,135200
47-2053,Terrazzo Workers and Finishers,detailed,3350
47-2060,Construction Laborers,broad,814470
47-2061,Construction Laborers,detailed,814470
47-2070,Construction Equipment Operators,broad,393410
47-2071,"Paving, Surfacing, and Tamping Equipment Operators",detailed,54460
47-2072,Pile-Driver Operators,detailed,3800
47-2073,Operating Engineers and Other Construction Equipment Operators,detailed,335160
47-2080,"Drywall Installers, Ceiling Tile Installers, and Tapers",broad,91180
47-2081,Drywall and Ceiling Tile Installers,detailed,75810
47-2082,Tapers,detailed,15370
47-2110,Electricians,broad,519850
47-2111,Electricians,detailed,519850
47-2120,Glaziers,broad,42350
47-2121,Glaziers,detailed,42350
47-2130,Insulation Workers,broad,50760
47-2131,"Insulation Workers, Floor, Ceiling, and Wall",detailed,22540
47-2132,"Insulation Workers, Mechanical",detailed,28220
47-2140,Painters and Paperhangers,broad,187790
47-2141,"Painters, Construction and Maintenance",detailed,184330
47-2142,Paperhangers,detailed,3460
47-2150,"Pipelayers, Plumbers, Pipefitters, and Steamfitters",broad,383970
47-2151,Pipelayers,detailed,43590
47-2152,"Plumbers, Pipefitters, and Steamfitters",detailed,340370
47-2160,Plasterers and Stucco Masons,broad,21040
47-2161,Plasterers and Stucco Masons,detailed,21040
47-2170,Reinforcing Iron and Rebar Workers,broad,15330
47-2171,Reinforcing Iron and Rebar Workers,detailed,15330
47-2180,Roofers,broad,97650
47-2181,Roofers,detailed,97650
47-2210,Sheet Metal Workers,broad,133420
47-2211,Sheet Metal Workers,detailed,133420
47-2220,Structural Iron and Steel Workers,broad,57070
47-2221,Structural Iron and Steel Workers,detailed,57070
47-2230,Solar Photovoltaic Installers,broad,4710
47-2231,Solar Photovoltaic Installers,detailed,4710
47-3000,"Helpers, Construction Trades",minor,210460
47-3010,"Helpers, Construction Trades",broad,210460
47-3011,"Helpers--Brickmasons, Blockmasons, Stonemasons, and Tile and Marble Setters",detailed,24310
47-3012,Helpers--Carpenters,detailed,35870
47-3013,Helpers--Electricians,detailed,59610
47-3014,"Helpers--Painters, Paperhangers, Plasterers, and Stucco Masons",detailed,10980
47-3015,"Helpers--Pipelayers, Plumbers, Pipefitters, and Steamfitters",detailed,46510
47-3016,Helpers--Roofers,detailed,12200
47-3019,"Helpers, Construction Trades, All Other",detailed,20980
47-4000,Other Construction and Related Workers,minor,382000
47-4010,Construction and Building Inspectors,broad,89280
47-4011,Construction and Building Inspectors,detailed,89280
47-4020,Elevator Installers and Repairers,broad,19700
47-4021,Elevator Installers and Repairers,detailed,19700
47-4030,Fence Erectors,broad,21250
47-4031,Fence Erectors,detailed,21250
47-4040,Hazardous Materials Removal Workers,broad,37440
47-4041,Hazardous Materials Removal Workers,detailed,37440
47-4050,Highway Maintenance Workers,broad,141180
47-4051,Highway Maintenance Workers,detailed,141180
47-4060,Rail-Track Laying and Maintenance Equipment Operators,broad,16870
47-4061,Rail-Track Laying and Maintenance Equipment Operators,detailed,16870
47-4070,Septic Tank Servicers and Sewer Pipe Cleaners,broad,24020
47-4071,Septic Tank Servicers and Sewer Pipe Cleaners,detailed,24020
47-4090,Miscellaneous Construction and Related Workers,broad,32260
47-4091,Segmental Pavers,detailed,1490
47-4099,"Construction and Related Workers, All Other",detailed,30770
47-5000,Extraction Workers,minor,257220
47-5010,"Derrick, Rotary Drill, and Service Unit Operators, Oil, Gas, and Mining",broad,104230
47-5011,"Derrick Operators, Oil and Gas",detailed,21950
47-5012,"Rotary Drill Operators, Oil and Gas",detailed,25090
47-5013,"Service Unit Operators, Oil, Gas, and Mining",detailed,57180
47-5020,"Earth Drillers, Except Oil and Gas",broad,17680
47-5021,"Earth Drillers, Except Oil and Gas",detailed,17680
47-5030,"Explosives Workers, Ordnance Handling Experts, and Blasters",broad,6330
47-5031,"Explosives Workers, Ordnance Handling Experts, and Blasters",detailed,6330
47-5040,Mining Machine Operators,broad,23290
47-5041,Continuous Mining Machine Operators,detailed,13640
47-5042,Mine Cutting and Channeling Machine Operators,detailed,6750
47-5049,"Mining Machine Operators, All Other",detailed,2900
47-5050,"Rock Splitters, Quarry",broad,4490
47-5051,"Rock Splitters, Quarry",detailed,4490
47-5060,"Roof Bolters, Mining",broad,6790
47-5061,"Roof Bolters, Mining",detailed,6790
47-5070,"Roustabouts, Oil and Gas",broad,59320
47-5071,"Roustabouts, Oil and Gas",detailed,59320
47-5080,Helpers--Extraction Workers,broad,25840
47-5081,Helpers--Extraction Workers,detailed,25840
47-5090,Miscellaneous Extraction Workers,broad,9250
47-5099,"Extraction Workers, All Other",detailed,9250
49-0000,"Installation, Maintenance, and Repair Occupations",major,5069590
49-1000,"Supervisors of Installation, Maintenance, and Repair Workers",minor,421650
49-1010,"First-Line Supervisors of Mechanics, Installers, and Repairers",broad,421650
49-1011,"First-Line Supervisors of Mechanics, Installers, and Repairers",detailed,421650
49-2000,"Electrical and Electronic Equipment Mechanics, Installers, and Repairers",minor,572810
49-2010,"Computer, Automated Teller, and Office Machine Repairers",broad,113480
49-2011,"Computer, Automated Teller, and Office Machine Repairers",detailed,113480
49-2020,Radio and Telecommunications Equipment Installers and Repairers,broad,224000
49-2021,"Radio, Cellular, and Tower Equipment Installers and Repairers",detailed,15780
49-2022,"Telecommunications Equipment Installers and Repairers, Except Line Installers",detailed,208220
49-2090,"Miscellaneous Electrical and Electronic Equipment Mechanics, Installers, and Repairers",broad,235330
49-2091,Avionics Technicians,detailed,16810
49-2092,"Electric Motor, Power Tool, and Related Repairers",detailed,19020
49-2093,"Electrical and Electronics Installers and Repairers, Transportation Equipment",detailed,15530
49-2094,"Electrical and Electronics Repairers, Commercial and Industrial Equipment",detailed,66440
49-2095,"Electrical and Electronics Repairers, Powerhouse, Substation, and Relay",detailed,23920
49-2096,"Electronic Equipment Installers and Repairers, Motor Vehicles",detailed,12590
49-2097,Electronic Home Entertainment Equipment Installers and Repairers,detailed,27050
49-2098,Security and Fire Alarm Systems Installers,detailed,53960
49-3000,"Vehicle and Mobile Equipment Mechanics, Installers, and Repairers",minor,1438930
49-3010,Aircraft Mechanics and Service Technicians,broad,119160
49-3011,Aircraft Mechanics and Service Technicians,detailed,119160
49-3020,Automotive Technicians and Repairers,broad,747210
49-3021,Automotive Body and Related Repairers,detailed,135610
49-3022,Automotive Glass Installers and Repairers,detailed,14780
49-3023,Automotive Service Technicians and Mechanics,detailed,596830
49-3030,Bus and Truck Mechanics and Diesel Engine Specialists,broad,230030
49-3031,Bus and Truck Mechanics and Diesel Engine Specialists,detailed,230030
49-3040,Heavy Vehicle and Mobile Equipment Service Technicians and Mechanics,broad,163490
49-3041,Farm Equipment Mechanics and Service Technicians,detailed,34150
49-3042,"Mobile Heavy Equipment Mechanics, Except Engines",detailed,110200
49-3043,Rail Car Repairers,detailed,19140
49-3050,Small Engine Mechanics,broad,60690
49-3051,Motorboat Mechanics and Service Technicians,detailed,18380
49-3052,Motorcycle Mechanics,detailed,14950
49-3053,Outdoor Power Equipment and Other Small Engine Mechanics,detailed,27350
49-3090,"Miscellaneous Vehicle and Mobile Equipment Mechanics, Installers, and Repairers",broad,118350
49-3091,Bicycle Repairers,detailed,10490
49-3092,Recreational Vehicle Service Technicians,detailed,10970
49-3093,Tire Repairers and Changers,detailed,96880
49-9000,"Other Installation, Maintenance, and Repair Occupations",minor,2636210
49-9010,Control and Valve Installers and Repairers,broad,56060
49-9011,Mechanical Door Repairers,detailed,15750
49-9012,"Control and Valve Installers and Repairers, Except Mechanical Door",detailed,40310
49-9020,"Heating, Air Conditioning, and Refrigeration Mechanics and Installers",broad,240480
49-9021,"Heating, Air Conditioning, and Refrigeration Mechanics and Installers",detailed,240480
49-9030,Home Appliance Repairers,broad,34510
49-9031,Home Appliance Repairers,detailed,34510
49-9040,"Industrial Machinery Installation, Repair, and Maintenance Workers",broad,430030
49-9041,Industrial Machinery Mechanics,detailed,301560
49-9043,"Maintenance Workers, Machinery",detailed,88450
49-9044,Millwrights,detailed,38050
49-9045,"Refractory Materials Repairers, Except Brickmasons",detailed,1970
49-9050,Line Installers and Repairers,broad,245480
49-9051,Electrical Power-Line Installers and Repairers,detailed,112450
49-9052,Telecommunications Line Installers and Repairers,detailed,133040
49-9060,Precision Instrument and Equipment Repairers,broad,59930
49-9061,Camera and Photographic Equipment Repairers,detailed,2590
49-9062,Medical Equipment Repairers,detailed,35740
49-9063,Musical Instrument Repairers and Tuners,detailed,7130
49-9064,Watch Repairers,detailed,2670
49-9069,"Precision Instrument and Equipment Repairers, All Other",detailed,11800
49-9070,"Maintenance and Repair Workers, General",broad,1230270
49-9071,"Maintenance and Repair Workers, General",detailed,1230270
49-9080,Wind Turbine Service Technicians,broad,3200
49-9081,Wind Turbine Service Technicians,detailed,3200
49-9090,"Miscellaneous Installation, Maintenance, and Repair Workers",broad,336260
49-9091,"Coin, Vending, and Amusement Machine Servicers and Repairers",detailed,36080
49-9092,Commercial Divers,detailed,3480
49-9093,"Fabric Menders, Except Garment",detailed,770
49-9094,Locksmiths and Safe Repairers,detailed,16190
49-9095,Manufactured Building and Mobile Home Installers,detailed,3310
49-9096,Riggers,detailed,14690
49-9097,Signal and Track Switch Repairers,detailed,8600
49-9098,"Helpers--Installation, Maintenance, and Repair Workers",detailed,124370
49-9099,"Installation, Maintenance, and Repair Workers, All Other",detailed,128770
51-0000,Production Occupations,major,8594170
51-1000,Supervisors of Production Workers,minor,568820
51-1010,First-Line Supervisors of Production and Operating Workers,broad,568820
51-1011,First-Line Supervisors of Production and Operating Workers,detailed,568820
51-2000,Assemblers and Fabricators,minor,1718700
51-2010,"Aircraft Structure, Surfaces, Rigging, and Systems Assemblers",broad,41180
51-2011,"Aircraft Structure, Surfaces, Rigging, and Systems Assemblers",detailed,41180
51-2020,"Electrical, Electronics, and Electromechanical Assemblers",broad,261780
51-2021,"Coil Winders, Tapers, and Finishers",detailed,14300
51-2022,Electrical and Electronic Equipment Assemblers,detailed,197500
51-2023,Electromechanical Equipment Assemblers,detailed,49990
51-2030,Engine and Other Machine Assemblers,broad,40750
51-2031,Engine and Other Machine Assemblers,detailed,40750
51-2040,Structural Metal Fabricators and Fitters,broad,78340
51-2041,Structural Metal Fabricators and Fitters,detailed,78340
51-2090,Miscellaneous Assemblers and Fabricators,broad,1296650
51-2091,Fiberglass Laminators and Fabricators,detailed,17580
51-2092,Team Assemblers,detailed,1006980
51-2093,Timing Device Assemblers and Adjusters,detailed,1140
51-2099,"Assemblers and Fabricators, All Other",detailed,270950
51-3000,Food Processing Workers,minor,720970
51-3010,Bakers,broad,157230
51-3011,Bakers,detailed,157230
51-3020,"Butchers and Other Meat, Poultry, and Fish Processing Workers",broad,372060
51-3021,Butchers and Meat Cutters,detailed,134210
51-3022,"Meat, Poultry, and Fish Cutters and Trimmers",detailed,158480
51-3023,Slaughterers and Meat Packers,detailed,79370
51-3090,Miscellaneous Food Processing Workers,broad,191690
51-3091,"Food and Tobacco Roasting, Baking, and Drying Machine Operators and Tenders",detailed,20350
51-3092,Food Batchmakers,detailed,100520
51-3093,Food Cooking Machine Operators and Tenders,detailed,33250
51-3099,"Food Processing Workers, All Other",detailed,37570
51-4000,Metal Workers and Plastic Workers,minor,1837280
51-4010,Computer Control Programmers and Operators,broad,162860
51-4011,"Computer-Controlled Machine Tool Operators, Metal and Plastic",detailed,138870
51-4012,"Computer Numerically Controlled Machine Tool Programmers, Metal and Plastic",detailed,23990
51-4020,"Forming Machine Setters, Operators, and Tenders, Metal and Plastic",broad,132800
51-4021,"Extruding and Drawing Machine Setters, Operators, and Tenders, Metal and Plastic",detailed,74490
51-4022,"Forging Machine Setters, Operators, and Tenders, Metal and Plastic",detailed,22270
51-4023,"Rolling Machine Setters, Operators, and Tenders, Metal and Plastic",detailed,36040
51-4030,"Machine Tool Cutting Setters, Operators, and Tenders, Metal and Plastic",broad,333520
51-4031,"Cutting, Punching, and Press Machine Setters, Operators, and Tenders, Metal and Plastic",detailed,182570
51-4032,"Drilling and Boring Machine Tool Setters, Operators, and Tenders, Metal and Plastic",detailed,20660
51-4033,"Grinding, Lapping, Polishing, and Buffing Machine Tool Setters, Operators, and Tenders, Metal and Plastic",detailed,69510
51-4034,"Lathe and Turning Machine Tool Setters, Operators, and Tenders, Metal and Plastic",detailed,37920
51-4035,"Milling and Planing Machine Setters, Operators, and Tenders, Metal and Plastic",detailed,22840
51-4040,Machinists,broad,388370
51-4041,Machinists,detailed,388370
51-4050,"Metal Furnace Operators, Tenders, Pourers, and Casters",broad,31140
51-4051,Metal-Refining Furnace Operators and Tenders,detailed,20520
51-4052,"Pourers and Casters, Metal",detailed,10620
51-4060,"Model Makers and Patternmakers, Metal and Plastic",broad,9830
51-4061,"Model Makers, Metal and Plastic",detailed,5700
51-4062,"Patternmakers, Metal and Plastic",detailed,4130
51-4070,"Molders and Molding Machine Setters, Operators, and Tenders, Metal and Plastic",broad,136950
51-4071,Foundry Mold and Coremakers,detailed,12510
51-4072,"Molding, Coremaking, and Casting Machine Setters, Operators, and Tenders, Metal and Plastic",detailed,124440
51-4080,"Multiple Machine Tool Setters, Operators, and Tenders, Metal and Plastic",broad,85110
51-4081,"Multiple Machine Tool Setters, Operators, and Tenders, Metal and Plastic",detailed,85110
51-4110,Tool and Die Makers,broad,76430
51-4111,Tool and Die Makers,detailed,76430
51-4120,"Welding, Soldering, and Brazing Workers",broad,379140
51-4121,"Welders, Cutters, Solderers, and Brazers",detailed,329710
51-4122,"Welding, Soldering, and Brazing Machine Setters, Operators, and Tenders",detailed,49430
51-4190,Miscellaneous Metal Workers and Plastic Workers,broad,101120
51-4191,"Heat Treating Equipment Setters, Operators, and Tenders, Metal and Plastic",detailed,21760
51-4192,"Layout Workers, Metal and Plastic",detailed,12380
51-4193,"Plating and Coating Machine Setters, Operators, and Tenders, Metal and Plastic",detailed,34420
51-4194,"Tool Grinders, Filers, and Sharpeners",detailed,11950
51-4199,"Metal Workers and Plastic Workers, All Other",detailed,20620
51-5100,Printing Workers,minor,267390
51-5110,Printing Workers,broad,267390
51-5111,Prepress Technicians and Workers,detailed,41420
51-5112,Printing Press Operators,detailed,173010
51-5113,Print Binding and Finishing Workers,detailed,52960
51-6000,"Textile, Apparel, and Furnishings Workers",minor,575080
51-6010,Laundry and Dry-Cleaning Workers,broad,198750
51-6011,Laundry and Dry-Cleaning Workers,detailed,198750
51-6020,"Pressers, Textile, Garment, and Related Materials",broad,52850
51-6021,"Pressers, Textile, Garment, and Related Materials",detailed,52850
51-6030,Sewing Machine Operators,broad,142380
51-6031,Sewing Machine Operators,detailed,142380
51-6040,Shoe and Leather Workers,broad,9180
51-6041,Shoe and Leather Workers and Repairers,detailed,5750
51-6042,Shoe Machine Operators and Tenders,detailed,3420
51-6050,"Tailors, Dressmakers, and Sewers",broad,30360
51-6051,"Sewers, Hand",detailed,5500
51-6052,"Tailors, Dressmakers, and Custom Sewers",detailed,24870
51-6060,"Textile Machine Setters, Operators, and Tenders",broad,75520
51-6061,Textile Bleaching and Dyeing Machine Operators and Tenders,detailed,11350
51-6062,"Textile Cutting Machine Setters, Operators, and Tenders",detailed,15620
51-6063,"Textile Knitting and Weaving Machine Setters, Operators, and Tenders",detailed,21110
51-6064,"Textile Winding, Twisting, and Drawing Out Machine Setters, Operators, and Tenders",detailed,27440
51-6090,"Miscellaneous Textile, Apparel, and Furnishings Workers",broad,66040
51-6091,"Extruding and Forming Machine Setters, Operators, and Tenders, Synthetic and Glass Fibers",detailed,17620
51-6092,Fabric and Apparel Patternmakers,detailed,6500
51-6093,Upholsterers,detailed,27840
51-6099,"Textile, Apparel, and Furnishings Workers, All Other",detailed,14080
51-7000,Woodworkers,minor,200680
51-7010,Cabinetmakers and Bench Carpenters,broad,78140
51-7011,Cabinetmakers and Bench Carpenters,detailed,78140
51-7020,Furniture Finishers,broad,13740
51-7021,Furniture Finishers,detailed,13740
51-7030,"Model Makers and Patternmakers, Wood",broad,2030
51-7031,"Model Makers, Wood",detailed,1270
51-7032,"Patternmakers, Wood",detailed,770
51-7040,"Woodworking Machine Setters, Operators, and Tenders",broad,99830
51-7041,"Sawing Machine Setters, Operators, and Tenders, Wood",detailed,38720
51-7042,"Woodworking Machine Setters, Operators, and Tenders, Except Sawing",detailed,61110
51-7090,Miscellaneous Woodworkers,broad,6940
51-7099,"Woodworkers, All Other",detailed,6940
51-8000,Plant and System Operators,minor,308150
51-8010,"Power Plant Operators, Distributors, and Dispatchers",broad,60070
51-8011,Nuclear Power Reactor Operators,detailed,7140
51-8012,Power Distributors and Dispatchers,detailed,11590
51-8013,Power Plant Operators,detailed,41350
51-8020,Stationary Engineers and Boiler Operators,broad,36350
51-8021,Stationary Engineers and Boiler Operators,detailed,36350
51-8030,Water and Wastewater Treatment Plant and System Operators,broad,108440
51-8031,Water and Wastewater Treatment Plant and System Operators,detailed,108440
51-8090,Miscellaneous Plant and System Operators,broad,103280
51-8091,Chemical Plant and System Operators,detailed,38170
51-8092,Gas Plant Operators,detailed,12380
51-8093,"Petroleum Pump System Operators, Refinery Operators, and Gaugers",detailed,41020
51-8099,"Plant and System Operators, All Other",detailed,11710
51-9000,Other Production Occupations,minor,2397100
51-9010,"Chemical Processing Machine Setters, Operators, and Tenders",broad,97460
51-9011,Chemical Equipment Operators and Tenders,detailed,56030
51-9012,"Separating, Filtering, Clarifying, Precipitating, and Still Machine Setters, Operators, and Tenders",detailed,41430
51-9020,"Crushing, Grinding, Polishing, Mixing, and Blending Workers",broad,177000
51-9021,"Crushing, Grinding, and Polishing Machine Setters, Operators, and Tenders",detailed,29320
51-9022,"Grinding and Polishing Workers, Hand",detailed,30470
51-9023,"Mixing and Blending Machine Setters, Operators, and Tenders",detailed,117210
51-9030,Cutting Workers,broad,70300
51-9031,"Cutters and Trimmers, Hand",detailed,13740
51-9032,"Cutting and Slicing Machine Setters, Operators, and Tenders",detailed,56560
51-9040,"Extruding, Forming, Pressing, and Compacting Machine Setters, Operators, and Tenders",broad,68080
51-9041,"Extruding, Forming, Pressing, and Compacting Machine Setters, Operators, and Tenders",detailed,68080
51-9050,"Furnace, Kiln, Oven, Drier, and Kettle Operators and Tenders",broad,20140
51-9051,"Furnace, Kiln, Oven, Drier, and Kettle Operators and Tenders",detailed,20140
51-9060,"Inspectors, Testers, Sorters, Samplers, and Weighers",broad,454010
51-9061,"Inspectors, Testers, Sorters, Samplers, and Weighers",detailed,454010
51-9070,Jewelers and Precious Stone and Metal Workers,broad,22060
51-9071,Jewelers and Precious Stone and Metal Workers,detailed,22060
51-9080,"Medical, Dental, and Ophthalmic Laboratory Technicians",broad,78400
51-9081,Dental Laboratory Technicians,detailed,36790
51-9082,Medical Appliance Technicians,detailed,12230
51-9083,Ophthalmic Laboratory Technicians,detailed,29380
51-9110,Packaging and Filling Machine Operators and Tenders,broad,367700
51-9111,Packaging and Filling Machine Operators and Tenders,detailed,367700
51-9120,Painting Workers,broad,142570
51-9121,"Coating, Painting, and Spraying Machine Setters, Operators, and Tenders",detailed,79970
51-9122,"Painters, Transportation Equipment",detailed,46290
51-9123,"Painting, Coating, and Decorating Workers",detailed,16310
51-9140,Semiconductor Processors,broad,21380
51-9141,Semiconductor Processors,detailed,21380
51-9150,Photographic Process Workers and Processing Machine Operators,broad,45760
51-9151,Photographic Process Workers and Processing Machine Operators,detailed,45760
51-9190,Miscellaneous Production Workers,broad,832240
51-9191,Adhesive Bonding Machine Operators and Tenders,detailed,16800
51-9192,"Cleaning, Washing, and Metal Pickling Equipment Operators and Tenders",detailed,16050
51-9193,Cooling and Freezing Equipment Operators and Tenders,detailed,8130
51-9194,Etchers and Engravers,detailed,8610
51-9195,"Molders, Shapers, and Casters, Except Metal and Plastic",detailed,31010
51-9196,"Paper Goods Machine Setters, Operators, and Tenders",detailed,95690
51-9197,Tire Builders,detailed,17360
51-9198,Helpers--Production Workers,detailed,419840
51-9199,"Production Workers, All Other",detailed,218740
53-0000,Transportation and Material Moving Occupations,major,8771690
53-1000,Supervisors of Transportation and Material Moving Workers,minor,372930
53-1010,Aircraft Cargo Handling Supervisors,broad,6720
53-1011,Aircraft Cargo Handling Supervisors,detailed,6720
53-1020,"First-Line Supervisors of Helpers, Laborers, and Material Movers, Hand",broad,168910
53-1021,"First-Line Supervisors of Helpers, Laborers, and Material Movers, Hand",detailed,168910
53-1030,First-Line Supervisors of Transportation and Material-Moving Machine and Vehicle Operators,broad,197300
53-1031,First-Line Supervisors of Transportation and Material-Moving Machine and Vehicle Operators,detailed,197300
53-2000,Air Transportation Workers,minor,216470
53-2010,Aircraft Pilots and Flight Engineers,broad,101260
53-2011,"Airline Pilots, Copilots, and Flight Engineers",detailed,66270
53-2012,Commercial Pilots,detailed,34990
53-2020,Air Traffic Controllers and Airfield Operations Specialists,broad,30250
53-2021,Air Traffic Controllers,detailed,23260
53-2022,Airfield Operations Specialists,detailed,6990
53-2030,Flight Attendants,broad,84960
53-2031,Flight Attendants,detailed,84960
53-3000,Motor Vehicle Operators,minor,3618180
53-3010,"Ambulance Drivers and Attendants, Except Emergency Medical Technicians",broad,18540
53-3011,"Ambulance Drivers and Attendants, Except Emergency Medical Technicians",detailed,18540
53-3020,Bus Drivers,broad,652590
53-3021,"Bus Drivers, Transit and Intercity",detailed,162840
53-3022,"Bus Drivers, School or Special Client",detailed,489750
53-3030,Driver/Sales Workers and Truck Drivers,broad,2719630
53-3031,Driver/Sales Workers,detailed,394110
53-3032,Heavy and Tractor-Trailer Truck Drivers,detailed,1556510
53-3033,Light Truck or Delivery Services Drivers,detailed,769010
53-3040,Taxi Drivers and Chauffeurs,broad,167360
53-3041,Taxi Drivers and Chauffeurs,detailed,167360
53-3090,Miscellaneous Motor Vehicle Operators,broad,60050
53-3099,"Motor Vehicle Operators, All Other",detailed,60050
53-4000,Rail Transportation Workers,minor,122720
53-4010,Locomotive Engineers and Operators,broad,43810
53-4011,Locomotive Engineers,detailed,37060
53-4012,Locomotive Firers,detailed,1580
53-4013,"Rail Yard Engineers, Dinkey Operators, and Hostlers",detailed,5170
53-4020,"Railroad Brake, Signal, and Switch Operators",broad,24380
53-4021,"Railroad Brake, Signal, and Switch Operators",detailed,24380
53-4030,Railroad Conductors and Yardmasters,broad,42740
53-4031,Railroad Conductors and Yardmasters,detailed,42740
53-4040,Subway and Streetcar Operators,broad,8750
53-4041,Subway and Streetcar Operators,detailed,8750
53-4090,Miscellaneous Rail Transportation Workers,broad,3040
53-4099,"Rail Transportation Workers, All Other",detailed,3040
53-5000,Water Transportation Workers,minor,76160
53-5010,Sailors and Marine Oilers,broad,31500
53-5011,Sailors and Marine Oilers,detailed,31500
53-5020,Ship and Boat Captains and Operators,broad,33900
53-5021,"Captains, Mates, and Pilots of Water Vessels",detailed,30860
53-5022,Motorboat Operators,detailed,3040
53-5030,Ship Engineers,broad,10760
53-5031,Ship Engineers,detailed,10760
53-6000,Other Transportation Workers,minor,329100
53-6010,Bridge and Lock Tenders,broad,3460
53-6011,Bridge and Lock Tenders,detailed,3460
53-6020,Parking Lot Attendants,broad,126520
53-6021,Parking Lot Attendants,detailed,126520
53-6030,Automotive and Watercraft Service Attendants,broad,108510
53-6031,Automotive and Watercraft Service Attendants,detailed,108510
53-6040,Traffic Technicians,broad,6340
53-6041,Traffic Technicians,detailed,6340
53-6050,Transportation Inspectors,broad,24310
53-6051,Transportation Inspectors,detailed,24310
53-6060,"Transportation Attendants, Except Flight Attendants",broad,23790
53-6061,"Transportation Attendants, Except Flight Attendants",detailed,23790
53-6090,Miscellaneous Transportation Workers,broad,36190
53-6099,"Transportation Workers, All Other",detailed,36190
53-7000,Material Moving Workers,minor,4036120
53-7010,Conveyor Operators and Tenders,broad,39540
53-7011,Conveyor Operators and Tenders,detailed,39540
53-7020,Crane and Tower Operators,broad,43040
53-7021,Crane and Tower Operators,detailed,43040
53-7030,"Dredge, Excavating, and Loading Machine Operators",broad,49660
53-7031,Dredge Operators,detailed,1740
53-7032,Excavating and Loading Machine and Dragline Operators,detailed,45020
53-7033,"Loading Machine Operators, Underground Mining",detailed,2900
53-7040,Hoist and Winch Operators,broad,3050
53-7041,Hoist and Winch Operators,detailed,3050
53-7050,Industrial Truck and Tractor Operators,broad,496570
53-7051,Industrial Truck and Tractor Operators,detailed,496570
53-7060,"Laborers and Material Movers, Hand",broad,3213370
53-7061,Cleaners of Vehicles and Equipment,detailed,302960
53-7062,"Laborers and Freight, Stock, and Material Movers, Hand",detailed,2143940
53-7063,Machine Feeders and Offbearers,detailed,105790
53-7064,"Packers and Packagers, Hand",detailed,660670
53-7070,Pumping Station Operators,broad,30570
53-7071,Gas Compressor and Gas Pumping Station Operators,detailed,4350
53-7072,"Pump Operators, Except Wellhead Pumpers",detailed,11870
53-7073,Wellhead Pumpers,detailed,14350
53-7080,Refuse and Recyclable Material Collectors,broad,117670
53-7081,Refuse and Recyclable Material Collectors,detailed,117670
53-7110,Mine Shuttle Car Operators,broad,2990
53-7111,Mine Shuttle Car Operators,detailed,2990
53-7120,"Tank Car, Truck, and Ship Loaders",broad,12390
53-7121,"Tank Car, Truck, and Ship Loaders",detailed,12390
53-7190,Miscellaneous Material Moving Workers,broad,27260
53-7199,"Material Moving Workers, All Other",detailed,27260
