occ_code,occ_title,occ_group,emp_06
00-0000,All Occupations,,     132604980
11-0000,Management occupations,major,       5892900
11-1011,Chief executives,,        299520
11-1021,General and operations managers,,       1663280
11-1031,Legislators,,         62020
11-2011,Advertising and promotions managers,,         38130
11-2021,Marketing managers,,        159950
11-2022,Sales managers,,        307960
11-2031,Public relations managers,,         44010
11-3011,Administrative services managers,,        232410
11-3021,Computer and information systems managers,,        251210
11-3031,Financial managers,,        468270
11-3041,Compensation and benefits managers,,         46640
11-3042,Training and development managers,,         27450
11-3049,"Human resources managers, all other",,         55280
11-3051,Industrial production managers,,        153410
11-3061,Purchasing managers,,         66490
11-3071,"Transportation, storage, and distribution managers",,         89010
11-9011,"Farm, ranch, and other agricultural managers",,          3300
11-9012,Farmers and ranchers,,           300
11-9021,Construction managers,,        207630
11-9031,"Education administrators, preschool and child care center/program",,         46890
11-9032,"Education administrators, elementary and secondary school",,        215630
11-9033,"Education administrators, postsecondary",,        103330
11-9039,"Education administrators, all other",,         26570
11-9041,Engineering managers,,        183960
11-9051,Food service managers,,        189050
11-9061,Funeral directors,,         22810
11-9071,Gaming managers,,          3330
11-9081,Lodging managers,,         31300
11-9111,Medical and health services managers,,        232920
11-9121,Natural sciences managers,,         38660
11-9131,Postmasters and mail superintendents,,         26580
11-9141,"Property, real estate, and community association managers",,        156880
11-9151,Social and community service managers,,        112360
11-9199,"Managers, all other",,        326390
13-0000,Business and financial operations occupations,major,       5826140
13-1011,"Agents and business managers of artists, performers, and athletes",,         11130
13-1021,"Purchasing agents and buyers, farm products",,         13110
13-1022,"Wholesale and retail buyers, except farm products",,        137310
13-1023,"Purchasing agents, except wholesale, retail, and farm products",,        275910
13-1031,"Claims adjusters, examiners, and investigators",,        279240
13-1032,"Insurance appraisers, auto damage",,         12630
13-1041,"Compliance officers, except agriculture, construction, health and safety, and transportation",,        222080
13-1051,Cost estimators,,        216900
13-1061,Emergency management specialists,,         11330
13-1071,"Employment, recruitment, and placement specialists",,        186620
13-1072,"Compensation, benefits, and job analysis specialists",,        103870
13-1073,Training and development specialists,,        197050
13-1079,"Human resources, training, and labor relations specialists, all other",,        204290
13-1081,Logisticians,,         79570
13-1111,Management analysts,,        476070
13-1121,Meeting and convention planners,,         42510
13-1199,"Business operations specialists, all other",,        983340
13-2011,Accountants and auditors,,       1092960
13-2021,Appraisers and assessors of real estate,,         66420
13-2031,Budget analysts,,         58100
13-2041,Credit analysts,,         66690
13-2051,Financial analysts,,        196960
13-2052,Personal financial advisors,,        119690
13-2053,Insurance underwriters,,         99430
13-2061,Financial examiners,,         24430
13-2071,Loan counselors,,         30430
13-2072,Loan officers,,        359260
13-2081,"Tax examiners, collectors, and revenue agents",,         75160
13-2082,Tax preparers,,         62860
13-2099,"Financial specialists, all other",,        120790
15-0000,Computer and mathematical occupations,major,       3076200
15-1011,"Computer and information scientists, research",,         27650
15-1021,Computer programmers,,        396020
15-1031,"Computer software engineers, applications",,        472520
15-1032,"Computer software engineers, systems software",,        329060
15-1041,Computer support specialists,,        514460
15-1051,Computer systems analysts,,        446460
15-1061,Database administrators,,        109840
15-1071,Network and computer systems administrators,,        289520
15-1081,Network systems and data communications analysts,,        203710
15-1099,"Computer specialists, all other",,        180270
15-2011,Actuaries,,         16620
15-2021,Mathematicians,,          2840
15-2031,Operations research analysts,,         56170
15-2041,Statisticians,,         19660
15-2091,Mathematical technicians,,          1210
15-2099,"Mathematical scientists, all other",,         10190
17-0000,Architecture and engineering occupations,major,       2430250
17-1011,"Architects, except landscape and naval",,        101010
17-1012,Landscape architects,,         22130
17-1021,Cartographers and photogrammetrists,,         11430
17-1022,Surveyors,,         56820
17-2011,Aerospace engineers,,         86720
17-2021,Agricultural engineers,,          3050
17-2031,Biomedical engineers,,         14030
17-2041,Chemical engineers,,         29060
17-2051,Civil engineers,,        236690
17-2061,Computer hardware engineers,,         74480
17-2071,Electrical engineers,,        147670
17-2072,"Electronics engineers, except computer",,        131880
17-2081,Environmental engineers,,         51370
17-2111,"Health and safety engineers, except mining safety engineers and inspectors",,         24620
17-2112,Industrial engineers,,        198340
17-2121,Marine engineers and naval architects,,          7810
17-2131,Materials engineers,,         21230
17-2141,Mechanical engineers,,        217500
17-2151,"Mining and geological engineers, including mining safety engineers",,          6810
17-2161,Nuclear engineers,,         14870
17-2171,Petroleum engineers,,         15060
17-2199,"Engineers, all other",,        155620
17-3011,Architectural and civil drafters,,        107110
17-3012,Electrical and electronics drafters,,         32440
17-3013,Mechanical drafters,,         72950
17-3019,"Drafters, all other",,         22800
17-3021,Aerospace engineering and operations technicians,,          8280
17-3022,Civil engineering technicians,,         86730
17-3023,Electrical and electronic engineering technicians,,        166340
17-3024,Electro-mechanical technicians,,         15310
17-3025,Environmental engineering technicians,,         20600
17-3026,Industrial engineering technicians,,         73640
17-3027,Mechanical engineering technicians,,         46660
17-3029,"Engineering technicians, except drafters, all other",,         78260
17-3031,Surveying and mapping technicians,,         70940
19-0000,"Life, physical, and social science occupations",major,       1231070
19-1011,Animal scientists,,          3930
19-1012,Food scientists and technologists,,          8770
19-1013,Soil and plant scientists,,         10720
19-1021,Biochemists and biophysicists,,         18680
19-1022,Microbiologists,,         15730
19-1023,Zoologists and wildlife biologists,,         18000
19-1029,"Biological scientists, all other",,         25220
19-1031,Conservation scientists,,         16000
19-1032,Foresters,,         10760
19-1041,Epidemiologists,,          4120
19-1042,"Medical scientists, except epidemiologists",,         78210
19-1099,"Life scientists, all other",,         12830
19-2011,Astronomers,,          1430
19-2012,Physicists,,         15420
19-2021,Atmospheric and space scientists,,          8250
19-2031,Chemists,,         80500
19-2032,Materials scientists,,          9390
19-2041,"Environmental scientists and specialists, including health",,         77720
19-2042,"Geoscientists, except hydrologists and geographers",,         28980
19-2043,Hydrologists,,          7740
19-2099,"Physical scientists, all other",,         21380
19-3011,Economists,,         12970
19-3021,Market research analysts,,        213590
19-3022,Survey researchers,,         24140
19-3031,"Clinical, counseling, and school psychologists",,         97330
19-3032,Industrial-organizational psychologists,,          1140
19-3039,"Psychologists, all other",,          7960
19-3041,Sociologists,,          3440
19-3051,Urban and regional planners,,         32640
19-3091,Anthropologists and archeologists,,          4960
19-3092,Geographers,,           960
19-3093,Historians,,          3090
19-3094,Political scientists,,          3970
19-3099,"Social scientists and related workers, all other",,         31110
19-4011,Agricultural and food science technicians,,         19220
19-4021,Biological technicians,,         71590
19-4031,Chemical technicians,,         59900
19-4041,Geological and petroleum technicians,,         11280
19-4051,Nuclear technicians,,          6400
19-4061,Social science research assistants,,         15840
19-4091,"Environmental science and protection technicians, including health",,         34790
19-4092,Forensic science technicians,,         12310
19-4093,Forest and conservation technicians,,         30580
19-4099,"Life, physical, and social science technicians, all other",,         58080
21-0000,Community and social services occupations,major,       1749210
21-1011,Substance abuse and behavioral disorder counselors,,         75940
21-1012,"Educational, vocational, and school counselors",,        226720
21-1013,Marriage and family therapists,,         21330
21-1014,Mental health counselors,,         91830
21-1015,Rehabilitation counselors,,        121380
21-1019,"Counselors, all other",,         24260
21-1021,"Child, family, and school social workers",,        262830
21-1022,Medical and public health social workers,,        116750
21-1023,Mental health and substance abuse social workers,,        114820
21-1029,"Social workers, all other",,         61270
21-1091,Health educators,,         57900
21-1092,Probation officers and correctional treatment specialists,,         89650
21-1093,Social and human service assistants,,        318620
21-1099,"Community and social service specialists, all other",,        107380
21-2011,Clergy,,         37820
21-2021,"Directors, religious activities and education",,         14750
21-2099,"Religious workers, all other",,          5990
23-0000,Legal occupations,major,        976740
23-1011,Lawyers,,        547710
23-1021,"Administrative law judges, adjudicators, and hearing officers",,         14470
23-1022,"Arbitrators, mediators, and conciliators",,          8110
23-1023,"Judges, magistrate judges, and magistrates",,         25870
23-2011,Paralegals and legal assistants,,        229430
23-2091,Court reporters,,         16940
23-2092,Law clerks,,         31890
23-2093,"Title examiners, abstractors, and searchers",,         63410
23-2099,"Legal support workers, all other",,         38910
25-0000,"Education, training, and library occupations",major,       8206440
25-1011,"Business teachers, postsecondary",,         67390
25-1021,"Computer science teachers, postsecondary",,         36630
25-1022,"Mathematical science teachers, postsecondary",,         44570
25-1031,"Architecture teachers, postsecondary",,          5820
25-1032,"Engineering teachers, postsecondary",,         31950
25-1041,"Agricultural sciences teachers, postsecondary",,         10120
25-1042,"Biological science teachers, postsecondary",,         51950
25-1043,"Forestry and conservation science teachers, postsecondary",,          2630
25-1051,"Atmospheric, earth, marine, and space sciences teachers, postsecondary",,          8670
25-1052,"Chemistry teachers, postsecondary",,         19560
25-1053,"Environmental science teachers, postsecondary",,          4310
25-1054,"Physics teachers, postsecondary",,         12340
25-1061,"Anthropology and archeology teachers, postsecondary",,          5040
25-1062,"Area, ethnic, and cultural studies teachers, postsecondary",,          7350
25-1063,"Economics teachers, postsecondary",,         12330
25-1064,"Geography teachers, postsecondary",,          4070
25-1065,"Political science teachers, postsecondary",,         13850
25-1066,"Psychology teachers, postsecondary",,         29690
25-1067,"Sociology teachers, postsecondary",,         16110
25-1069,"Social sciences teachers, postsecondary, all other",,          5750
25-1071,"Health specialties teachers, postsecondary",,        116370
25-1072,"Nursing instructors and teachers, postsecondary",,         39350
25-1081,"Education teachers, postsecondary",,         53470
25-1082,"Library science teachers, postsecondary",,          3830
25-1111,"Criminal justice and law enforcement teachers, postsecondary",,         10430
25-1112,"Law teachers, postsecondary",,         11870
25-1113,"Social work teachers, postsecondary",,          7860
25-1121,"Art, drama, and music teachers, postsecondary",,         72100
25-1122,"Communications teachers, postsecondary",,         23560
25-1123,"English language and literature teachers, postsecondary",,         59320
25-1124,"Foreign language and literature teachers, postsecondary",,         24680
25-1125,"History teachers, postsecondary",,         20980
25-1126,"Philosophy and religion teachers, postsecondary",,         17840
25-1191,Graduate teaching assistants,,        112830
25-1192,"Home economics teachers, postsecondary",,          4330
25-1193,"Recreation and fitness studies teachers, postsecondary",,         17110
25-1194,"Vocational education teachers, postsecondary",,        109360
25-1199,"Postsecondary teachers, all other",,        272410
25-2011,"Preschool teachers, except special education",,        361600
25-2012,"Kindergarten teachers, except special education",,        165780
25-2021,"Elementary school teachers, except special education",,       1509180
25-2022,"Middle school teachers, except special and vocational education",,        652700
25-2023,"Vocational education teachers, middle school",,         15740
25-2031,"Secondary school teachers, except special and vocational education",,       1030780
25-2032,"Vocational education teachers, secondary school",,         95040
25-2041,"Special education teachers, preschool, kindergarten, and elementary school",,        216930
25-2042,"Special education teachers, middle school",,        101420
25-2043,"Special education teachers, secondary school",,        136870
25-3011,"Adult literacy, remedial education, and GED teachers and instructors",,         71740
25-3021,Self-enrichment education teachers,,        149700
25-3099,"Teachers and instructors, all other",,        576840
25-4011,Archivists,,          5460
25-4012,Curators,,          9520
25-4013,Museum technicians and conservators,,          9810
25-4021,Librarians,,        148610
25-4031,Library technicians,,        113940
25-9011,Audio-visual collections specialists,,          6520
25-9021,Farm and home management advisors,,         12390
25-9031,Instructional coordinators,,        117630
25-9041,Teacher assistants,,       1246030
25-9099,"Education, training, and library workers, all other",,         84390
27-0000,"Arts, design, entertainment, sports, and media occupations",major,       1727380
27-1011,Art directors,,         31030
27-1012,Craft artists,,          4870
27-1013,"Fine artists, including painters, sculptors, and illustrators",,         11260
27-1014,Multi-media artists and animators,,         26260
27-1019,"Artists and related workers, all other",,          7870
27-1021,Commercial and industrial designers,,         33540
27-1022,Fashion designers,,         15670
27-1023,Floral designers,,         61320
27-1024,Graphic designers,,        190880
27-1025,Interior designers,,         52440
27-1026,Merchandise displayers and window trimmers,,         62580
27-1027,Set and exhibit designers,,          8320
27-1029,"Designers, all other",,         11390
27-2011,Actors,,         51880
27-2012,Producers and directors,,         63840
27-2021,Athletes and sports competitors,,         12500
27-2022,Coaches and scouts,,        154350
27-2023,"Umpires, referees, and other sports officials",,         13790
27-2031,Dancers,,         16010
27-2032,Choreographers,,         16340
27-2041,Music directors and composers,,          9470
27-2042,Musicians and singers,,         46600
27-2099,"Entertainers and performers, sports and related workers, all other",,         59450
27-3011,Radio and television announcers,,         40020
27-3012,Public address system and other announcers,,          8300
27-3021,Broadcast news analysts,,          6770
27-3022,Reporters and correspondents,,         53060
27-3031,Public relations specialists,,        209560
27-3041,Editors,,        100170
27-3042,Technical writers,,         45330
27-3043,Writers and authors,,         43260
27-3091,Interpreters and translators,,         30910
27-3099,"Media and communication workers, all other",,         22970
27-4011,Audio and video equipment technicians,,         40360
27-4012,Broadcast technicians,,         32070
27-4013,Radio operators,,          1220
27-4014,Sound engineering technicians,,         14080
27-4021,Photographers,,         60300
27-4031,"Camera operators, television, video, and motion picture",,         22230
27-4032,Film and video editors,,         17380
27-4099,"Media and communication equipment workers, all other",,         17740
29-0000,Healthcare practitioners and technical occupations,major,       6713780
29-1011,Chiropractors,,         25470
29-1021,"Dentists, general",,         86110
29-1022,Oral and maxillofacial surgeons,,          5320
29-1023,Orthodontists,,          5200
29-1024,Prosthodontists,,           480
29-1029,"Dentists, all other specialists",,          4560
29-1031,Dietitians and nutritionists,,         51230
29-1041,Optometrists,,         24220
29-1051,Pharmacists,,        239920
29-1061,Anesthesiologists,,         29890
29-1062,Family and general practitioners,,        109400
29-1063,"Internists, general",,         48700
29-1064,Obstetricians and gynecologists,,         22520
29-1065,"Pediatricians, general",,         28930
29-1066,Psychiatrists,,         24730
29-1067,Surgeons,,         51900
29-1069,"Physicians and surgeons, all other",,        208960
29-1071,Physician assistants,,         62960
29-1081,Podiatrists,,          9020
29-1111,Registered nurses,,       2417150
29-1121,Audiologists,,         10910
29-1122,Occupational therapists,,         88570
29-1123,Physical therapists,,        156100
29-1124,Radiation therapists,,         14290
29-1125,Recreational therapists,,         24130
29-1126,Respiratory therapists,,         99330
29-1127,Speech-language pathologists,,         98690
29-1129,"Therapists, all other",,         11660
29-1131,Veterinarians,,         49750
29-1199,"Health diagnosing and treating practitioners, all other",,         53270
29-2011,Medical and clinical laboratory technologists,,        160760
29-2012,Medical and clinical laboratory technicians,,        144710
29-2021,Dental hygienists,,        166380
29-2031,Cardiovascular technologists and technicians,,         43870
29-2032,Diagnostic medical sonographers,,         44340
29-2033,Nuclear medicine technologists,,         19270
29-2034,Radiologic technologists and technicians,,        190180
29-2041,Emergency medical technicians and paramedics,,        196190
29-2051,Dietetic technicians,,         24450
29-2052,Pharmacy technicians,,        282450
29-2053,Psychiatric technicians,,         58940
29-2054,Respiratory therapy technicians,,         18710
29-2055,Surgical technologists,,         84330
29-2056,Veterinary technologists and technicians,,         69700
29-2061,Licensed practical and licensed vocational nurses,,        720380
29-2071,Medical records and health information technicians,,        164700
29-2081,"Opticians, dispensing",,         65190
29-2091,Orthotists and prosthetists,,          5290
29-2099,"Health technologists and technicians, all other",,         72180
29-9011,Occupational health and safety specialists,,         42220
29-9012,Occupational health and safety technicians,,         10020
29-9091,Athletic trainers,,         15440
29-9099,"Healthcare practitioners and technical workers, all other",,         50690
31-0000,Healthcare support occupations,major,       3483270
31-1011,Home health aides,,        751480
31-1012,"Nursing aides, orderlies, and attendants",,       1376660
31-1013,Psychiatric aides,,         57000
31-2011,Occupational therapist assistants,,         23700
31-2012,Occupational therapist aides,,          7780
31-2021,Physical therapist assistants,,         59350
31-2022,Physical therapist aides,,         45520
31-9011,Massage therapists,,         41920
31-9091,Dental assistants,,        277040
31-9092,Medical assistants,,        409570
31-9093,Medical equipment preparers,,         42740
31-9094,Medical transcriptionists,,         86790
31-9095,Pharmacy aides,,         47810
31-9096,Veterinary assistants and laboratory animal caretakers,,         70310
31-9099,"Healthcare support workers, all other",,        185580
33-0000,Protective service occupations,major,       3024840
33-1011,First-line supervisors/managers of correctional officers,,         37400
33-1012,First-line supervisors/managers of police and detectives,,         89170
33-1021,First-line supervisors/managers of fire fighting and prevention workers,,         50810
33-1099,"First-line supervisors/managers, protective service workers, all other",,         45170
33-2011,Fire fighters,,        283630
33-2021,Fire inspectors and investigators,,         13360
33-2022,Forest fire inspectors and prevention specialists,,          1710
33-3011,Bailiffs,,         17890
33-3012,Correctional officers and jailers,,        417810
33-3021,Detectives and criminal investigators,,        100110
33-3031,Fish and game wardens,,          7520
33-3041,Parking enforcement workers,,         10090
33-3051,Police and sheriff's patrol officers,,        624380
33-3052,Transit and railroad police,,          5320
33-9011,Animal control workers,,         14600
33-9021,Private detectives and investigators,,         35980
33-9031,Gaming surveillance officers and gaming investigators,,          8470
33-9032,Security guards,,       1004130
33-9091,Crossing guards,,         67750
33-9092,"Lifeguards, ski patrol, and other recreational protective service workers",,        108870
33-9099,"Protective service workers, all other",,         80680
35-0000,Food preparation and serving related occupations,major,      11029280
35-1011,Chefs and head cooks,,        104080
35-1012,First-line supervisors/managers of food preparation and serving workers,,        769320
35-2011,"Cooks, fast food",,        612020
35-2012,"Cooks, institution and cafeteria",,        375210
35-2013,"Cooks, private household",,           900
35-2014,"Cooks, restaurant",,        825840
35-2015,"Cooks, short order",,        189610
35-2019,"Cooks, all other",,         12940
35-2021,Food preparation workers,,        871470
35-3011,Bartenders,,        485120
35-3021,"Combined food preparation and serving workers, including fast food",,       2461890
35-3022,"Counter attendants, cafeteria, food concession, and coffee shop",,        524410
35-3031,Waiters and waitresses,,       2312930
35-3041,"Food servers, nonrestaurant",,        183700
35-9011,Dining room and cafeteria attendants and bartender helpers,,        401790
35-9021,Dishwashers,,        502770
35-9031,"Hosts and hostesses, restaurant, lounge, and coffee shop",,        340390
35-9099,"Food preparation and serving related workers, all other",,         54900
37-0000,Building and grounds cleaning and maintenance occupations,major,       4396250
37-1011,First-line supervisors/managers of housekeeping and janitorial workers,,        182690
37-1012,"First-line supervisors/managers of landscaping, lawn service, and groundskeeping workers",,        111100
37-2011,"Janitors and cleaners, except maids and housekeeping cleaners",,       2124860
37-2012,Maids and housekeeping cleaners,,        900040
37-2019,"Building cleaning workers, all other",,         14390
37-2021,Pest control workers,,         62710
37-3011,Landscaping and groundskeeping workers,,        924330
37-3012,"Pesticide handlers, sprayers, and applicators, vegetation",,         25880
37-3013,Tree trimmers and pruners,,         28300
37-3019,"Grounds maintenance workers, all other",,         21930
39-0000,Personal care and service occupations,major,       3249760
39-1011,Gaming supervisors,,         23860
39-1012,Slot key persons,,         13450
39-1021,First-line supervisors/managers of personal service workers,,        125430
39-2011,Animal trainers,,         10020
39-2021,Nonfarm animal caretakers,,        108130
39-3011,Gaming dealers,,         82960
39-3012,Gaming and sports book writers and runners,,         17780
39-3019,"Gaming service workers, all other",,**
39-3021,Motion picture projectionists,,         10620
39-3031,"Ushers, lobby attendants, and ticket takers",,        101530
39-3091,Amusement and recreation attendants,,        235670
39-3092,Costume attendants,,          4150
39-3093,"Locker room, coatroom, and dressing room attendants",,         18770
39-4011,Embalmers,,          8860
39-4021,Funeral attendants,,         32250
39-5011,Barbers,,         11500
39-5012,"Hairdressers, hairstylists, and cosmetologists",,        344900
39-5091,"Makeup artists, theatrical and performance",,          1250
39-5092,Manicurists and pedicurists,,         47450
39-5093,Shampooers,,         15580
39-5094,Skin care specialists,,         22620
39-6011,Baggage porters and bellhops,,         48450
39-6012,Concierges,,         19150
39-6021,Tour guides and escorts,,         30390
39-6022,Travel guides,,          3220
39-6031,Flight attendants,,         96760
39-6032,"Transportation attendants, except flight attendants and baggage porters",,         20790
39-9011,Child care workers,,        572950
39-9021,Personal and home care aides,,        578290
39-9031,Fitness trainers and aerobics instructors,,        205970
39-9032,Recreation workers,,        273280
39-9041,Residential advisors,,         48470
39-9099,"Personal care and service workers, all other",,         58440
41-0000,Sales and related occupations,major,      14114860
41-1011,First-line supervisors/managers of retail sales workers,,       1111740
41-1012,First-line supervisors/managers of non-retail sales workers,,        285690
41-2011,Cashiers,,       3479390
41-2012,Gaming change persons and booth cashiers,,         26700
41-2021,Counter and rental clerks,,        468900
41-2022,Parts salespersons,,        234770
41-2031,Retail salespersons,,       4374230
41-3011,Advertising sales agents,,        159640
41-3021,Insurance sales agents,,        311380
41-3031,"Securities, commodities, and financial services sales agents",,        260360
41-3041,Travel agents,,         87600
41-3099,"Sales representatives, services, all other",,        501850
41-4011,"Sales representatives, wholesale and manufacturing, technical and scientific products",,        390280
41-4012,"Sales representatives, wholesale and manufacturing, except technical and scientific products",,       1488990
41-9011,Demonstrators and product promoters,,         82830
41-9012,Models,,          1470
41-9021,Real estate brokers,,         46950
41-9022,Real estate sales agents,,        168400
41-9031,Sales engineers,,         75150
41-9041,Telemarketers,,        385700
41-9091,"Door-to-door sales workers, news and street vendors, and related workers",,         11140
41-9099,"Sales and related workers, all other",,        161700
43-0000,Office and administrative support occupations,major,      23077190
43-1011,First-line supervisors/managers of office and administrative support workers,,       1351180
43-2011,"Switchboard operators, including answering service",,        172060
43-2021,Telephone operators,,         26350
43-2099,"Communications equipment operators, all other",,          4220
43-3011,Bill and account collectors,,        423090
43-3021,Billing and posting clerks and machine operators,,        517750
43-3031,"Bookkeeping, accounting, and auditing clerks",,       1856890
43-3041,Gaming cage workers,,         17970
43-3051,Payroll and timekeeping clerks,,        205970
43-3061,Procurement clerks,,         74370
43-3071,Tellers,,        603150
43-4011,Brokerage clerks,,         72400
43-4021,Correspondence clerks,,         16260
43-4031,"Court, municipal, and license clerks",,        107100
43-4041,"Credit authorizers, checkers, and clerks",,         67400
43-4051,Customer service representatives,,       2147770
43-4061,"Eligibility interviewers, government programs",,        106210
43-4071,File clerks,,        223090
43-4081,"Hotel, motel, and resort desk clerks",,        214110
43-4111,"Interviewers, except eligibility and loan",,        211500
43-4121,"Library assistants, clerical",,        109090
43-4131,Loan interviewers and clerks,,        248050
43-4141,New accounts clerks,,         80770
43-4151,Order clerks,,        264520
43-4161,"Human resources assistants, except payroll and timekeeping",,        159750
43-4171,Receptionists and information clerks,,       1112350
43-4181,Reservation and transportation ticket agents and travel clerks,,        157650
43-4199,All other information and record clerks,,        230990
43-5011,Cargo and freight agents,,         84340
43-5021,Couriers and messengers,,        105070
43-5031,"Police, fire, and ambulance dispatchers",,         94710
43-5032,"Dispatchers, except police, fire, and ambulance",,        185410
43-5041,"Meter readers, utilities",,         45770
43-5051,Postal service clerks,,         81670
43-5052,Postal service mail carriers,,        346990
43-5053,"Postal service mail sorters, processors, and processing machine operators",,        203110
43-5061,"Production, planning, and expediting clerks",,        286160
43-5071,"Shipping, receiving, and traffic clerks",,        763350
43-5081,Stock clerks and order fillers,,       1705450
43-5111,"Weighers, measurers, checkers, and samplers, recordkeeping",,         77520
43-6011,Executive secretaries and administrative assistants,,       1487310
43-6012,Legal secretaries,,        268170
43-6013,Medical secretaries,,        394330
43-6014,"Secretaries, except legal, medical, and executive",,       1750600
43-9011,Computer operators,,        123750
43-9021,Data entry keyers,,        295650
43-9022,Word processors and typists,,        153530
43-9031,Desktop publishers,,         30440
43-9041,Insurance claims and policy processing clerks,,        238210
43-9051,"Mail clerks and mail machine operators, except postal service",,        141170
43-9061,"Office clerks, general",,       3026710
43-9071,"Office machine operators, except computer",,         91810
43-9081,Proofreaders and copy markers,,         16960
43-9111,Statistical assistants,,         19680
43-9199,"Office and administrative support workers, all other",,        277310
45-0000,"Farming, fishing, and forestry occupations",major,        450040
45-1011,"First-line supervisors/managers of farming, fishing, and forestry workers",,         19670
45-1012,Farm labor contractors,,          2060
45-2011,Agricultural inspectors,,         14790
45-2021,Animal breeders,,          2060
45-2041,"Graders and sorters, agricultural products",,         45890
45-2091,Agricultural equipment operators,,         21140
45-2092,"Farmworkers and laborers, crop, nursery, and greenhouse",,        230780
45-2093,"Farmworkers, farm and ranch animals",,         47870
45-2099,"Agricultural workers, all other",,          8550
45-3011,Fishers and related fishing workers,,           880
45-4011,Forest and conservation workers,,          8530
45-4021,Fallers,,          8790
45-4022,Logging equipment operators,,         28300
45-4023,Log graders and scalers,,          4810
45-4029,"Logging workers, all other",,          5880
47-0000,Construction and extraction occupations,major,       6680710
47-1011,First-line supervisors/managers of construction trades and extraction workers,,        574870
47-2011,Boilermakers,,         17240
47-2021,Brickmasons and blockmasons,,        118080
47-2022,Stonemasons,,         18210
47-2031,Carpenters,,        985990
47-2041,Carpet installers,,         36840
47-2042,"Floor layers, except carpet, wood, and hard tiles",,         14910
47-2043,Floor sanders and finishers,,          7480
47-2044,Tile and marble setters,,         51330
47-2051,Cement masons and concrete finishers,,        218170
47-2053,Terrazzo workers and finishers,,          6550
47-2061,Construction laborers,,       1016530
47-2071,"Paving, surfacing, and tamping equipment operators",,         63090
47-2072,Pile-driver operators,,          5280
47-2073,Operating engineers and other construction equipment operators,,        393090
47-2081,Drywall and ceiling tile installers,,        140630
47-2082,Tapers,,         40090
47-2111,Electricians,,        617370
47-2121,Glaziers,,         51990
47-2131,"Insulation workers, floor, ceiling, and wall",,         31450
47-2132,"Insulation workers, mechanical",,         27900
47-2141,"Painters, construction and maintenance",,        263390
47-2142,Paperhangers,,          6160
47-2151,Pipelayers,,         58330
47-2152,"Plumbers, pipefitters, and steamfitters",,        435960
47-2161,Plasterers and stucco masons,,         50700
47-2171,Reinforcing iron and rebar workers,,         30180
47-2181,Roofers,,        125030
47-2211,Sheet metal workers,,        177540
47-2221,Structural iron and steel workers,,         67560
47-3011,"Helpers--brickmasons, blockmasons, stonemasons, and tile and marble setters",,         62290
47-3012,Helpers--carpenters,,        104200
47-3013,Helpers--electricians,,        100550
47-3014,"Helpers--painters, paperhangers, plasterers, and stucco masons",,         23390
47-3015,"Helpers--pipelayers, plumbers, pipefitters, and steamfitters",,         81510
47-3016,Helpers--roofers,,         21050
47-3019,"Helpers, construction trades, all other",,         35880
47-4011,Construction and building inspectors,,         96630
47-4021,Elevator installers and repairers,,         21700
47-4031,Fence erectors,,         24610
47-4041,Hazardous materials removal workers,,         38740
47-4051,Highway maintenance workers,,        138670
47-4061,Rail-track laying and maintenance equipment operators,,         13680
47-4071,Septic tank servicers and sewer pipe cleaners,,         22090
47-4091,Segmental pavers,,           880
47-4099,"Construction and related workers, all other",,         56130
47-5011,"Derrick operators, oil and gas",,         16920
47-5012,"Rotary drill operators, oil and gas",,         18010
47-5013,"Service unit operators, oil, gas, and mining",,         25360
47-5021,"Earth drillers, except oil and gas",,         19070
47-5031,"Explosives workers, ordnance handling experts, and blasters",,          5110
47-5041,Continuous mining machine operators,,          9660
47-5042,Mine cutting and channeling machine operators,,          7700
47-5049,"Mining machine operators, all other",,          2880
47-5051,"Rock splitters, quarry",,          3790
47-5061,"Roof bolters, mining",,          4240
47-5071,"Roustabouts, oil and gas",,         41120
47-5081,Helpers--extraction workers,,         23980
47-5099,"Extraction workers, all other",,          8880
49-0000,"Installation, maintenance, and repair occupations",major,       5352420
49-1011,"First-line supervisors/managers of mechanics, installers, and repairers",,        450710
49-2011,"Computer, automated teller, and office machine repairers",,        139770
49-2021,Radio mechanics,,          6250
49-2022,"Telecommunications equipment installers and repairers, except line installers",,        190130
49-2091,Avionics technicians,,         15360
49-2092,"Electric motor, power tool, and related repairers",,         22100
49-2093,"Electrical and electronics installers and repairers, transportation equipment",,         20480
49-2094,"Electrical and electronics repairers, commercial and industrial equipment",,         78570
49-2095,"Electrical and electronics repairers, powerhouse, substation, and relay",,         22090
49-2096,"Electronic equipment installers and repairers, motor vehicles",,         19510
49-2097,Electronic home entertainment equipment installers and repairers,,         35310
49-2098,Security and fire alarm systems installers,,         51740
49-3011,Aircraft mechanics and service technicians,,        118210
49-3021,Automotive body and related repairers,,        155500
49-3022,Automotive glass installers and repairers,,         18650
49-3023,Automotive service technicians and mechanics,,        642360
49-3031,Bus and truck mechanics and diesel engine specialists,,        254850
49-3041,Farm equipment mechanics,,         29500
49-3042,"Mobile heavy equipment mechanics, except engines",,        119060
49-3043,Rail car repairers,,         23810
49-3051,Motorboat mechanics,,         18550
49-3052,Motorcycle mechanics,,         16700
49-3053,Outdoor power equipment and other small engine mechanics,,         25560
49-3091,Bicycle repairers,,          8350
49-3092,Recreational vehicle service technicians,,         13560
49-3093,Tire repairers and changers,,        103120
49-9011,Mechanical door repairers,,         15130
49-9012,"Control and valve installers and repairers, except mechanical door",,         42270
49-9021,"Heating, air conditioning, and refrigeration mechanics and installers",,        250970
49-9031,Home appliance repairers,,         42810
49-9041,Industrial machinery mechanics,,        250810
49-9042,"Maintenance and repair workers, general",,       1310580
49-9043,"Maintenance workers, machinery",,         81580
49-9044,Millwrights,,         53320
49-9045,"Refractory materials repairers, except brickmasons",,          3340
49-9051,Electrical power-line installers and repairers,,        110520
49-9052,Telecommunications line installers and repairers,,        156440
49-9061,Camera and photographic equipment repairers,,          3470
49-9062,Medical equipment repairers,,         32100
49-9063,Musical instrument repairers and tuners,,          5120
49-9064,Watch repairers,,          3050
49-9069,"Precision instrument and equipment repairers, all other",,         12980
49-9091,"Coin, vending, and amusement machine servicers and repairers",,         39440
49-9092,Commercial divers,,          2680
49-9093,"Fabric menders, except garment",,          1280
49-9094,Locksmiths and safe repairers,,         17870
49-9095,Manufactured building and mobile home installers,,          9520
49-9096,Riggers,,         12010
49-9097,Signal and track switch repairers,,          5980
49-9098,"Helpers--installation, maintenance, and repair workers",,        159110
49-9099,"Installation, maintenance, and repair workers, all other",,        130260
51-0000,Production occupations,major,      10268510
51-1011,First-line supervisors/managers of production and operating workers,,        676640
51-2011,"Aircraft structure, surfaces, rigging, and systems assemblers",,         27680
51-2021,"Coil winders, tapers, and finishers",,         22560
51-2022,Electrical and electronic equipment assemblers,,        211460
51-2023,Electromechanical equipment assemblers,,         59760
51-2031,Engine and other machine assemblers,,         45120
51-2041,Structural metal fabricators and fitters,,         99680
51-2091,Fiberglass laminators and fabricators,,         32510
51-2092,Team assemblers,,       1250120
51-2093,"Timing device assemblers, adjusters, and calibrators",,          2460
51-2099,"Assemblers and fabricators, all other",,        288370
51-3011,Bakers,,        139700
51-3021,Butchers and meat cutters,,        128350
51-3022,"Meat, poultry, and fish cutters and trimmers",,        139830
51-3023,Slaughterers and meat packers,,        118610
51-3091,"Food and tobacco roasting, baking, and drying machine operators and tenders",,         18510
51-3092,Food batchmakers,,         92590
51-3093,Food cooking machine operators and tenders,,         44060
51-4011,"Computer-controlled machine tool operators, metal and plastic",,        139580
51-4012,Numerical tool and process control programmers,,         17800
51-4021,"Extruding and drawing machine setters, operators, and tenders, metal and plastic",,         93810
51-4022,"Forging machine setters, operators, and tenders, metal and plastic",,         31050
51-4023,"Rolling machine setters, operators, and tenders, metal and plastic",,         34710
51-4031,"Cutting, punching, and press machine setters, operators, and tenders, metal and plastic",,        269640
51-4032,"Drilling and boring machine tool setters, operators, and tenders, metal and plastic",,         42480
51-4033,"Grinding, lapping, polishing, and buffing machine tool setters, operators, and tenders, metal and plastic",,        100010
51-4034,"Lathe and turning machine tool setters, operators, and tenders, metal and plastic",,         65840
51-4035,"Milling and planing machine setters, operators, and tenders, metal and plastic",,         29040
51-4041,Machinists,,        385690
51-4051,Metal-refining furnace operators and tenders,,         18430
51-4052,"Pourers and casters, metal",,         14880
51-4061,"Model makers, metal and plastic",,          8370
51-4062,"Patternmakers, metal and plastic",,          7070
51-4071,Foundry mold and coremakers,,         14460
51-4072,"Molding, coremaking, and casting machine setters, operators, and tenders, metal and plastic",,        155670
51-4081,"Multiple machine tool setters, operators, and tenders, metal and plastic",,         96480
51-4111,Tool and die makers,,         96960
51-4121,"Welders, cutters, solderers, and brazers",,        376630
51-4122,"Welding, soldering, and brazing machine setters, operators, and tenders",,         48770
51-4191,"Heat treating equipment setters, operators, and tenders, metal and plastic",,         27050
51-4192,"Lay-out workers, metal and plastic",,          9960
51-4193,"Plating and coating machine setters, operators, and tenders, metal and plastic",,         41500
51-4194,"Tool grinders, filers, and sharpeners",,         17620
51-4199,"Metal workers and plastic workers, all other",,         47760
51-5011,Bindery workers,,         63700
51-5012,Bookbinders,,          7120
51-5021,Job printers,,         46200
51-5022,Prepress technicians and workers,,         70890
51-5023,Printing machine operators,,        191610
51-6011,Laundry and dry-cleaning workers,,        217580
51-6021,"Pressers, textile, garment, and related materials",,         75150
51-6031,Sewing machine operators,,        219080
51-6041,Shoe and leather workers and repairers,,          7450
51-6042,Shoe machine operators and tenders,,          4080
51-6051,"Sewers, hand",,          9750
51-6052,"Tailors, dressmakers, and custom sewers",,         30000
51-6061,Textile bleaching and dyeing machine operators and tenders,,         20070
51-6062,"Textile cutting machine setters, operators, and tenders",,         19140
51-6063,"Textile knitting and weaving machine setters, operators, and tenders",,         38900
51-6064,"Textile winding, twisting, and drawing out machine setters, operators, and tenders",,         44210
51-6091,"Extruding and forming machine setters, operators, and tenders, synthetic and glass fibers",,         17860
51-6092,Fabric and apparel patternmakers,,          8840
51-6093,Upholsterers,,         40340
51-6099,"Textile, apparel, and furnishings workers, all other",,         22890
51-7011,Cabinetmakers and bench carpenters,,        127780
51-7021,Furniture finishers,,         24890
51-7031,"Model makers, wood",,          1920
51-7032,"Patternmakers, wood",,          2270
51-7041,"Sawing machine setters, operators, and tenders, wood",,         60230
51-7042,"Woodworking machine setters, operators, and tenders, except sawing",,         97700
51-7099,"Woodworkers, all other",,         11350
51-8011,Nuclear power reactor operators,,          3750
51-8012,Power distributors and dispatchers,,          8420
51-8013,Power plant operators,,         34200
51-8021,Stationary engineers and boiler operators,,         42730
51-8031,Water and liquid waste treatment plant and system operators,,        106550
51-8091,Chemical plant and system operators,,         52970
51-8092,Gas plant operators,,         12120
51-8093,"Petroleum pump system operators, refinery operators, and gaugers",,         40880
51-8099,"Plant and system operators, all other",,         13820
51-9011,Chemical equipment operators and tenders,,         50570
51-9012,"Separating, filtering, clarifying, precipitating, and still machine setters, operators, and tenders",,         43660
51-9021,"Crushing, grinding, and polishing machine setters, operators, and tenders",,         41910
51-9022,"Grinding and polishing workers, hand",,         43980
51-9023,"Mixing and blending machine setters, operators, and tenders",,        140710
51-9031,"Cutters and trimmers, hand",,         28790
51-9032,"Cutting and slicing machine setters, operators, and tenders",,         77960
51-9041,"Extruding, forming, pressing, and compacting machine setters, operators, and tenders",,         81000
51-9051,"Furnace, kiln, oven, drier, and kettle operators and tenders",,         27100
51-9061,"Inspectors, testers, sorters, samplers, and weighers",,        483020
51-9071,Jewelers and precious stone and metal workers,,         26220
51-9081,Dental laboratory technicians,,         45840
51-9082,Medical appliance technicians,,         10610
51-9083,Ophthalmic laboratory technicians,,         29130
51-9111,Packaging and filling machine operators and tenders,,        384160
51-9121,"Coating, painting, and spraying machine setters, operators, and tenders",,        102210
51-9122,"Painters, transportation equipment",,         52170
51-9123,"Painting, coating, and decorating workers",,         29950
51-9131,Photographic process workers,,         24180
51-9132,Photographic processing machine operators,,         50040
51-9141,Semiconductor processors,,         41520
51-9191,Cementing and gluing machine operators and tenders,,         23540
51-9192,"Cleaning, washing, and metal pickling equipment operators and tenders",,         15500
51-9193,Cooling and freezing equipment operators and tenders,,         10050
51-9194,Etchers and engravers,,         11390
51-9195,"Molders, shapers, and casters, except metal and plastic",,         42610
51-9196,"Paper goods machine setters, operators, and tenders",,        113930
51-9197,Tire builders,,         23210
51-9198,Helpers--production workers,,        539350
51-9199,"Production workers, all other",,        288470
53-0000,Transportation and material moving occupations,major,       9647730
53-1011,Aircraft cargo handling supervisors,,          5620
53-1021,"First-line supervisors/managers of helpers, laborers, and material movers, hand",,        178820
53-1031,First-line supervisors/managers of transportation and material-moving machine and vehicle operators,,        220570
53-2011,"Airline pilots, copilots, and flight engineers",,         75810
53-2012,Commercial pilots,,         27120
53-2021,Air traffic controllers,,         23240
53-2022,Airfield operations specialists,,          4760
53-3011,"Ambulance drivers and attendants, except emergency medical technicians",,         21100
53-3021,"Bus drivers, transit and intercity",,        191120
53-3022,"Bus drivers, school",,        456570
53-3031,Driver/sales workers,,        396680
53-3032,"Truck drivers, heavy and tractor-trailer",,       1673950
53-3033,"Truck drivers, light or delivery services",,        941590
53-3041,Taxi drivers and chauffeurs,,        154490
53-3099,"Motor vehicle operators, all other",,         71880
53-4011,Locomotive engineers,,         36870
53-4012,Locomotive firers,,           560
53-4013,"Rail yard engineers, dinkey operators, and hostlers",,          5820
53-4021,"Railroad brake, signal, and switch operators",,         22810
53-4031,Railroad conductors and yardmasters,,         37110
53-4041,Subway and streetcar operators,,          6740
53-4099,"Rail transportation workers, all other",,          6360
53-5011,Sailors and marine oilers,,         31690
53-5021,"Captains, mates, and pilots of water vessels",,         29170
53-5022,Motorboat operators,,          2450
53-5031,Ship engineers,,         14190
53-6011,Bridge and lock tenders,,          3700
53-6021,Parking lot attendants,,        131870
53-6031,Service station attendants,,         94780
53-6041,Traffic technicians,,          6560
53-6051,Transportation inspectors,,         23790
53-6099,"Transportation workers, all other",,         42130
53-7011,Conveyor operators and tenders,,         50080
53-7021,Crane and tower operators,,         45740
53-7031,Dredge operators,,          1780
53-7032,Excavating and loading machine and dragline operators,,         67590
53-7033,"Loading machine operators, underground mining",,          2480
53-7041,Hoist and winch operators,,          2990
53-7051,Industrial truck and tractor operators,,        629100
53-7061,Cleaners of vehicles and equipment,,        334560
53-7062,"Laborers and freight, stock, and material movers, hand",,       2372130
53-7063,Machine feeders and offbearers,,        150600
53-7064,"Packers and packagers, hand",,        827470
53-7071,Gas compressor and gas pumping station operators,,          3900
53-7072,"Pump operators, except wellhead pumpers",,         10030
53-7073,Wellhead pumpers,,         13280
53-7081,Refuse and recyclable material collectors,,        125770
53-7111,Shuttle car operators,,          2860
53-7121,"Tank car, truck, and ship loaders",,         15360
53-7199,"Material moving workers, all other",,         52120
