occ_code,occ_title,occ_group,emp_16
00-0000,All Occupations,total,140400040
11-0000,Management Occupations,major,7090790
11-1000,Top Executives,minor,2465800
11-1010,Chief Executives,broad,223260
11-1011,Chief Executives,detailed,223260
11-1020,General and Operations Managers,broad,2188870
11-1021,General and Operations Managers,detailed,2188870
11-1030,Legislators,broad,53670
11-1031,Legislators,detailed,53670
11-2000,"Advertising, Marketing, Promotions, Public Relations, and Sales Managers",minor,663960
11-2010,Advertising and Promotions Managers,broad,28860
11-2011,Advertising and Promotions Managers,detailed,28860
11-2020,Marketing and Sales Managers,broad,571120
11-2021,Marketing Managers,detailed,205900
11-2022,Sales Managers,detailed,365230
11-2030,Public Relations and Fundraising Managers,broad,63970
11-2031,Public Relations and Fundraising Managers,detailed,63970
11-3000,Operations Specialties Managers,minor,1693430
11-3010,Administrative Services Managers,broad,266280
11-3011,Administrative Services Managers,detailed,266280
11-3020,Computer and Information Systems Managers,broad,352510
11-3021,Computer and Information Systems Managers,detailed,352510
11-3030,Financial Managers,broad,543300
11-3031,Financial Managers,detailed,543300
11-3050,Industrial Production Managers,broad,168400
11-3051,Industrial Production Managers,detailed,168400
11-3060,Purchasing Managers,broad,71750
11-3061,Purchasing Managers,detailed,71750
11-3070,"Transportation, Storage, and Distribution Managers",broad,113270
11-3071,"Transportation, Storage, and Distribution Managers",detailed,113270
11-3110,Compensation and Benefits Managers,broad,15230
11-3111,Compensation and Benefits Managers,detailed,15230
11-3120,Human Resources Managers,broad,129810
11-3121,Human Resources Managers,detailed,129810
11-3130,Training and Development Managers,broad,32880
11-3131,Training and Development Managers,detailed,32880
11-9000,Other Management Occupations,minor,2267610
11-9010,"Farmers, Ranchers, and Other Agricultural Managers",broad,4560
11-9013,"Farmers, Ranchers, and Other Agricultural Managers",detailed,4560
11-9020,Construction Managers,broad,249650
11-9021,Construction Managers,detailed,249650
11-9030,Education Administrators,broad,464070
11-9031,"Education Administrators, Preschool and Childcare Center/Program",detailed,48530
11-9032,"Education Administrators, Elementary and Secondary School",detailed,242970
11-9033,"Education Administrators, Postsecondary",detailed,138430
11-9039,"Education Administrators, All Other",detailed,34140
11-9040,Architectural and Engineering Managers,broad,178390
11-9041,Architectural and Engineering Managers,detailed,178390
11-9050,Food Service Managers,broad,201470
11-9051,Food Service Managers,detailed,201470
11-9060,Funeral Service Managers,broad,8370
11-9061,Funeral Service Managers,detailed,8370
11-9070,Gaming Managers,broad,4280
11-9071,Gaming Managers,detailed,4280
11-9080,Lodging Managers,broad,35410
11-9081,Lodging Managers,detailed,35410
11-9110,Medical and Health Services Managers,broad,332150
11-9111,Medical and Health Services Managers,detailed,332150
11-9120,Natural Sciences Managers,broad,54780
11-9121,Natural Sciences Managers,detailed,54780
11-9130,Postmasters and Mail Superintendents,broad,14720
11-9131,Postmasters and Mail Superintendents,detailed,14720
11-9140,"Property, Real Estate, and Community Association Managers",broad,180290
11-9141,"Property, Real Estate, and Community Association Managers",detailed,180290
11-9150,Social and Community Service Managers,broad,126230
11-9151,Social and Community Service Managers,detailed,126230
11-9160,Emergency Management Directors,broad,9570
11-9161,Emergency Management Directors,detailed,9570
11-9190,Miscellaneous Managers,broad,403670
11-9199,"Managers, All Other",detailed,403670
13-0000,Business and Financial Operations Occupations,major,7281190
13-1000,Business Operations Specialists,minor,4629810
13-1010,"Agents and Business Managers of Artists, Performers, and Athletes",broad,13470
13-1011,"Agents and Business Managers of Artists, Performers, and Athletes",detailed,13470
13-1020,Buyers and Purchasing Agents,broad,418530
13-1021,"Buyers and Purchasing Agents, Farm Products",detailed,11490
13-1022,"Wholesale and Retail Buyers, Except Farm Products",detailed,109440
13-1023,"Purchasing Agents, Except Wholesale, Retail, and Farm Products",detailed,297600
13-1030,"Claims Adjusters, Appraisers, Examiners, and Investigators",broad,289550
13-1031,"Claims Adjusters, Examiners, and Investigators",detailed,274420
13-1032,"Insurance Appraisers, Auto Damage",detailed,15130
13-1040,Compliance Officers,broad,273910
13-1041,Compliance Officers,detailed,273910
13-1050,Cost Estimators,broad,214610
13-1051,Cost Estimators,detailed,214610
13-1070,Human Resources Workers,broad,605040
13-1071,Human Resources Specialists,detailed,524800
13-1074,Farm Labor Contractors,detailed,810
13-1075,Labor Relations Specialists,detailed,79430
13-1080,Logisticians,broad,146060
13-1081,Logisticians,detailed,146060
13-1110,Management Analysts,broad,637690
13-1111,Management Analysts,detailed,637690
13-1120,"Meeting, Convention, and Event Planners",broad,95850
13-1121,"Meeting, Convention, and Event Planners",detailed,95850
13-1130,Fundraisers,broad,68910
13-1131,Fundraisers,detailed,68910
13-1140,"Compensation, Benefits, and Job Analysis Specialists",broad,79190
13-1141,"Compensation, Benefits, and Job Analysis Specialists",detailed,79190
13-1150,Training and Development Specialists,broad,269710
13-1151,Training and Development Specialists,detailed,269710
13-1160,Market Research Analysts and Marketing Specialists,broad,558630
13-1161,Market Research Analysts and Marketing Specialists,detailed,558630
13-1190,Miscellaneous Business Operations Specialists,broad,958670
13-1199,"Business Operations Specialists, All Other",detailed,958670
13-2000,Financial Specialists,minor,2651370
13-2010,Accountants and Auditors,broad,1246540
13-2011,Accountants and Auditors,detailed,1246540
13-2020,Appraisers and Assessors of Real Estate,broad,60770
13-2021,Appraisers and Assessors of Real Estate,detailed,60770
13-2030,Budget Analysts,broad,54700
13-2031,Budget Analysts,detailed,54700
13-2040,Credit Analysts,broad,72930
13-2041,Credit Analysts,detailed,72930
13-2050,Financial Analysts and Advisors,broad,575110
13-2051,Financial Analysts,detailed,281610
13-2052,Personal Financial Advisors,detailed,201850
13-2053,Insurance Underwriters,detailed,91650
13-2060,Financial Examiners,broad,49750
13-2061,Financial Examiners,detailed,49750
13-2070,Credit Counselors and Loan Officers,broad,339800
13-2071,Credit Counselors,detailed,34110
13-2072,Loan Officers,detailed,305700
13-2080,"Tax Examiners, Collectors and Preparers, and Revenue Agents",broad,128480
13-2081,"Tax Examiners and Collectors, and Revenue Agents",detailed,58450
13-2082,Tax Preparers,detailed,70030
13-2090,Miscellaneous Financial Specialists,broad,123270
13-2099,"Financial Specialists, All Other",detailed,123270
15-0000,Computer and Mathematical Occupations,major,4165140
15-1100,Computer Occupations,minor,3997370
15-1110,Computer and Information Research Scientists,broad,26580
15-1111,Computer and Information Research Scientists,detailed,26580
15-1120,Computer and Information Analysts,broad,665830
15-1121,Computer Systems Analysts,detailed,568960
15-1122,Information Security Analysts,detailed,96870
15-1130,Software Developers and Programmers,broad,1604570
15-1131,Computer Programmers,detailed,271200
15-1132,"Software Developers, Applications",detailed,794000
15-1133,"Software Developers, Systems Software",detailed,409820
15-1134,Web Developers,detailed,129540
15-1140,Database and Systems Administrators and Network Architects,broad,647610
15-1141,Database Administrators,detailed,113730
15-1142,Network and Computer Systems Administrators,detailed,376820
15-1143,Computer Network Architects,detailed,157070
15-1150,Computer Support Specialists,broad,791580
15-1151,Computer User Support Specialists,detailed,602840
15-1152,Computer Network Support Specialists,detailed,188740
15-1190,Miscellaneous Computer Occupations,broad,261210
15-1199,"Computer Occupations, All Other",detailed,261210
15-2000,Mathematical Science Occupations,minor,167770
15-2010,Actuaries,broad,19940
15-2011,Actuaries,detailed,19940
15-2020,Mathematicians,broad,2730
15-2021,Mathematicians,detailed,2730
15-2030,Operations Research Analysts,broad,109150
15-2031,Operations Research Analysts,detailed,109150
15-2040,Statisticians,broad,33440
15-2041,Statisticians,detailed,33440
15-2090,Miscellaneous Mathematical Science Occupations,broad,2510
15-2091,Mathematical Technicians,detailed,510
15-2099,"Mathematical Science Occupations, All Other",detailed,2000
17-0000,Architecture and Engineering Occupations,major,2499050
17-1000,"Architects, Surveyors, and Cartographers",minor,174720
17-1010,"Architects, Except Naval",broad,119280
17-1011,"Architects, Except Landscape and Naval",detailed,99860
17-1012,Landscape Architects,detailed,19420
17-1020,"Surveyors, Cartographers, and Photogrammetrists",broad,55440
17-1021,Cartographers and Photogrammetrists,detailed,12100
17-1022,Surveyors,detailed,43340
17-2000,Engineers,minor,1635420
17-2010,Aerospace Engineers,broad,68510
17-2011,Aerospace Engineers,detailed,68510
17-2020,Agricultural Engineers,broad,1980
17-2021,Agricultural Engineers,detailed,1980
17-2030,Biomedical Engineers,broad,20590
17-2031,Biomedical Engineers,detailed,20590
17-2040,Chemical Engineers,broad,31990
17-2041,Chemical Engineers,detailed,31990
17-2050,Civil Engineers,broad,287800
17-2051,Civil Engineers,detailed,287800
17-2060,Computer Hardware Engineers,broad,72950
17-2061,Computer Hardware Engineers,detailed,72950
17-2070,Electrical and Electronics Engineers,broad,315870
17-2071,Electrical Engineers,detailed,183770
17-2072,"Electronics Engineers, Except Computer",detailed,132100
17-2080,Environmental Engineers,broad,52280
17-2081,Environmental Engineers,detailed,52280
17-2110,"Industrial Engineers, Including Health and Safety",broad,281950
17-2111,"Health and Safety Engineers, Except Mining Safety Engineers and Inspectors",detailed,25410
17-2112,Industrial Engineers,detailed,256550
17-2120,Marine Engineers and Naval Architects,broad,8120
17-2121,Marine Engineers and Naval Architects,detailed,8120
17-2130,Materials Engineers,broad,26800
17-2131,Materials Engineers,detailed,26800
17-2140,Mechanical Engineers,broad,285790
17-2141,Mechanical Engineers,detailed,285790
17-2150,"Mining and Geological Engineers, Including Mining Safety Engineers",broad,6940
17-2151,"Mining and Geological Engineers, Including Mining Safety Engineers",detailed,6940
17-2160,Nuclear Engineers,broad,17680
17-2161,Nuclear Engineers,detailed,17680
17-2170,Petroleum Engineers,broad,32780
17-2171,Petroleum Engineers,detailed,32780
17-2190,Miscellaneous Engineers,broad,123390
17-2199,"Engineers, All Other",detailed,123390
17-3000,"Drafters, Engineering Technicians, and Mapping Technicians",minor,688900
17-3010,Drafters,broad,202710
17-3011,Architectural and Civil Drafters,detailed,96810
17-3012,Electrical and Electronics Drafters,detailed,26750
17-3013,Mechanical Drafters,detailed,63630
17-3019,"Drafters, All Other",detailed,15530
17-3020,"Engineering Technicians, Except Drafters",broad,432270
17-3021,Aerospace Engineering and Operations Technicians,detailed,11970
17-3022,Civil Engineering Technicians,detailed,72150
17-3023,Electrical and Electronics Engineering Technicians,detailed,134870
17-3024,Electro-Mechanical Technicians,detailed,13710
17-3025,Environmental Engineering Technicians,detailed,16550
17-3026,Industrial Engineering Technicians,detailed,63220
17-3027,Mechanical Engineering Technicians,detailed,45510
17-3029,"Engineering Technicians, Except Drafters, All Other",detailed,74290
17-3030,Surveying and Mapping Technicians,broad,53920
17-3031,Surveying and Mapping Technicians,detailed,53920
19-0000,"Life, Physical, and Social Science Occupations",major,1152840
19-1000,Life Scientists,minor,286390
19-1010,Agricultural and Food Scientists,broad,31350
19-1011,Animal Scientists,detailed,2470
19-1012,Food Scientists and Technologists,detailed,14200
19-1013,Soil and Plant Scientists,detailed,14690
19-1020,Biological Scientists,broad,103690
19-1021,Biochemists and Biophysicists,detailed,29200
19-1022,Microbiologists,detailed,21670
19-1023,Zoologists and Wildlife Biologists,detailed,17720
19-1029,"Biological Scientists, All Other",detailed,35110
19-1030,Conservation Scientists and Foresters,broad,28890
19-1031,Conservation Scientists,detailed,20470
19-1032,Foresters,detailed,8420
19-1040,Medical Scientists,broad,114560
19-1041,Epidemiologists,detailed,5690
19-1042,"Medical Scientists, Except Epidemiologists",detailed,108870
19-1090,Miscellaneous Life Scientists,broad,7890
19-1099,"Life Scientists, All Other",detailed,7890
19-2000,Physical Scientists,minor,262640
19-2010,Astronomers and Physicists,broad,18510
19-2011,Astronomers,detailed,1830
19-2012,Physicists,detailed,16680
19-2020,Atmospheric and Space Scientists,broad,9800
19-2021,Atmospheric and Space Scientists,detailed,9800
19-2030,Chemists and Materials Scientists,broad,94410
19-2031,Chemists,detailed,86660
19-2032,Materials Scientists,detailed,7750
19-2040,Environmental Scientists and Geoscientists,broad,120970
19-2041,"Environmental Scientists and Specialists, Including Health",detailed,84250
19-2042,"Geoscientists, Except Hydrologists and Geographers",detailed,30420
19-2043,Hydrologists,detailed,6300
19-2090,Miscellaneous Physical Scientists,broad,18960
19-2099,"Physical Scientists, All Other",detailed,18960
19-3000,Social Scientists and Related Workers,minor,244820
19-3010,Economists,broad,19380
19-3011,Economists,detailed,19380
19-3020,Survey Researchers,broad,11930
19-3022,Survey Researchers,detailed,11930
19-3030,Psychologists,broad,122310
19-3031,"Clinical, Counseling, and School Psychologists",detailed,107980
19-3032,Industrial-Organizational Psychologists,detailed,1020
19-3039,"Psychologists, All Other",detailed,13310
19-3040,Sociologists,broad,2870
19-3041,Sociologists,detailed,2870
19-3050,Urban and Regional Planners,broad,34810
19-3051,Urban and Regional Planners,detailed,34810
19-3090,Miscellaneous Social Scientists and Related Workers,broad,53530
19-3091,Anthropologists and Archeologists,detailed,6470
19-3092,Geographers,detailed,1370
19-3093,Historians,detailed,2950
19-3094,Political Scientists,detailed,6350
19-3099,"Social Scientists and Related Workers, All Other",detailed,36380
19-4000,"Life, Physical, and Social Science Technicians",minor,358980
19-4010,Agricultural and Food Science Technicians,broad,20420
19-4011,Agricultural and Food Science Technicians,detailed,20420
19-4020,Biological Technicians,broad,74720
19-4021,Biological Technicians,detailed,74720
19-4030,Chemical Technicians,broad,65510
19-4031,Chemical Technicians,detailed,65510
19-4040,Geological and Petroleum Technicians,broad,15100
19-4041,Geological and Petroleum Technicians,detailed,15100
19-4050,Nuclear Technicians,broad,6840
19-4051,Nuclear Technicians,detailed,6840
19-4060,Social Science Research Assistants,broad,30030
19-4061,Social Science Research Assistants,detailed,30030
19-4090,"Miscellaneous Life, Physical, and Social Science Technicians",broad,146370
19-4091,"Environmental Science and Protection Technicians, Including Health",detailed,32950
19-4092,Forensic Science Technicians,detailed,14800
19-4093,Forest and Conservation Technicians,detailed,30090
19-4099,"Life, Physical, and Social Science Technicians, All Other",detailed,68540
21-0000,Community and Social Service Occupations,major,2019250
21-1000,"Counselors, Social Workers, and Other Community and Social Service Specialists",minor,1941090
21-1010,Counselors,broad,659890
21-1011,Substance Abuse and Behavioral Disorder Counselors,detailed,91040
21-1012,"Educational, Guidance, School, and Vocational Counselors",detailed,260670
21-1013,Marriage and Family Therapists,detailed,36960
21-1014,Mental Health Counselors,detailed,139820
21-1015,Rehabilitation Counselors,detailed,103030
21-1019,"Counselors, All Other",detailed,28380
21-1020,Social Workers,broad,631730
21-1021,"Child, Family, and School Social Workers",detailed,298840
21-1022,Healthcare Social Workers,detailed,159310
21-1023,Mental Health and Substance Abuse Social Workers,detailed,114040
21-1029,"Social Workers, All Other",detailed,59540
21-1090,Miscellaneous Community and Social Service Specialists,broad,649470
21-1091,Health Educators,detailed,57570
21-1092,Probation Officers and Correctional Treatment Specialists,detailed,87500
21-1093,Social and Human Service Assistants,detailed,360650
21-1094,Community Health Workers,detailed,51900
21-1099,"Community and Social Service Specialists, All Other",detailed,91860
21-2000,Religious Workers,minor,78160
21-2010,Clergy,broad,49320
21-2011,Clergy,detailed,49320
21-2020,"Directors, Religious Activities and Education",broad,20590
21-2021,"Directors, Religious Activities and Education",detailed,20590
21-2090,Miscellaneous Religious Workers,broad,8250
21-2099,"Religious Workers, All Other",detailed,8250
23-0000,Legal Occupations,major,1075520
23-1000,"Lawyers, Judges, and Related Workers",minor,680990
23-1010,Lawyers and Judicial Law Clerks,broad,632940
23-1011,Lawyers,detailed,619530
23-1012,Judicial Law Clerks,detailed,13410
23-1020,"Judges, Magistrates, and Other Judicial Workers",broad,48050
23-1021,"Administrative Law Judges, Adjudicators, and Hearing Officers",detailed,14540
23-1022,"Arbitrators, Mediators, and Conciliators",detailed,6300
23-1023,"Judges, Magistrate Judges, and Magistrates",detailed,27210
23-2000,Legal Support Workers,minor,394530
23-2010,Paralegals and Legal Assistants,broad,277310
23-2011,Paralegals and Legal Assistants,detailed,277310
23-2090,Miscellaneous Legal Support Workers,broad,117220
23-2091,Court Reporters,detailed,17700
23-2093,"Title Examiners, Abstractors, and Searchers",detailed,54560
23-2099,"Legal Support Workers, All Other",detailed,44960
25-0000,"Education, Training, and Library Occupations",major,8636430
25-1000,Postsecondary Teachers,minor,1530010
25-1010,"Business Teachers, Postsecondary",broad,83030
25-1011,"Business Teachers, Postsecondary",detailed,83030
25-1020,"Math and Computer Teachers, Postsecondary",broad,84560
25-1021,"Computer Science Teachers, Postsecondary",detailed,32540
25-1022,"Mathematical Science Teachers, Postsecondary",detailed,52020
25-1030,"Engineering and Architecture Teachers, Postsecondary",broad,45370
25-1031,"Architecture Teachers, Postsecondary",detailed,7370
25-1032,"Engineering Teachers, Postsecondary",detailed,38000
25-1040,"Life Sciences Teachers, Postsecondary",broad,62920
25-1041,"Agricultural Sciences Teachers, Postsecondary",detailed,10340
25-1042,"Biological Science Teachers, Postsecondary",detailed,50820
25-1043,"Forestry and Conservation Science Teachers, Postsecondary",detailed,1750
25-1050,"Physical Sciences Teachers, Postsecondary",broad,51780
25-1051,"Atmospheric, Earth, Marine, and Space Sciences Teachers, Postsecondary",detailed,10850
25-1052,"Chemistry Teachers, Postsecondary",detailed,21250
25-1053,"Environmental Science Teachers, Postsecondary",detailed,5520
25-1054,"Physics Teachers, Postsecondary",detailed,14160
25-1060,"Social Sciences Teachers, Postsecondary",broad,114230
25-1061,"Anthropology and Archeology Teachers, Postsecondary",detailed,5700
25-1062,"Area, Ethnic, and Cultural Studies Teachers, Postsecondary",detailed,9060
25-1063,"Economics Teachers, Postsecondary",detailed,13060
25-1064,"Geography Teachers, Postsecondary",detailed,4140
25-1065,"Political Science Teachers, Postsecondary",detailed,16720
25-1066,"Psychology Teachers, Postsecondary",detailed,37640
25-1067,"Sociology Teachers, Postsecondary",detailed,14580
25-1069,"Social Sciences Teachers, Postsecondary, All Other",detailed,13320
25-1070,"Health Teachers, Postsecondary",broad,242940
25-1071,"Health Specialties Teachers, Postsecondary",detailed,186740
25-1072,"Nursing Instructors and Teachers, Postsecondary",detailed,56210
25-1080,"Education and Library Science Teachers, Postsecondary",broad,63720
25-1081,"Education Teachers, Postsecondary",detailed,58850
25-1082,"Library Science Teachers, Postsecondary",detailed,4870
25-1110,"Law, Criminal Justice, and Social Work Teachers, Postsecondary",broad,42490
25-1111,"Criminal Justice and Law Enforcement Teachers, Postsecondary",detailed,14620
25-1112,"Law Teachers, Postsecondary",detailed,16010
25-1113,"Social Work Teachers, Postsecondary",detailed,11860
25-1120,"Arts, Communications, and Humanities Teachers, Postsecondary",broad,272170
25-1121,"Art, Drama, and Music Teachers, Postsecondary",detailed,99020
25-1122,"Communications Teachers, Postsecondary",detailed,28180
25-1123,"English Language and Literature Teachers, Postsecondary",detailed,71270
25-1124,"Foreign Language and Literature Teachers, Postsecondary",detailed,28720
25-1125,"History Teachers, Postsecondary",detailed,21800
25-1126,"Philosophy and Religion Teachers, Postsecondary",detailed,23180
25-1190,Miscellaneous Postsecondary Teachers,broad,466790
25-1191,Graduate Teaching Assistants,detailed,135130
25-1192,"Home Economics Teachers, Postsecondary",detailed,2970
25-1193,"Recreation and Fitness Studies Teachers, Postsecondary",detailed,17390
25-1194,"Vocational Education Teachers, Postsecondary",detailed,116430
25-1199,"Postsecondary Teachers, All Other",detailed,194870
25-2000,"Preschool, Primary, Secondary, and Special Education School Teachers",minor,4133490
25-2010,Preschool and Kindergarten Teachers,broad,536840
25-2011,"Preschool Teachers, Except Special Education",detailed,385550
25-2012,"Kindergarten Teachers, Except Special Education",detailed,151290
25-2020,Elementary and Middle School Teachers,broad,2031700
25-2021,"Elementary School Teachers, Except Special Education",detailed,1392660
25-2022,"Middle School Teachers, Except Special and Career/Technical Education",detailed,626310
25-2023,"Career/Technical Education Teachers, Middle School",detailed,12730
25-2030,Secondary School Teachers,broad,1083350
25-2031,"Secondary School Teachers, Except Special and Career/Technical Education",detailed,1003250
25-2032,"Career/Technical Education Teachers, Secondary School",detailed,80100
25-2050,Special Education Teachers,broad,481600
25-2051,"Special Education Teachers, Preschool",detailed,28140
25-2052,"Special Education Teachers, Kindergarten and Elementary School",detailed,190530
25-2053,"Special Education Teachers, Middle School",detailed,90250
25-2054,"Special Education Teachers, Secondary School",detailed,132490
25-2059,"Special Education Teachers, All Other",detailed,40190
25-3000,Other Teachers and Instructors,minor,1191570
25-3010,Adult Basic and Secondary Education and Literacy Teachers and Instructors,broad,58810
25-3011,Adult Basic and Secondary Education and Literacy Teachers and Instructors,detailed,58810
25-3020,Self-Enrichment Education Teachers,broad,229840
25-3021,Self-Enrichment Education Teachers,detailed,229840
25-3090,Miscellaneous Teachers and Instructors,broad,902910
25-3097,"Teachers and Instructors, All Other, Except Substitute Teachers",detailed,292950
25-3098,Substitute Teachers,detailed,609960
25-4000,"Librarians, Curators, and Archivists",minor,250660
25-4010,"Archivists, Curators, and Museum Technicians",broad,27900
25-4011,Archivists,detailed,5760
25-4012,Curators,detailed,11170
25-4013,Museum Technicians and Conservators,detailed,10970
25-4020,Librarians,broad,129350
25-4021,Librarians,detailed,129350
25-4030,Library Technicians,broad,93410
25-4031,Library Technicians,detailed,93410
25-9000,"Other Education, Training, and Library Occupations",minor,1530700
25-9010,Audio-Visual and Multimedia Collections Specialists,broad,10300
25-9011,Audio-Visual and Multimedia Collections Specialists,detailed,10300
25-9020,Farm and Home Management Advisors,broad,8620
25-9021,Farm and Home Management Advisors,detailed,8620
25-9030,Instructional Coordinators,broad,147330
25-9031,Instructional Coordinators,detailed,147330
25-9040,Teacher Assistants,broad,1263820
25-9041,Teacher Assistants,detailed,1263820
25-9090,"Miscellaneous Education, Training, and Library Workers",broad,100640
25-9099,"Education, Training, and Library Workers, All Other",detailed,100640
27-0000,"Arts, Design, Entertainment, Sports, and Media Occupations",major,1902970
27-1000,Art and Design Workers,minor,582550
27-1010,Artists and Related Workers,broad,89620
27-1011,Art Directors,detailed,36210
27-1012,Craft Artists,detailed,5070
27-1013,"Fine Artists, Including Painters, Sculptors, and Illustrators",detailed,11520
27-1014,Multimedia Artists and Animators,detailed,29810
27-1019,"Artists and Related Workers, All Other",detailed,7010
27-1020,Designers,broad,492930
27-1021,Commercial and Industrial Designers,detailed,31860
27-1022,Fashion Designers,detailed,19230
27-1023,Floral Designers,detailed,43990
27-1024,Graphic Designers,detailed,210710
27-1025,Interior Designers,detailed,53160
27-1026,Merchandise Displayers and Window Trimmers,detailed,114690
27-1027,Set and Exhibit Designers,detailed,12060
27-1029,"Designers, All Other",detailed,7230
27-2000,"Entertainers and Performers, Sports and Related Workers",minor,509840
27-2010,"Actors, Producers, and Directors",broad,163130
27-2011,Actors,detailed,48620
27-2012,Producers and Directors,detailed,114510
27-2020,"Athletes, Coaches, Umpires, and Related Workers",broad,259850
27-2021,Athletes and Sports Competitors,detailed,10260
27-2022,Coaches and Scouts,detailed,230930
27-2023,"Umpires, Referees, and Other Sports Officials",detailed,18660
27-2030,Dancers and Choreographers,broad,15220
27-2031,Dancers,detailed,10060
27-2032,Choreographers,detailed,5160
27-2040,"Musicians, Singers, and Related Workers",broad,58490
27-2041,Music Directors and Composers,detailed,18380
27-2042,Musicians and Singers,detailed,40110
27-2090,"Miscellaneous Entertainers and Performers, Sports and Related Workers",broad,13150
27-2099,"Entertainers and Performers, Sports and Related Workers, All Other",detailed,13150
27-3000,Media and Communication Workers,minor,575630
27-3010,Announcers,broad,37230
27-3011,Radio and Television Announcers,detailed,29210
27-3012,Public Address System and Other Announcers,detailed,8020
27-3020,"News Analysts, Reporters and Correspondents",broad,45160
27-3021,Broadcast News Analysts,detailed,5070
27-3022,Reporters and Correspondents,detailed,40090
27-3030,Public Relations Specialists,broad,226940
27-3031,Public Relations Specialists,detailed,226940
27-3040,Writers and Editors,broad,191640
27-3041,Editors,detailed,97170
27-3042,Technical Writers,detailed,49780
27-3043,Writers and Authors,detailed,44690
27-3090,Miscellaneous Media and Communication Workers,broad,74660
27-3091,Interpreters and Translators,detailed,51350
27-3099,"Media and Communication Workers, All Other",detailed,23310
27-4000,Media and Communication Equipment Workers,minor,234960
27-4010,Broadcast and Sound Engineering Technicians and Radio Operators,broad,116080
27-4011,Audio and Video Equipment Technicians,detailed,69670
27-4012,Broadcast Technicians,detailed,30330
27-4013,Radio Operators,detailed,870
27-4014,Sound Engineering Technicians,detailed,15210
27-4020,Photographers,broad,48660
27-4021,Photographers,detailed,48660
27-4030,"Television, Video, and Motion Picture Camera Operators and Editors",broad,51590
27-4031,"Camera Operators, Television, Video, and Motion Picture",detailed,21710
27-4032,Film and Video Editors,detailed,29880
27-4090,Miscellaneous Media and Communication Equipment Workers,broad,18620
27-4099,"Media and Communication Equipment Workers, All Other",detailed,18620
29-0000,Healthcare Practitioners and Technical Occupations,major,8318500
29-1000,Health Diagnosing and Treating Practitioners,minor,5143640
29-1010,Chiropractors,broad,32960
29-1011,Chiropractors,detailed,32960
29-1020,Dentists,broad,122330
29-1021,"Dentists, General",detailed,105620
29-1022,Oral and Maxillofacial Surgeons,detailed,5380
29-1023,Orthodontists,detailed,5200
29-1024,Prosthodontists,detailed,750
29-1029,"Dentists, All Other Specialists",detailed,5380
29-1030,Dietitians and Nutritionists,broad,61430
29-1031,Dietitians and Nutritionists,detailed,61430
29-1040,Optometrists,broad,36430
29-1041,Optometrists,detailed,36430
29-1050,Pharmacists,broad,305510
29-1051,Pharmacists,detailed,305510
29-1060,Physicians and Surgeons,broad,649850
29-1061,Anesthesiologists,detailed,30190
29-1062,Family and General Practitioners,detailed,122970
29-1063,"Internists, General",detailed,45290
29-1064,Obstetricians and Gynecologists,detailed,19800
29-1065,"Pediatricians, General",detailed,26960
29-1066,Psychiatrists,detailed,24820
29-1067,Surgeons,detailed,41190
29-1069,"Physicians and Surgeons, All Other",detailed,338620
29-1070,Physician Assistants,broad,104050
29-1071,Physician Assistants,detailed,104050
29-1080,Podiatrists,broad,9800
29-1081,Podiatrists,detailed,9800
29-1120,Therapists,broad,651500
29-1122,Occupational Therapists,detailed,118070
29-1123,Physical Therapists,detailed,216920
29-1124,Radiation Therapists,detailed,17450
29-1125,Recreational Therapists,detailed,18100
29-1126,Respiratory Therapists,detailed,126770
29-1127,Speech-Language Pathologists,detailed,135980
29-1128,Exercise Physiologists,detailed,6880
29-1129,"Therapists, All Other",detailed,11320
29-1130,Veterinarians,broad,67650
29-1131,Veterinarians,detailed,67650
29-1140,Registered Nurses,broad,2857180
29-1141,Registered Nurses,detailed,2857180
29-1150,Nurse Anesthetists,broad,39860
29-1151,Nurse Anesthetists,detailed,39860
29-1160,Nurse Midwives,broad,6270
29-1161,Nurse Midwives,detailed,6270
29-1170,Nurse Practitioners,broad,150230
29-1171,Nurse Practitioners,detailed,150230
29-1180,Audiologists,broad,12310
29-1181,Audiologists,detailed,12310
29-1190,Miscellaneous Health Diagnosing and Treating Practitioners,broad,36280
29-1199,"Health Diagnosing and Treating Practitioners, All Other",detailed,36280
29-2000,Health Technologists and Technicians,minor,3018820
29-2010,Clinical Laboratory Technologists and Technicians,broad,326920
29-2011,Medical and Clinical Laboratory Technologists,detailed,166730
29-2012,Medical and Clinical Laboratory Technicians,detailed,160190
29-2020,Dental Hygienists,broad,204990
29-2021,Dental Hygienists,detailed,204990
29-2030,Diagnostic Related Technologists and Technicians,broad,375690
29-2031,Cardiovascular Technologists and Technicians,detailed,53760
29-2032,Diagnostic Medical Sonographers,detailed,65790
29-2033,Nuclear Medicine Technologists,detailed,19650
29-2034,Radiologic Technologists,detailed,200650
29-2035,Magnetic Resonance Imaging Technologists,detailed,35850
29-2040,Emergency Medical Technicians and Paramedics,broad,244960
29-2041,Emergency Medical Technicians and Paramedics,detailed,244960
29-2050,Health Practitioner Support Technologists and Technicians,broad,752050
29-2051,Dietetic Technicians,detailed,32240
29-2052,Pharmacy Technicians,detailed,398390
29-2053,Psychiatric Technicians,detailed,61720
29-2054,Respiratory Therapy Technicians,detailed,10600
29-2055,Surgical Technologists,detailed,105720
29-2056,Veterinary Technologists and Technicians,detailed,99390
29-2057,Ophthalmic Medical Technicians,detailed,43990
29-2060,Licensed Practical and Licensed Vocational Nurses,broad,702400
29-2061,Licensed Practical and Licensed Vocational Nurses,detailed,702400
29-2070,Medical Records and Health Information Technicians,broad,200140
29-2071,Medical Records and Health Information Technicians,detailed,200140
29-2080,"Opticians, Dispensing",broad,75270
29-2081,"Opticians, Dispensing",detailed,75270
29-2090,Miscellaneous Health Technologists and Technicians,broad,136410
29-2091,Orthotists and Prosthetists,detailed,7500
29-2092,Hearing Aid Specialists,detailed,6740
29-2099,"Health Technologists and Technicians, All Other",detailed,122170
29-9000,Other Healthcare Practitioners and Technical Occupations,minor,156040
29-9010,Occupational Health and Safety Specialists and Technicians,broad,93190
29-9011,Occupational Health and Safety Specialists,detailed,76630
29-9012,Occupational Health and Safety Technicians,detailed,16560
29-9090,Miscellaneous Health Practitioners and Technical Workers,broad,62850
29-9091,Athletic Trainers,detailed,24130
29-9092,Genetic Counselors,detailed,2720
29-9099,"Healthcare Practitioners and Technical Workers, All Other",detailed,36000
31-0000,Healthcare Support Occupations,major,4043480
31-1000,"Nursing, Psychiatric, and Home Health Aides",minor,2377790
31-1010,"Nursing, Psychiatric, and Home Health Aides",broad,2377790
31-1011,Home Health Aides,detailed,814300
31-1013,Psychiatric Aides,detailed,67410
31-1014,Nursing Assistants,detailed,1443150
31-1015,Orderlies,detailed,52940
31-2000,Occupational Therapy and Physical Therapist Assistants and Aides,minor,181000
31-2010,Occupational Therapy Assistants and Aides,broad,45380
31-2011,Occupational Therapy Assistants,detailed,38170
31-2012,Occupational Therapy Aides,detailed,7210
31-2020,Physical Therapist Assistants and Aides,broad,135610
31-2021,Physical Therapist Assistants,detailed,85580
31-2022,Physical Therapist Aides,detailed,50030
31-9000,Other Healthcare Support Occupations,minor,1484690
31-9010,Massage Therapists,broad,95830
31-9011,Massage Therapists,detailed,95830
31-9090,Miscellaneous Healthcare Support Occupations,broad,1388860
31-9091,Dental Assistants,detailed,327290
31-9092,Medical Assistants,detailed,623560
31-9093,Medical Equipment Preparers,detailed,52500
31-9094,Medical Transcriptionists,detailed,54070
31-9095,Pharmacy Aides,detailed,36660
31-9096,Veterinary Assistants and Laboratory Animal Caretakers,detailed,79990
31-9097,Phlebotomists,detailed,120970
31-9099,"Healthcare Support Workers, All Other",detailed,93830
33-0000,Protective Service Occupations,major,3386360
33-1000,Supervisors of Protective Service Workers,minor,273490
33-1010,First-Line Supervisors of Law Enforcement Workers,broad,143430
33-1011,First-Line Supervisors of Correctional Officers,detailed,43230
33-1012,First-Line Supervisors of Police and Detectives,detailed,100200
33-1020,First-Line Supervisors of Fire Fighting and Prevention Workers,broad,57170
33-1021,First-Line Supervisors of Fire Fighting and Prevention Workers,detailed,57170
33-1090,"Miscellaneous First-Line Supervisors, Protective Service Workers",broad,72880
33-1099,"First-Line Supervisors of Protective Service Workers, All Other",detailed,72880
33-2000,Fire Fighting and Prevention Workers,minor,329480
33-2010,Firefighters,broad,315910
33-2011,Firefighters,detailed,315910
33-2020,Fire Inspectors,broad,13570
33-2021,Fire Inspectors and Investigators,detailed,11910
33-2022,Forest Fire Inspectors and Prevention Specialists,detailed,1650
33-3000,Law Enforcement Workers,minor,1232490
33-3010,"Bailiffs, Correctional Officers, and Jailers",broad,449480
33-3011,Bailiffs,detailed,17880
33-3012,Correctional Officers and Jailers,detailed,431600
33-3020,Detectives and Criminal Investigators,broad,104980
33-3021,Detectives and Criminal Investigators,detailed,104980
33-3030,Fish and Game Wardens,broad,6610
33-3031,Fish and Game Wardens,detailed,6610
33-3040,Parking Enforcement Workers,broad,8920
33-3041,Parking Enforcement Workers,detailed,8920
33-3050,Police Officers,broad,662500
33-3051,Police and Sheriff's Patrol Officers,detailed,657690
33-3052,Transit and Railroad Police,detailed,4810
33-9000,Other Protective Service Workers,minor,1550910
33-9010,Animal Control Workers,broad,12970
33-9011,Animal Control Workers,detailed,12970
33-9020,Private Detectives and Investigators,broad,28490
33-9021,Private Detectives and Investigators,detailed,28490
33-9030,Security Guards and Gaming Surveillance Officers,broad,1113580
33-9031,Gaming Surveillance Officers and Gaming Investigators,detailed,10460
33-9032,Security Guards,detailed,1103120
33-9090,Miscellaneous Protective Service Workers,broad,395870
33-9091,Crossing Guards,detailed,72900
33-9092,"Lifeguards, Ski Patrol, and Other Recreational Protective Service Workers",detailed,145100
33-9093,Transportation Security Screeners,detailed,42750
33-9099,"Protective Service Workers, All Other",detailed,135120
35-0000,Food Preparation and Serving Related Occupations,major,12981720
35-1000,Supervisors of Food Preparation and Serving Workers,minor,1042750
35-1010,Supervisors of Food Preparation and Serving Workers,broad,1042750
35-1011,Chefs and Head Cooks,detailed,134190
35-1012,First-Line Supervisors of Food Preparation and Serving Workers,detailed,908550
35-2000,Cooks and Food Preparation Workers,minor,3190940
35-2010,Cooks,broad,2340280
35-2011,"Cooks, Fast Food",detailed,513200
35-2012,"Cooks, Institution and Cafeteria",detailed,409850
35-2013,"Cooks, Private Household",detailed,370
35-2014,"Cooks, Restaurant",detailed,1217370
35-2015,"Cooks, Short Order",detailed,183990
35-2019,"Cooks, All Other",detailed,15490
35-2020,Food Preparation Workers,broad,850670
35-2021,Food Preparation Workers,detailed,850670
35-3000,Food and Beverage Serving Workers,minor,7355090
35-3010,Bartenders,broad,603320
35-3011,Bartenders,detailed,603320
35-3020,Fast Food and Counter Workers,broad,3925640
35-3021,"Combined Food Preparation and Serving Workers, Including Fast Food",detailed,3426090
35-3022,"Counter Attendants, Cafeteria, Food Concession, and Coffee Shop",detailed,499550
35-3030,Waiters and Waitresses,broad,2564610
35-3031,Waiters and Waitresses,detailed,2564610
35-3040,"Food Servers, Nonrestaurant",broad,261520
35-3041,"Food Servers, Nonrestaurant",detailed,261520
35-9000,Other Food Preparation and Serving Related Workers,minor,1392950
35-9010,Dining Room and Cafeteria Attendants and Bartender Helpers,broad,423080
35-9011,Dining Room and Cafeteria Attendants and Bartender Helpers,detailed,423080
35-9020,Dishwashers,broad,506450
35-9021,Dishwashers,detailed,506450
35-9030,"Hosts and Hostesses, Restaurant, Lounge, and Coffee Shop",broad,404360
35-9031,"Hosts and Hostesses, Restaurant, Lounge, and Coffee Shop",detailed,404360
35-9090,Miscellaneous Food Preparation and Serving Related Workers,broad,59060
35-9099,"Food Preparation and Serving Related Workers, All Other",detailed,59060
37-0000,Building and Grounds Cleaning and Maintenance Occupations,major,4426090
37-1000,Supervisors of Building and Grounds Cleaning and Maintenance Workers,minor,264210
37-1010,First-Line Supervisors of Building and Grounds Cleaning and Maintenance Workers,broad,264210
37-1011,First-Line Supervisors of Housekeeping and Janitorial Workers,detailed,161140
37-1012,"First-Line Supervisors of Landscaping, Lawn Service, and Groundskeeping Workers",detailed,103070
37-2000,Building Cleaning and Pest Control Workers,minor,3174220
37-2010,Building Cleaning Workers,broad,3101400
37-2011,"Janitors and Cleaners, Except Maids and Housekeeping Cleaners",detailed,2161740
37-2012,Maids and Housekeeping Cleaners,detailed,924640
37-2019,"Building Cleaning Workers, All Other",detailed,15020
37-2020,Pest Control Workers,broad,72830
37-2021,Pest Control Workers,detailed,72830
37-3000,Grounds Maintenance Workers,minor,987670
37-3010,Grounds Maintenance Workers,broad,987670
37-3011,Landscaping and Groundskeeping Workers,detailed,906570
37-3012,"Pesticide Handlers, Sprayers, and Applicators, Vegetation",detailed,25230
37-3013,Tree Trimmers and Pruners,detailed,40680
37-3019,"Grounds Maintenance Workers, All Other",detailed,15170
39-0000,Personal Care and Service Occupations,major,4514960
39-1000,Supervisors of Personal Care and Service Workers,minor,220200
39-1010,First-Line Supervisors of Gaming Workers,broad,29780
39-1011,Gaming Supervisors,detailed,22130
39-1012,Slot Supervisors,detailed,7640
39-1020,First-Line Supervisors of Personal Service Workers,broad,190420
39-1021,First-Line Supervisors of Personal Service Workers,detailed,190420
39-2000,Animal Care and Service Workers,minor,200950
39-2010,Animal Trainers,broad,13590
39-2011,Animal Trainers,detailed,13590
39-2020,Nonfarm Animal Caretakers,broad,187360
39-2021,Nonfarm Animal Caretakers,detailed,187360
39-3000,Entertainment Attendants and Related Workers,minor,567550
39-3010,Gaming Services Workers,broad,118170
39-3011,Gaming Dealers,detailed,94570
39-3012,Gaming and Sports Book Writers and Runners,detailed,11460
39-3019,"Gaming Service Workers, All Other",detailed,12140
39-3020,Motion Picture Projectionists,broad,5480
39-3021,Motion Picture Projectionists,detailed,5480
39-3030,"Ushers, Lobby Attendants, and Ticket Takers",broad,117920
39-3031,"Ushers, Lobby Attendants, and Ticket Takers",detailed,117920
39-3090,Miscellaneous Entertainment Attendants and Related Workers,broad,325970
39-3091,Amusement and Recreation Attendants,detailed,286740
39-3092,Costume Attendants,detailed,6640
39-3093,"Locker Room, Coatroom, and Dressing Room Attendants",detailed,18040
39-3099,"Entertainment Attendants and Related Workers, All Other",detailed,14550
39-4000,Funeral Service Workers,minor,65330
39-4010,Embalmers,broad,3710
39-4011,Embalmers,detailed,3710
39-4020,Funeral Attendants,broad,35770
39-4021,Funeral Attendants,detailed,35770
39-4030,"Morticians, Undertakers, and Funeral Directors",broad,25850
39-4031,"Morticians, Undertakers, and Funeral Directors",detailed,25850
39-5000,Personal Appearance Workers,minor,521740
39-5010,"Barbers, Hairdressers, Hairstylists and Cosmetologists",broad,368280
39-5011,Barbers,detailed,15900
39-5012,"Hairdressers, Hairstylists, and Cosmetologists",detailed,352380
39-5090,Miscellaneous Personal Appearance Workers,broad,153460
39-5091,"Makeup Artists, Theatrical and Performance",detailed,3600
39-5092,Manicurists and Pedicurists,detailed,90630
39-5093,Shampooers,detailed,15240
39-5094,Skincare Specialists,detailed,43980
39-6000,"Baggage Porters, Bellhops, and Concierges",minor,76760
39-6010,"Baggage Porters, Bellhops, and Concierges",broad,76760
39-6011,Baggage Porters and Bellhops,detailed,44750
39-6012,Concierges,detailed,32020
39-7000,Tour and Travel Guides,minor,41690
39-7010,Tour and Travel Guides,broad,41690
39-7011,Tour Guides and Escorts,detailed,38660
39-7012,Travel Guides,detailed,3030
39-9000,Other Personal Care and Service Workers,minor,2820750
39-9010,Childcare Workers,broad,569370
39-9011,Childcare Workers,detailed,569370
39-9020,Personal Care Aides,broad,1492250
39-9021,Personal Care Aides,detailed,1492250
39-9030,Recreation and Fitness Workers,broad,594280
39-9031,Fitness Trainers and Aerobics Instructors,detailed,257410
39-9032,Recreation Workers,detailed,336880
39-9040,Residential Advisors,broad,110330
39-9041,Residential Advisors,detailed,110330
39-9090,Miscellaneous Personal Care and Service Workers,broad,54520
39-9099,"Personal Care and Service Workers, All Other",detailed,54520
41-0000,Sales and Related Occupations,major,14536530
41-1000,Supervisors of Sales Workers,minor,1446900
41-1010,First-Line Supervisors of Sales Workers,broad,1446900
41-1011,First-Line Supervisors of Retail Sales Workers,detailed,1194220
41-1012,First-Line Supervisors of Non-Retail Sales Workers,detailed,252670
41-2000,Retail Sales Workers,minor,8791750
41-2010,Cashiers,broad,3564130
41-2011,Cashiers,detailed,3541010
41-2012,Gaming Change Persons and Booth Cashiers,detailed,23120
41-2020,Counter and Rental Clerks and Parts Salespersons,broad,699070
41-2021,Counter and Rental Clerks,detailed,450330
41-2022,Parts Salespersons,detailed,248740
41-2030,Retail Salespersons,broad,4528550
41-2031,Retail Salespersons,detailed,4528550
41-3000,"Sales Representatives, Services",minor,1903140
41-3010,Advertising Sales Agents,broad,141100
41-3011,Advertising Sales Agents,detailed,141100
41-3020,Insurance Sales Agents,broad,385700
41-3021,Insurance Sales Agents,detailed,385700
41-3030,"Securities, Commodities, and Financial Services Sales Agents",broad,353780
41-3031,"Securities, Commodities, and Financial Services Sales Agents",detailed,353780
41-3040,Travel Agents,broad,68680
41-3041,Travel Agents,detailed,68680
41-3090,"Miscellaneous Sales Representatives, Services",broad,953870
41-3099,"Sales Representatives, Services, All Other",detailed,953870
41-4000,"Sales Representatives, Wholesale and Manufacturing",minor,1732420
41-4010,"Sales Representatives, Wholesale and Manufacturing",broad,1732420
41-4011,"Sales Representatives, Wholesale and Manufacturing, Technical and Scientific Products",detailed,328370
41-4012,"Sales Representatives, Wholesale and Manufacturing, Except Technical and Scientific Products",detailed,1404050
41-9000,Other Sales and Related Workers,minor,662330
41-9010,"Models, Demonstrators, and Product Promoters",broad,90890
41-9011,Demonstrators and Product Promoters,detailed,86500
41-9012,Models,detailed,4390
41-9020,Real Estate Brokers and Sales Agents,broad,192690
41-9021,Real Estate Brokers,detailed,40850
41-9022,Real Estate Sales Agents,detailed,151840
41-9030,Sales Engineers,broad,74330
41-9031,Sales Engineers,detailed,74330
41-9040,Telemarketers,broad,215290
41-9041,Telemarketers,detailed,215290
41-9090,Miscellaneous Sales and Related Workers,broad,89120
41-9091,"Door-to-Door Sales Workers, News and Street Vendors, and Related Workers",detailed,8040
41-9099,"Sales and Related Workers, All Other",detailed,81080
43-0000,Office and Administrative Support Occupations,major,22026080
43-1000,Supervisors of Office and Administrative Support Workers,minor,1443150
43-1010,First-Line Supervisors of Office and Administrative Support Workers,broad,1443150
43-1011,First-Line Supervisors of Office and Administrative Support Workers,detailed,1443150
43-2000,Communications Equipment Operators,minor,101910
43-2010,"Switchboard Operators, Including Answering Service",broad,90910
43-2011,"Switchboard Operators, Including Answering Service",detailed,90910
43-2020,Telephone Operators,broad,8860
43-2021,Telephone Operators,detailed,8860
43-2090,Miscellaneous Communications Equipment Operators,broad,2150
43-2099,"Communications Equipment Operators, All Other",detailed,2150
43-3000,Financial Clerks,minor,3133030
43-3010,Bill and Account Collectors,broad,298960
43-3011,Bill and Account Collectors,detailed,298960
43-3020,Billing and Posting Clerks,broad,485220
43-3021,Billing and Posting Clerks,detailed,485220
43-3030,"Bookkeeping, Accounting, and Auditing Clerks",broad,1566960
43-3031,"Bookkeeping, Accounting, and Auditing Clerks",detailed,1566960
43-3040,Gaming Cage Workers,broad,18810
43-3041,Gaming Cage Workers,detailed,18810
43-3050,Payroll and Timekeeping Clerks,broad,159650
43-3051,Payroll and Timekeeping Clerks,detailed,159650
43-3060,Procurement Clerks,broad,72120
43-3061,Procurement Clerks,detailed,72120
43-3070,Tellers,broad,496760
43-3071,Tellers,detailed,496760
43-3090,Miscellaneous Financial Clerks,broad,34540
43-3099,"Financial Clerks, All Other",detailed,34540
43-4000,Information and Record Clerks,minor,5630810
43-4010,Brokerage Clerks,broad,59820
43-4011,Brokerage Clerks,detailed,59820
43-4020,Correspondence Clerks,broad,6780
43-4021,Correspondence Clerks,detailed,6780
43-4030,"Court, Municipal, and License Clerks",broad,128620
43-4031,"Court, Municipal, and License Clerks",detailed,128620
43-4040,"Credit Authorizers, Checkers, and Clerks",broad,37680
43-4041,"Credit Authorizers, Checkers, and Clerks",detailed,37680
43-4050,Customer Service Representatives,broad,2707040
43-4051,Customer Service Representatives,detailed,2707040
43-4060,"Eligibility Interviewers, Government Programs",broad,135940
43-4061,"Eligibility Interviewers, Government Programs",detailed,135940
43-4070,File Clerks,broad,130950
43-4071,File Clerks,detailed,130950
43-4080,"Hotel, Motel, and Resort Desk Clerks",broad,248440
43-4081,"Hotel, Motel, and Resort Desk Clerks",detailed,248440
43-4110,"Interviewers, Except Eligibility and Loan",broad,186030
43-4111,"Interviewers, Except Eligibility and Loan",detailed,186030
43-4120,"Library Assistants, Clerical",broad,98560
43-4121,"Library Assistants, Clerical",detailed,98560
43-4130,Loan Interviewers and Clerks,broad,224340
43-4131,Loan Interviewers and Clerks,detailed,224340
43-4140,New Accounts Clerks,broad,41630
43-4141,New Accounts Clerks,detailed,41630
43-4150,Order Clerks,broad,176850
43-4151,Order Clerks,detailed,176850
43-4160,"Human Resources Assistants, Except Payroll and Timekeeping",broad,137150
43-4161,"Human Resources Assistants, Except Payroll and Timekeeping",detailed,137150
43-4170,Receptionists and Information Clerks,broad,997770
43-4171,Receptionists and Information Clerks,detailed,997770
43-4180,Reservation and Transportation Ticket Agents and Travel Clerks,broad,146350
43-4181,Reservation and Transportation Ticket Agents and Travel Clerks,detailed,146350
43-4190,Miscellaneous Information and Record Clerks,broad,166850
43-4199,"Information and Record Clerks, All Other",detailed,166850
43-5000,"Material Recording, Scheduling, Dispatching, and Distributing Workers",minor,4101520
43-5010,Cargo and Freight Agents,broad,88920
43-5011,Cargo and Freight Agents,detailed,88920
43-5020,Couriers and Messengers,broad,74120
43-5021,Couriers and Messengers,detailed,74120
43-5030,Dispatchers,broad,293090
43-5031,"Police, Fire, and Ambulance Dispatchers",detailed,95170
43-5032,"Dispatchers, Except Police, Fire, and Ambulance",detailed,197910
43-5040,"Meter Readers, Utilities",broad,34070
43-5041,"Meter Readers, Utilities",detailed,34070
43-5050,Postal Service Workers,broad,521750
43-5051,Postal Service Clerks,detailed,82030
43-5052,Postal Service Mail Carriers,detailed,328950
43-5053,"Postal Service Mail Sorters, Processors, and Processing Machine Operators",detailed,110770
43-5060,"Production, Planning, and Expediting Clerks",broad,321780
43-5061,"Production, Planning, and Expediting Clerks",detailed,321780
43-5070,"Shipping, Receiving, and Traffic Clerks",broad,676990
43-5071,"Shipping, Receiving, and Traffic Clerks",detailed,676990
43-5080,Stock Clerks and Order Fillers,broad,2016340
43-5081,Stock Clerks and Order Fillers,detailed,2016340
43-5110,"Weighers, Measurers, Checkers, and Samplers, Recordkeeping",broad,74460
43-5111,"Weighers, Measurers, Checkers, and Samplers, Recordkeeping",detailed,74460
43-6000,Secretaries and Administrative Assistants,minor,3675140
43-6010,Secretaries and Administrative Assistants,broad,3675140
43-6011,Executive Secretaries and Executive Administrative Assistants,detailed,631610
43-6012,Legal Secretaries,detailed,191200
43-6013,Medical Secretaries,detailed,556820
43-6014,"Secretaries and Administrative Assistants, Except Legal, Medical, and Executive",detailed,2295510
43-9000,Other Office and Administrative Support Workers,minor,3940510
43-9010,Computer Operators,broad,46810
43-9011,Computer Operators,detailed,46810
43-9020,Data Entry and Information Processing Workers,broad,262040
43-9021,Data Entry Keyers,detailed,194810
43-9022,Word Processors and Typists,detailed,67230
43-9030,Desktop Publishers,broad,13090
43-9031,Desktop Publishers,detailed,13090
43-9040,Insurance Claims and Policy Processing Clerks,broad,274350
43-9041,Insurance Claims and Policy Processing Clerks,detailed,274350
43-9050,"Mail Clerks and Mail Machine Operators, Except Postal Service",broad,91530
43-9051,"Mail Clerks and Mail Machine Operators, Except Postal Service",detailed,91530
43-9060,"Office Clerks, General",broad,2955550
43-9061,"Office Clerks, General",detailed,2955550
43-9070,"Office Machine Operators, Except Computer",broad,58160
43-9071,"Office Machine Operators, Except Computer",detailed,58160
43-9080,Proofreaders and Copy Markers,broad,11430
43-9081,Proofreaders and Copy Markers,detailed,11430
43-9110,Statistical Assistants,broad,10900
43-9111,Statistical Assistants,detailed,10900
43-9190,Miscellaneous Office and Administrative Support Workers,broad,216650
43-9199,"Office and Administrative Support Workers, All Other",detailed,216650
45-0000,"Farming, Fishing, and Forestry Occupations",major,463640
45-1000,"Supervisors of Farming, Fishing, and Forestry Workers",minor,19550
45-1010,"First-Line Supervisors of Farming, Fishing, and Forestry Workers",broad,19550
45-1011,"First-Line Supervisors of Farming, Fishing, and Forestry Workers",detailed,19550
45-2000,Agricultural Workers,minor,397630
45-2010,Agricultural Inspectors,broad,14710
45-2011,Agricultural Inspectors,detailed,14710
45-2020,Animal Breeders,broad,1270
45-2021,Animal Breeders,detailed,1270
45-2040,"Graders and Sorters, Agricultural Products",broad,38780
45-2041,"Graders and Sorters, Agricultural Products",detailed,38780
45-2090,Miscellaneous Agricultural Workers,broad,342870
45-2091,Agricultural Equipment Operators,detailed,28700
45-2092,"Farmworkers and Laborers, Crop, Nursery, and Greenhouse",detailed,273450
45-2093,"Farmworkers, Farm, Ranch, and Aquacultural Animals",detailed,35670
45-2099,"Agricultural Workers, All Other",detailed,5040
45-3000,Fishing and Hunting Workers,minor,650
45-3010,Fishers and Related Fishing Workers,broad,520
45-3011,Fishers and Related Fishing Workers,detailed,520
45-4000,"Forest, Conservation, and Logging Workers",minor,45820
45-4010,Forest and Conservation Workers,broad,7170
45-4011,Forest and Conservation Workers,detailed,7170
45-4020,Logging Workers,broad,38650
45-4021,Fallers,detailed,5370
45-4022,Logging Equipment Operators,detailed,27250
45-4023,Log Graders and Scalers,detailed,3020
45-4029,"Logging Workers, All Other",detailed,3010
47-0000,Construction and Extraction Occupations,major,5585420
47-1000,Supervisors of Construction and Extraction Workers,minor,538220
47-1010,First-Line Supervisors of Construction Trades and Extraction Workers,broad,538220
47-1011,First-Line Supervisors of Construction Trades and Extraction Workers,detailed,538220
47-2000,Construction Trades Workers,minor,4216890
47-2010,Boilermakers,broad,16660
47-2011,Boilermakers,detailed,16660
47-2020,"Brickmasons, Blockmasons, and Stonemasons",broad,77560
47-2021,Brickmasons and Blockmasons,detailed,64370
47-2022,Stonemasons,detailed,13190
47-2030,Carpenters,broad,676980
47-2031,Carpenters,detailed,676980
47-2040,"Carpet, Floor, and Tile Installers and Finishers",broad,77410
47-2041,Carpet Installers,detailed,25660
47-2042,"Floor Layers, Except Carpet, Wood, and Hard Tiles",detailed,10340
47-2043,Floor Sanders and Finishers,detailed,4590
47-2044,Tile and Marble Setters,detailed,36830
47-2050,"Cement Masons, Concrete Finishers, and Terrazzo Workers",broad,177340
47-2051,Cement Masons and Concrete Finishers,detailed,173920
47-2053,Terrazzo Workers and Finishers,detailed,3420
47-2060,Construction Laborers,broad,912100
47-2061,Construction Laborers,detailed,912100
47-2070,Construction Equipment Operators,broad,412190
47-2071,"Paving, Surfacing, and Tamping Equipment Operators",detailed,51880
47-2072,Pile-Driver Operators,detailed,3570
47-2073,Operating Engineers and Other Construction Equipment Operators,detailed,356750
47-2080,"Drywall Installers, Ceiling Tile Installers, and Tapers",broad,111650
47-2081,Drywall and Ceiling Tile Installers,detailed,93180
47-2082,Tapers,detailed,18480
47-2110,Electricians,broad,607120
47-2111,Electricians,detailed,607120
47-2120,Glaziers,broad,47140
47-2121,Glaziers,detailed,47140
47-2130,Insulation Workers,broad,56770
47-2131,"Insulation Workers, Floor, Ceiling, and Wall",detailed,29500
47-2132,"Insulation Workers, Mechanical",detailed,27270
47-2140,Painters and Paperhangers,broad,220470
47-2141,"Painters, Construction and Maintenance",detailed,217280
47-2142,Paperhangers,detailed,3190
47-2150,"Pipelayers, Plumbers, Pipefitters, and Steamfitters",broad,451500
47-2151,Pipelayers,detailed,39620
47-2152,"Plumbers, Pipefitters, and Steamfitters",detailed,411870
47-2160,Plasterers and Stucco Masons,broad,22810
47-2161,Plasterers and Stucco Masons,detailed,22810
47-2170,Reinforcing Iron and Rebar Workers,broad,20020
47-2171,Reinforcing Iron and Rebar Workers,detailed,20020
47-2180,Roofers,broad,116410
47-2181,Roofers,detailed,116410
47-2210,Sheet Metal Workers,broad,134450
47-2211,Sheet Metal Workers,detailed,134450
47-2220,Structural Iron and Steel Workers,broad,69440
47-2221,Structural Iron and Steel Workers,detailed,69440
47-2230,Solar Photovoltaic Installers,broad,8870
47-2231,Solar Photovoltaic Installers,detailed,8870
47-3000,"Helpers, Construction Trades",minor,228590
47-3010,"Helpers, Construction Trades",broad,228590
47-3011,"Helpers--Brickmasons, Blockmasons, Stonemasons, and Tile and Marble Setters",detailed,23950
47-3012,Helpers--Carpenters,detailed,35890
47-3013,Helpers--Electricians,detailed,71890
47-3014,"Helpers--Painters, Paperhangers, Plasterers, and Stucco Masons",detailed,10780
47-3015,"Helpers--Pipelayers, Plumbers, Pipefitters, and Steamfitters",detailed,54080
47-3016,Helpers--Roofers,detailed,10190
47-3019,"Helpers, Construction Trades, All Other",detailed,21820
47-4000,Other Construction and Related Workers,minor,403940
47-4010,Construction and Building Inspectors,broad,94960
47-4011,Construction and Building Inspectors,detailed,94960
47-4020,Elevator Installers and Repairers,broad,22240
47-4021,Elevator Installers and Repairers,detailed,22240
47-4030,Fence Erectors,broad,21500
47-4031,Fence Erectors,detailed,21500
47-4040,Hazardous Materials Removal Workers,broad,44280
47-4041,Hazardous Materials Removal Workers,detailed,44280
47-4050,Highway Maintenance Workers,broad,143320
47-4051,Highway Maintenance Workers,detailed,143320
47-4060,Rail-Track Laying and Maintenance Equipment Operators,broad,14250
47-4061,Rail-Track Laying and Maintenance Equipment Operators,detailed,14250
47-4070,Septic Tank Servicers and Sewer Pipe Cleaners,broad,26320
47-4071,Septic Tank Servicers and Sewer Pipe Cleaners,detailed,26320
47-4090,Miscellaneous Construction and Related Workers,broad,37070
47-4091,Segmental Pavers,detailed,1720
47-4099,"Construction and Related Workers, All Other",detailed,35340
47-5000,Extraction Workers,minor,197770
47-5010,"Derrick, Rotary Drill, and Service Unit Operators, Oil, Gas, and Mining",broad,71860
47-5011,"Derrick Operators, Oil and Gas",detailed,11580
47-5012,"Rotary Drill Operators, Oil and Gas",detailed,17400
47-5013,"Service Unit Operators, Oil, Gas, and Mining",detailed,42890
47-5020,"Earth Drillers, Except Oil and Gas",broad,18500
47-5021,"Earth Drillers, Except Oil and Gas",detailed,18500
47-5030,"Explosives Workers, Ordnance Handling Experts, and Blasters",broad,6310
47-5031,"Explosives Workers, Ordnance Handling Experts, and Blasters",detailed,6310
47-5040,Mining Machine Operators,broad,20120
47-5041,Continuous Mining Machine Operators,detailed,12030
47-5042,Mine Cutting and Channeling Machine Operators,detailed,5930
47-5049,"Mining Machine Operators, All Other",detailed,2160
47-5050,"Rock Splitters, Quarry",broad,3770
47-5051,"Rock Splitters, Quarry",detailed,3770
47-5060,"Roof Bolters, Mining",broad,3930
47-5061,"Roof Bolters, Mining",detailed,3930
47-5070,"Roustabouts, Oil and Gas",broad,51290
47-5071,"Roustabouts, Oil and Gas",detailed,51290
47-5080,Helpers--Extraction Workers,broad,17660
47-5081,Helpers--Extraction Workers,detailed,17660
47-5090,Miscellaneous Extraction Workers,broad,4320
47-5099,"Extraction Workers, All Other",detailed,4320
49-0000,"Installation, Maintenance, and Repair Occupations",major,5456640
49-1000,"Supervisors of Installation, Maintenance, and Repair Workers",minor,453330
49-1010,"First-Line Supervisors of Mechanics, Installers, and Repairers",broad,453330
49-1011,"First-Line Supervisors of Mechanics, Installers, and Repairers",detailed,453330
49-2000,"Electrical and Electronic Equipment Mechanics, Installers, and Repairers",minor,588510
49-2010,"Computer, Automated Teller, and Office Machine Repairers",broad,102170
49-2011,"Computer, Automated Teller, and Office Machine Repairers",detailed,102170
49-2020,Radio and Telecommunications Equipment Installers and Repairers,broad,242550
49-2021,"Radio, Cellular, and Tower Equipment Installers and Repairers",detailed,14120
49-2022,"Telecommunications Equipment Installers and Repairers, Except Line Installers",detailed,228430
49-2090,"Miscellaneous Electrical and Electronic Equipment Mechanics, Installers, and Repairers",broad,243790
49-2091,Avionics Technicians,detailed,17330
49-2092,"Electric Motor, Power Tool, and Related Repairers",detailed,17050
49-2093,"Electrical and Electronics Installers and Repairers, Transportation Equipment",detailed,13960
49-2094,"Electrical and Electronics Repairers, Commercial and Industrial Equipment",detailed,67390
49-2095,"Electrical and Electronics Repairers, Powerhouse, Substation, and Relay",detailed,23060
49-2096,"Electronic Equipment Installers and Repairers, Motor Vehicles",detailed,11750
49-2097,Electronic Home Entertainment Equipment Installers and Repairers,detailed,25550
49-2098,Security and Fire Alarm Systems Installers,detailed,67700
49-3000,"Vehicle and Mobile Equipment Mechanics, Installers, and Repairers",minor,1578250
49-3010,Aircraft Mechanics and Service Technicians,broad,128570
49-3011,Aircraft Mechanics and Service Technicians,detailed,128570
49-3020,Automotive Technicians and Repairers,broad,809930
49-3021,Automotive Body and Related Repairers,detailed,143940
49-3022,Automotive Glass Installers and Repairers,detailed,18610
49-3023,Automotive Service Technicians and Mechanics,detailed,647380
49-3030,Bus and Truck Mechanics and Diesel Engine Specialists,broad,254280
49-3031,Bus and Truck Mechanics and Diesel Engine Specialists,detailed,254280
49-3040,Heavy Vehicle and Mobile Equipment Service Technicians and Mechanics,broad,180760
49-3041,Farm Equipment Mechanics and Service Technicians,detailed,35110
49-3042,"Mobile Heavy Equipment Mechanics, Except Engines",detailed,123570
49-3043,Rail Car Repairers,detailed,22090
49-3050,Small Engine Mechanics,broad,69280
49-3051,Motorboat Mechanics and Service Technicians,detailed,20260
49-3052,Motorcycle Mechanics,detailed,16000
49-3053,Outdoor Power Equipment and Other Small Engine Mechanics,detailed,33020
49-3090,"Miscellaneous Vehicle and Mobile Equipment Mechanics, Installers, and Repairers",broad,135430
49-3091,Bicycle Repairers,detailed,12560
49-3092,Recreational Vehicle Service Technicians,detailed,13520
49-3093,Tire Repairers and Changers,detailed,109350
49-9000,"Other Installation, Maintenance, and Repair Occupations",minor,2836540
49-9010,Control and Valve Installers and Repairers,broad,65590
49-9011,Mechanical Door Repairers,detailed,19840
49-9012,"Control and Valve Installers and Repairers, Except Mechanical Door",detailed,45740
49-9020,"Heating, Air Conditioning, and Refrigeration Mechanics and Installers",broad,294730
49-9021,"Heating, Air Conditioning, and Refrigeration Mechanics and Installers",detailed,294730
49-9030,Home Appliance Repairers,broad,33480
49-9031,Home Appliance Repairers,detailed,33480
49-9040,"Industrial Machinery Installation, Repair, and Maintenance Workers",broad,465330
49-9041,Industrial Machinery Mechanics,detailed,334490
49-9043,"Maintenance Workers, Machinery",detailed,89630
49-9044,Millwrights,detailed,39670
49-9045,"Refractory Materials Repairers, Except Brickmasons",detailed,1540
49-9050,Line Installers and Repairers,broad,217750
49-9051,Electrical Power-Line Installers and Repairers,detailed,117670
49-9052,Telecommunications Line Installers and Repairers,detailed,100080
49-9060,Precision Instrument and Equipment Repairers,broad,68360
49-9061,Camera and Photographic Equipment Repairers,detailed,3760
49-9062,Medical Equipment Repairers,detailed,43370
49-9063,Musical Instrument Repairers and Tuners,detailed,7980
49-9064,Watch Repairers,detailed,1620
49-9069,"Precision Instrument and Equipment Repairers, All Other",detailed,11640
49-9070,"Maintenance and Repair Workers, General",broad,1332480
49-9071,"Maintenance and Repair Workers, General",detailed,1332480
49-9080,Wind Turbine Service Technicians,broad,4580
49-9081,Wind Turbine Service Technicians,detailed,4580
49-9090,"Miscellaneous Installation, Maintenance, and Repair Workers",broad,354250
49-9091,"Coin, Vending, and Amusement Machine Servicers and Repairers",detailed,33600
49-9092,Commercial Divers,detailed,3370
49-9093,"Fabric Menders, Except Garment",detailed,550
49-9094,Locksmiths and Safe Repairers,detailed,18640
49-9095,Manufactured Building and Mobile Home Installers,detailed,3200
49-9096,Riggers,detailed,21020
49-9097,Signal and Track Switch Repairers,detailed,8680
49-9098,"Helpers--Installation, Maintenance, and Repair Workers",detailed,118720
49-9099,"Installation, Maintenance, and Repair Workers, All Other",detailed,146460
51-0000,Production Occupations,major,9105650
51-1000,Supervisors of Production Workers,minor,610480
51-1010,First-Line Supervisors of Production and Operating Workers,broad,610480
51-1011,First-Line Supervisors of Production and Operating Workers,detailed,610480
51-2000,Assemblers and Fabricators,minor,1798860
51-2010,"Aircraft Structure, Surfaces, Rigging, and Systems Assemblers",broad,42010
51-2011,"Aircraft Structure, Surfaces, Rigging, and Systems Assemblers",detailed,42010
51-2020,"Electrical, Electronics, and Electromechanical Assemblers",broad,278150
51-2021,"Coil Winders, Tapers, and Finishers",detailed,14090
51-2022,Electrical and Electronic Equipment Assemblers,detailed,218530
51-2023,Electromechanical Equipment Assemblers,detailed,45540
51-2030,Engine and Other Machine Assemblers,broad,38150
51-2031,Engine and Other Machine Assemblers,detailed,38150
51-2040,Structural Metal Fabricators and Fitters,broad,77270
51-2041,Structural Metal Fabricators and Fitters,detailed,77270
51-2090,Miscellaneous Assemblers and Fabricators,broad,1363280
51-2091,Fiberglass Laminators and Fabricators,detailed,19400
51-2092,Team Assemblers,detailed,1112780
51-2093,Timing Device Assemblers and Adjusters,detailed,790
51-2099,"Assemblers and Fabricators, All Other",detailed,230310
51-3000,Food Processing Workers,minor,793100
51-3010,Bakers,broad,180450
51-3011,Bakers,detailed,180450
51-3020,"Butchers and Other Meat, Poultry, and Fish Processing Workers",broad,364460
51-3021,Butchers and Meat Cutters,detailed,133880
51-3022,"Meat, Poultry, and Fish Cutters and Trimmers",detailed,149800
51-3023,Slaughterers and Meat Packers,detailed,80780
51-3090,Miscellaneous Food Processing Workers,broad,248200
51-3091,"Food and Tobacco Roasting, Baking, and Drying Machine Operators and Tenders",detailed,20080
51-3092,Food Batchmakers,detailed,148540
51-3093,Food Cooking Machine Operators and Tenders,detailed,36520
51-3099,"Food Processing Workers, All Other",detailed,43070
51-4000,Metal Workers and Plastic Workers,minor,1924170
51-4010,Computer Control Programmers and Operators,broad,171370
51-4011,"Computer-Controlled Machine Tool Operators, Metal and Plastic",detailed,146190
51-4012,"Computer Numerically Controlled Machine Tool Programmers, Metal and Plastic",detailed,25180
51-4020,"Forming Machine Setters, Operators, and Tenders, Metal and Plastic",broad,120170
51-4021,"Extruding and Drawing Machine Setters, Operators, and Tenders, Metal and Plastic",detailed,71960
51-4022,"Forging Machine Setters, Operators, and Tenders, Metal and Plastic",detailed,19160
51-4023,"Rolling Machine Setters, Operators, and Tenders, Metal and Plastic",detailed,29060
51-4030,"Machine Tool Cutting Setters, Operators, and Tenders, Metal and Plastic",broad,331110
51-4031,"Cutting, Punching, and Press Machine Setters, Operators, and Tenders, Metal and Plastic",detailed,192800
51-4032,"Drilling and Boring Machine Tool Setters, Operators, and Tenders, Metal and Plastic",detailed,12290
51-4033,"Grinding, Lapping, Polishing, and Buffing Machine Tool Setters, Operators, and Tenders, Metal and Plastic",detailed,74600
51-4034,"Lathe and Turning Machine Tool Setters, Operators, and Tenders, Metal and Plastic",detailed,33850
51-4035,"Milling and Planing Machine Setters, Operators, and Tenders, Metal and Plastic",detailed,17560
51-4040,Machinists,broad,391120
51-4041,Machinists,detailed,391120
51-4050,"Metal Furnace Operators, Tenders, Pourers, and Casters",broad,26300
51-4051,Metal-Refining Furnace Operators and Tenders,detailed,17730
51-4052,"Pourers and Casters, Metal",detailed,8560
51-4060,"Model Makers and Patternmakers, Metal and Plastic",broad,9680
51-4061,"Model Makers, Metal and Plastic",detailed,6250
51-4062,"Patternmakers, Metal and Plastic",detailed,3420
51-4070,"Molders and Molding Machine Setters, Operators, and Tenders, Metal and Plastic",broad,158370
51-4071,Foundry Mold and Coremakers,detailed,12810
51-4072,"Molding, Coremaking, and Casting Machine Setters, Operators, and Tenders, Metal and Plastic",detailed,145560
51-4080,"Multiple Machine Tool Setters, Operators, and Tenders, Metal and Plastic",broad,117300
51-4081,"Multiple Machine Tool Setters, Operators, and Tenders, Metal and Plastic",detailed,117300
51-4110,Tool and Die Makers,broad,72210
51-4111,Tool and Die Makers,detailed,72210
51-4120,"Welding, Soldering, and Brazing Workers",broad,429650
51-4121,"Welders, Cutters, Solderers, and Brazers",detailed,382730
51-4122,"Welding, Soldering, and Brazing Machine Setters, Operators, and Tenders",detailed,46920
51-4190,Miscellaneous Metal Workers and Plastic Workers,broad,96910
51-4191,"Heat Treating Equipment Setters, Operators, and Tenders, Metal and Plastic",detailed,19780
51-4192,"Layout Workers, Metal and Plastic",detailed,9070
51-4193,"Plating and Coating Machine Setters, Operators, and Tenders, Metal and Plastic",detailed,35570
51-4194,"Tool Grinders, Filers, and Sharpeners",detailed,9550
51-4199,"Metal Workers and Plastic Workers, All Other",detailed,22930
51-5100,Printing Workers,minor,255980
51-5110,Printing Workers,broad,255980
51-5111,Prepress Technicians and Workers,detailed,33340
51-5112,Printing Press Operators,detailed,169910
51-5113,Print Binding and Finishing Workers,detailed,52730
51-6000,"Textile, Apparel, and Furnishings Workers",minor,582470
51-6010,Laundry and Dry-Cleaning Workers,broad,207710
51-6011,Laundry and Dry-Cleaning Workers,detailed,207710
51-6020,"Pressers, Textile, Garment, and Related Materials",broad,45150
51-6021,"Pressers, Textile, Garment, and Related Materials",detailed,45150
51-6030,Sewing Machine Operators,broad,139500
51-6031,Sewing Machine Operators,detailed,139500
51-6040,Shoe and Leather Workers,broad,11280
51-6041,Shoe and Leather Workers and Repairers,detailed,7780
51-6042,Shoe Machine Operators and Tenders,detailed,3500
51-6050,"Tailors, Dressmakers, and Sewers",broad,28200
51-6051,"Sewers, Hand",detailed,6540
51-6052,"Tailors, Dressmakers, and Custom Sewers",detailed,21660
51-6060,"Textile Machine Setters, Operators, and Tenders",broad,77800
51-6061,Textile Bleaching and Dyeing Machine Operators and Tenders,detailed,10860
51-6062,"Textile Cutting Machine Setters, Operators, and Tenders",detailed,15040
51-6063,"Textile Knitting and Weaving Machine Setters, Operators, and Tenders",detailed,21550
51-6064,"Textile Winding, Twisting, and Drawing Out Machine Setters, Operators, and Tenders",detailed,30340
51-6090,"Miscellaneous Textile, Apparel, and Furnishings Workers",broad,72820
51-6091,"Extruding and Forming Machine Setters, Operators, and Tenders, Synthetic and Glass Fibers",detailed,19340
51-6092,Fabric and Apparel Patternmakers,detailed,5310
51-6093,Upholsterers,detailed,32520
51-6099,"Textile, Apparel, and Furnishings Workers, All Other",detailed,15650
51-7000,Woodworkers,minor,250870
51-7010,Cabinetmakers and Bench Carpenters,broad,97980
51-7011,Cabinetmakers and Bench Carpenters,detailed,97980
51-7020,Furniture Finishers,broad,17370
51-7021,Furniture Finishers,detailed,17370
51-7030,"Model Makers and Patternmakers, Wood",broad,2000
51-7031,"Model Makers, Wood",detailed,1040
51-7032,"Patternmakers, Wood",detailed,970
51-7040,"Woodworking Machine Setters, Operators, and Tenders",broad,126760
51-7041,"Sawing Machine Setters, Operators, and Tenders, Wood",detailed,50640
51-7042,"Woodworking Machine Setters, Operators, and Tenders, Except Sawing",detailed,76130
51-7090,Miscellaneous Woodworkers,broad,6750
51-7099,"Woodworkers, All Other",detailed,6750
51-8000,Plant and System Operators,minor,307370
51-8010,"Power Plant Operators, Distributors, and Dispatchers",broad,53560
51-8011,Nuclear Power Reactor Operators,detailed,7170
51-8012,Power Distributors and Dispatchers,detailed,11380
51-8013,Power Plant Operators,detailed,35010
51-8020,Stationary Engineers and Boiler Operators,broad,33720
51-8021,Stationary Engineers and Boiler Operators,detailed,33720
51-8030,Water and Wastewater Treatment Plant and System Operators,broad,115840
51-8031,Water and Wastewater Treatment Plant and System Operators,detailed,115840
51-8090,Miscellaneous Plant and System Operators,broad,104250
51-8091,Chemical Plant and System Operators,detailed,33300
51-8092,Gas Plant Operators,detailed,17350
51-8093,"Petroleum Pump System Operators, Refinery Operators, and Gaugers",detailed,41630
51-8099,"Plant and System Operators, All Other",detailed,11970
51-9000,Other Production Occupations,minor,2582350
51-9010,"Chemical Processing Machine Setters, Operators, and Tenders",broad,121010
51-9011,Chemical Equipment Operators and Tenders,detailed,73840
51-9012,"Separating, Filtering, Clarifying, Precipitating, and Still Machine Setters, Operators, and Tenders",detailed,47160
51-9020,"Crushing, Grinding, Polishing, Mixing, and Blending Workers",broad,186980
51-9021,"Crushing, Grinding, and Polishing Machine Setters, Operators, and Tenders",detailed,29830
51-9022,"Grinding and Polishing Workers, Hand",detailed,26670
51-9023,"Mixing and Blending Machine Setters, Operators, and Tenders",detailed,130480
51-9030,Cutting Workers,broad,75580
51-9031,"Cutters and Trimmers, Hand",detailed,14250
51-9032,"Cutting and Slicing Machine Setters, Operators, and Tenders",detailed,61330
51-9040,"Extruding, Forming, Pressing, and Compacting Machine Setters, Operators, and Tenders",broad,71260
51-9041,"Extruding, Forming, Pressing, and Compacting Machine Setters, Operators, and Tenders",detailed,71260
51-9050,"Furnace, Kiln, Oven, Drier, and Kettle Operators and Tenders",broad,19520
51-9051,"Furnace, Kiln, Oven, Drier, and Kettle Operators and Tenders",detailed,19520
51-9060,"Inspectors, Testers, Sorters, Samplers, and Weighers",broad,518950
51-9061,"Inspectors, Testers, Sorters, Samplers, and Weighers",detailed,518950
51-9070,Jewelers and Precious Stone and Metal Workers,broad,26480
51-9071,Jewelers and Precious Stone and Metal Workers,detailed,26480
51-9080,"Medical, Dental, and Ophthalmic Laboratory Technicians",broad,80240
51-9081,Dental Laboratory Technicians,detailed,37110
51-9082,Medical Appliance Technicians,detailed,14570
51-9083,Ophthalmic Laboratory Technicians,detailed,28570
51-9110,Packaging and Filling Machine Operators and Tenders,broad,386520
51-9111,Packaging and Filling Machine Operators and Tenders,detailed,386520
51-9120,Painting Workers,broad,156070
51-9121,"Coating, Painting, and Spraying Machine Setters, Operators, and Tenders",detailed,85760
51-9122,"Painters, Transportation Equipment",detailed,54860
51-9123,"Painting, Coating, and Decorating Workers",detailed,15450
51-9140,Semiconductor Processors,broad,24430
51-9141,Semiconductor Processors,detailed,24430
51-9150,Photographic Process Workers and Processing Machine Operators,broad,26430
51-9151,Photographic Process Workers and Processing Machine Operators,detailed,26430
51-9190,Miscellaneous Production Workers,broad,888880
51-9191,Adhesive Bonding Machine Operators and Tenders,detailed,16940
51-9192,"Cleaning, Washing, and Metal Pickling Equipment Operators and Tenders",detailed,17860
51-9193,Cooling and Freezing Equipment Operators and Tenders,detailed,8170
51-9194,Etchers and Engravers,detailed,9520
51-9195,"Molders, Shapers, and Casters, Except Metal and Plastic",detailed,39450
51-9196,"Paper Goods Machine Setters, Operators, and Tenders",detailed,93100
51-9197,Tire Builders,detailed,22280
51-9198,Helpers--Production Workers,detailed,429890
51-9199,"Production Workers, All Other",detailed,251670
53-0000,Transportation and Material Moving Occupations,major,9731790
53-1000,Supervisors of Transportation and Material Moving Workers,minor,393850
53-1010,Aircraft Cargo Handling Supervisors,broad,7460
53-1011,Aircraft Cargo Handling Supervisors,detailed,7460
53-1020,"First-Line Supervisors of Helpers, Laborers, and Material Movers, Hand",broad,183620
53-1021,"First-Line Supervisors of Helpers, Laborers, and Material Movers, Hand",detailed,183620
53-1030,First-Line Supervisors of Transportation and Material-Moving Machine and Vehicle Operators,broad,202760
53-1031,First-Line Supervisors of Transportation and Material-Moving Machine and Vehicle Operators,detailed,202760
53-2000,Air Transportation Workers,minor,265890
53-2010,Aircraft Pilots and Flight Engineers,broad,120500
53-2011,"Airline Pilots, Copilots, and Flight Engineers",detailed,81520
53-2012,Commercial Pilots,detailed,38980
53-2020,Air Traffic Controllers and Airfield Operations Specialists,broad,32000
53-2021,Air Traffic Controllers,detailed,23240
53-2022,Airfield Operations Specialists,detailed,8760
53-2030,Flight Attendants,broad,113390
53-2031,Flight Attendants,detailed,113390
53-3000,Motor Vehicle Operators,minor,3934070
53-3010,"Ambulance Drivers and Attendants, Except Emergency Medical Technicians",broad,17300
53-3011,"Ambulance Drivers and Attendants, Except Emergency Medical Technicians",detailed,17300
53-3020,Bus Drivers,broad,684690
53-3021,"Bus Drivers, Transit and Intercity",detailed,169680
53-3022,"Bus Drivers, School or Special Client",detailed,515020
53-3030,Driver/Sales Workers and Truck Drivers,broad,2989540
53-3031,Driver/Sales Workers,detailed,426310
53-3032,Heavy and Tractor-Trailer Truck Drivers,detailed,1704520
53-3033,Light Truck or Delivery Services Drivers,detailed,858710
53-3040,Taxi Drivers and Chauffeurs,broad,188860
53-3041,Taxi Drivers and Chauffeurs,detailed,188860
53-3090,Miscellaneous Motor Vehicle Operators,broad,53680
53-3099,"Motor Vehicle Operators, All Other",detailed,53680
53-4000,Rail Transportation Workers,minor,125200
53-4010,Locomotive Engineers and Operators,broad,45640
53-4011,Locomotive Engineers,detailed,39900
53-4012,Locomotive Firers,detailed,1210
53-4013,"Rail Yard Engineers, Dinkey Operators, and Hostlers",detailed,4530
53-4020,"Railroad Brake, Signal, and Switch Operators",broad,19860
53-4021,"Railroad Brake, Signal, and Switch Operators",detailed,19860
53-4030,Railroad Conductors and Yardmasters,broad,42880
53-4031,Railroad Conductors and Yardmasters,detailed,42880
53-4040,Subway and Streetcar Operators,broad,12350
53-4041,Subway and Streetcar Operators,detailed,12350
53-4090,Miscellaneous Rail Transportation Workers,broad,4470
53-4099,"Rail Transportation Workers, All Other",detailed,4470
53-5000,Water Transportation Workers,minor,82290
53-5010,Sailors and Marine Oilers,broad,32530
53-5011,Sailors and Marine Oilers,detailed,32530
53-5020,Ship and Boat Captains and Operators,broad,40010
53-5021,"Captains, Mates, and Pilots of Water Vessels",detailed,36720
53-5022,Motorboat Operators,detailed,3290
53-5030,Ship Engineers,broad,9750
53-5031,Ship Engineers,detailed,9750
53-6000,Other Transportation Workers,minor,349540
53-6010,Bridge and Lock Tenders,broad,3510
53-6011,Bridge and Lock Tenders,detailed,3510
53-6020,Parking Lot Attendants,broad,146350
53-6021,Parking Lot Attendants,detailed,146350
53-6030,Automotive and Watercraft Service Attendants,broad,109790
53-6031,Automotive and Watercraft Service Attendants,detailed,109790
53-6040,Traffic Technicians,broad,6410
53-6041,Traffic Technicians,detailed,6410
53-6050,Transportation Inspectors,broad,27430
53-6051,Transportation Inspectors,detailed,27430
53-6060,"Transportation Attendants, Except Flight Attendants",broad,18410
53-6061,"Transportation Attendants, Except Flight Attendants",detailed,18410
53-6090,Miscellaneous Transportation Workers,broad,37660
53-6099,"Transportation Workers, All Other",detailed,37660
53-7000,Material Moving Workers,minor,4580950
53-7010,Conveyor Operators and Tenders,broad,28590
53-7011,Conveyor Operators and Tenders,detailed,28590
53-7020,Crane and Tower Operators,broad,45020
53-7021,Crane and Tower Operators,detailed,45020
53-7030,"Dredge, Excavating, and Loading Machine Operators",broad,52620
53-7031,Dredge Operators,detailed,1760
53-7032,Excavating and Loading Machine and Dragline Operators,detailed,48320
53-7033,"Loading Machine Operators, Underground Mining",detailed,2550
53-7040,Hoist and Winch Operators,broad,2960
53-7041,Hoist and Winch Operators,detailed,2960
53-7050,Industrial Truck and Tractor Operators,broad,542750
53-7051,Industrial Truck and Tractor Operators,detailed,542750
53-7060,"Laborers and Material Movers, Hand",broad,3730410
53-7061,Cleaners of Vehicles and Equipment,detailed,348770
53-7062,"Laborers and Freight, Stock, and Material Movers, Hand",detailed,2587900
53-7063,Machine Feeders and Offbearers,detailed,88070
53-7064,"Packers and Packagers, Hand",detailed,705660
53-7070,Pumping Station Operators,broad,27540
53-7071,Gas Compressor and Gas Pumping Station Operators,detailed,3890
53-7072,"Pump Operators, Except Wellhead Pumpers",detailed,12030
53-7073,Wellhead Pumpers,detailed,11610
53-7080,Refuse and Recyclable Material Collectors,broad,114680
53-7081,Refuse and Recyclable Material Collectors,detailed,114680
53-7110,Mine Shuttle Car Operators,broad,1590
53-7111,Mine Shuttle Car Operators,detailed,1590
53-7120,"Tank Car, Truck, and Ship Loaders",broad,10920
53-7121,"Tank Car, Truck, and Ship Loaders",detailed,10920
53-7190,Miscellaneous Material Moving Workers,broad,23880
53-7199,"Material Moving Workers, All Other",detailed,23880
