occ_code,occ_title,occ_group,emp_10
11-0000,Management Occupations,major,7782680
11-1011,Chief Executives,,519890
11-1021,General and Operations Managers,,2221590
11-1031,Legislators,,52750
11-2011,Advertising and Promotions Managers,,93420
11-2021,Marketing Managers,,202100
11-2022,Sales Managers,,344180
11-2031,Public Relations Managers,,68000
11-3011,Administrative Services Managers,,344440
11-3021,Computer and Information Systems Managers,,283480
11-3031,Financial Managers,,622890
11-3040,Human Resources Managers,,224970
11-3051,Industrial Production Managers,,205370
11-3061,Purchasing Managers,,126030
11-3071,"Transportation, Storage, and Distribution Managers",,116680
11-9011,"Farm, Ranch, and Other Agricultural Managers",,5370
11-9021,Construction Managers,,229200
11-9031,"Education Administrators, Preschool and Child Care Center/Program",,49460
11-9032,"Education Administrators, Elementary and Secondary School",,196390
11-9033,"Education Administrators, Postsecondary",,92280
11-9041,Engineering Managers,,242280
11-9051,Food Service Managers,,282290
11-9061,Funeral Directors,,26110
11-9071,Gaming Managers,,3720
11-9081,Lodging Managers,,31890
11-9111,Medical and Health Services Managers,,230410
11-9121,Natural Sciences Managers,,38870
11-9131,Postmasters and Mail Superintendents,,26850
11-9141,"Property, Real Estate, and Community Association Managers",,145340
11-9151,Social and Community Service Managers,,93460
13-0000,Business and Financial Operations Occupations,major,4619270
13-1011,"Agents and Business Managers of Artists, Performers, and Athletes",,6600
13-1021,"Purchasing Agents and Buyers, Farm Products",,17910
13-1022,"Wholesale and Retail Buyers, Except Farm Products",,137040
13-1023,"Purchasing Agents, Except Wholesale, Retail, and Farm Products",,228940
13-1031,"Claims Adjusters, Examiners, and Investigators",,189700
13-1032,"Insurance Appraisers, Auto Damage",,12320
13-1041,"Compliance Officers, Except Agriculture, Construction, Health and Safety, and Transportation",,126840
13-1051,Cost Estimators,,196420
13-1061,Emergency Management Specialists,,10730
13-1071,"Employment, Recruitment, and Placement Specialists",,188060
13-1072,"Compensation, Benefits, and Job Analysis Specialists",,84040
13-1073,Training and Development Specialists,,197610
13-1111,Management Analysts,,357610
13-1121,Meeting and Convention Planners,,32000
13-2011,Accountants and Auditors,,863320
13-2021,Appraisers and Assessors of Real Estate,,53560
13-2031,Budget Analysts,,63160
13-2041,Credit Analysts,,63420
13-2051,Financial Analysts,,159490
13-2052,Personal Financial Advisors,,77420
13-2053,Insurance Underwriters,,96070
13-2061,Financial Examiners,,23560
13-2071,Loan Counselors,,25500
13-2072,Loan Officers,,203530
13-2081,"Tax Examiners, Collectors, and Revenue Agents",,67720
13-2082,Tax Preparers,,65280
15-0000,Computer and Mathematical Occupations,major,2932810
15-1011,"Computer and Information Scientists, Research",,25800
15-1021,Computer Programmers,,530730
15-1031,"Computer Software Engineers, Applications",,374640
15-1032,"Computer Software Engineers, Systems Software",,264610
15-1041,Computer Support Specialists,,522570
15-1051,Computer Systems Analysts,,463300
15-1061,Database Administrators,,108000
15-1071,Network and Computer Systems Administrators,,234040
15-1081,Network Systems and Data Communications Analysts,,119220
15-2011,Actuaries,,12890
15-2021,Mathematicians,,3140
15-2031,Operations Research Analysts,,59820
15-2041,Statisticians,,17520
15-2091,Mathematical Technicians,,1540
17-0000,Architecture and Engineering Occupations,major,2575620
17-1011,"Architects, Except Landscape and Naval",,74390
17-1012,Landscape Architects,,17130
17-1021,Cartographers and Photogrammetrists,,7360
17-1022,Surveyors,,52750
17-2011,Aerospace Engineers,,71550
17-2021,Agricultural Engineers,,2170
17-2031,Biomedical Engineers,,6600
17-2041,Chemical Engineers,,31530
17-2051,Civil Engineers,,207080
17-2061,Computer Hardware Engineers,,63680
17-2071,Electrical Engineers,,162400
17-2072,"Electronics Engineers, Except Computer",,123690
17-2081,Environmental Engineers,,48270
17-2111,"Health and Safety Engineers, Except Mining Safety Engineers and Inspectors",,42800
17-2112,Industrial Engineers,,171810
17-2121,Marine Engineers and Naval Architects,,4680
17-2131,Materials Engineers,,24430
17-2141,Mechanical Engineers,,207300
17-2151,"Mining and Geological Engineers, Including Mining Safety Engineers",,6690
17-2161,Nuclear Engineers,,12610
17-2171,Petroleum Engineers,,10250
17-3011,Architectural and Civil Drafters,,92610
17-3012,Electrical and Electronics Drafters,,38470
17-3013,Mechanical Drafters,,69620
17-3021,Aerospace Engineering and Operations Technicians,,19850
17-3022,Civil Engineering Technicians,,89200
17-3023,Electrical and Electronic Engineering Technicians,,244570
17-3024,Electro-Mechanical Technicians,,40770
17-3025,Environmental Engineering Technicians,,17530
17-3026,Industrial Engineering Technicians,,65220
17-3027,Mechanical Engineering Technicians,,58490
17-3031,Surveying and Mapping Technicians,,51640
19-0000,"Life, Physical, and Social Science Occupations",major,1038670
19-1010,Agricultural and Food Scientists,,21050
19-1021,Biochemists and Biophysicists,,13440
19-1022,Microbiologists,,15880
19-1023,Zoologists and Wildlife Biologists,,11710
19-1031,Conservation Scientists,,12980
19-1032,Foresters,,9890
19-1041,Epidemiologists,,2480
19-1042,"Medical Scientists, Except Epidemiologists",,35570
19-2011,Astronomers,,910
19-2012,Physicists,,8990
19-2021,Atmospheric and Space Scientists,,7290
19-2031,Chemists,,82320
19-2032,Materials Scientists,,8660
19-2041,"Environmental Scientists and Specialists, Including Health",,54860
19-2042,"Geoscientists, Except Hydrologists and Geographers",,21810
19-2043,Hydrologists,,7240
19-3011,Economists,,13680
19-3021,Market Research Analysts,,99030
19-3022,Survey Researchers,,25210
19-3031,"Clinical, Counseling, and School Psychologists",,103120
19-3032,Industrial-Organizational Psychologists,,1280
19-3041,Sociologists,,1360
19-3051,Urban and Regional Planners,,28850
19-3091,Anthropologists and Archeologists,,4140
19-3092,Geographers,,660
19-3093,Historians,,1880
19-3094,Political Scientists,,4250
19-4011,Agricultural and Food Science Technicians,,15260
19-4021,Biological Technicians,,41660
19-4031,Chemical Technicians,,74240
19-4041,Geological and Petroleum Technicians,,11120
19-4051,Nuclear Technicians,,4110
19-4091,"Environmental Science and Protection Technicians, Including Health",,24630
19-4092,Forensic Science Technicians,,6150
19-4093,Forest and Conservation Technicians,,15510
21-0000,Community and Social Services Occupations,major,1469000
21-1011,Substance Abuse and Behavioral Disorder Counselors,,56080
21-1012,"Educational, Vocational, and School Counselors",,188000
21-1013,Marriage and Family Therapists,,19420
21-1014,Mental Health Counselors,,65780
21-1015,Rehabilitation Counselors,,104850
21-1021,"Child, Family, and School Social Workers",,266570
21-1022,Medical and Public Health Social Workers,,103390
21-1023,Mental Health and Substance Abuse Social Workers,,79740
21-1091,Health Educators,,43670
21-1092,Probation Officers and Correctional Treatment Specialists,,80500
21-1093,Social and Human Service Assistants,,260910
21-2011,Clergy,,30980
21-2021,"Directors, Religious Activities and Education",,13610
23-0000,Legal Occupations,major,890910
23-1011,Lawyers,,489530
23-1021,"Administrative Law Judges, Adjudicators, and Hearing Officers",,12560
23-1022,"Arbitrators, Mediators, and Conciliators",,4850
23-1023,"Judges, Magistrate Judges, and Magistrates",,25190
23-2011,Paralegals and Legal Assistants,,179330
23-2091,Court Reporters,,15810
23-2092,Law Clerks,,29190
23-2093,"Title Examiners, Abstractors, and Searchers",,40000
25-0000,"Education, Training, and Library Occupations",major,7450860
25-1011,"Business Teachers, Postsecondary",,61860
25-1021,"Computer Science Teachers, Postsecondary",,27770
25-1022,"Mathematical Science Teachers, Postsecondary",,37660
25-1031,"Architecture Teachers, Postsecondary",,4620
25-1032,"Engineering Teachers, Postsecondary",,26940
25-1041,"Agricultural Sciences Teachers, Postsecondary",,10720
25-1042,"Biological Science Teachers, Postsecondary",,36910
25-1043,"Forestry and Conservation Science Teachers, Postsecondary",,1980
25-1051,"Atmospheric, Earth, Marine, and Space Sciences Teachers, Postsecondary",,8000
25-1052,"Chemistry Teachers, Postsecondary",,16020
25-1053,"Environmental Science Teachers, Postsecondary",,3530
25-1054,"Physics Teachers, Postsecondary",,11880
25-1061,"Anthropology and Archeology Teachers, Postsecondary",,4400
25-1062,"Area, Ethnic, and Cultural Studies Teachers, Postsecondary",,4070
25-1063,"Economics Teachers, Postsecondary",,11530
25-1064,"Geography Teachers, Postsecondary",,3570
25-1065,"Political Science Teachers, Postsecondary",,10820
25-1066,"Psychology Teachers, Postsecondary",,24000
25-1067,"Sociology Teachers, Postsecondary",,13760
25-1071,"Health Specialties Teachers, Postsecondary",,78680
25-1072,"Nursing Instructors and Teachers, Postsecondary",,35870
25-1081,"Education Teachers, Postsecondary",,41180
25-1082,"Library Science Teachers, Postsecondary",,4160
25-1111,"Criminal Justice and Law Enforcement Teachers, Postsecondary",,8480
25-1112,"Law Teachers, Postsecondary",,9500
25-1113,"Social Work Teachers, Postsecondary",,6570
25-1121,"Art, Drama, and Music Teachers, Postsecondary",,55160
25-1122,"Communications Teachers, Postsecondary",,18450
25-1123,"English Language and Literature Teachers, Postsecondary",,50560
25-1124,"Foreign Language and Literature Teachers, Postsecondary",,18380
25-1125,"History Teachers, Postsecondary",,16630
25-1126,"Philosophy and Religion Teachers, Postsecondary",,14000
25-1191,Graduate Teaching Assistants,,129270
25-1192,"Home Economics Teachers, Postsecondary",,4380
25-1193,"Recreation and Fitness Studies Teachers, Postsecondary",,14050
25-1194,"Vocational Education Teachers, Postsecondary",,115080
25-2011,"Preschool Teachers, Except Special Education",,357220
25-2012,"Kindergarten Teachers, Except Special Education",,155530
25-2021,"Elementary School Teachers, Except Special Education",,1409140
25-2022,"Middle School Teachers, Except Special and Vocational Education",,561200
25-2023,"Vocational Education Teachers, Middle School",,19010
25-2031,"Secondary School Teachers, Except Special and Vocational Education",,933800
25-2032,"Vocational Education Teachers, Secondary School",,103200
25-2041,"Special Education Teachers, Preschool, Kindergarten, and Elementary School",,208970
25-2042,"Special Education Teachers, Middle School",,87790
25-2043,"Special Education Teachers, Secondary School",,116760
25-3011,"Adult Literacy, Remedial Education, and Ged Teachers and Instructors",,53250
25-3021,Self-Enrichment Education Teachers,,125960
25-4010,"Archivists, Curators, and Museum Technicians",,18100
25-4021,Librarians,,139460
25-4031,Library Technicians,,100690
25-9011,Audio-Visual Collections Specialists,,8740
25-9021,Farm and Home Management Advisors,,10290
25-9031,Instructional Coordinators,,77100
25-9041,Teacher Assistants,,1159110
27-0000,"Arts, Design, Entertainment, Sports, and Media Occupations",major,1513420
27-1011,Art Directors,,20560
27-1013,"Fine Artists, Including Painters, Sculptors, and Illustrators",,11930
27-1014,Multi-Media Artists and Animators,,31120
27-1021,Commercial and Industrial Designers,,33910
27-1022,Fashion Designers,,10460
27-1023,Floral Designers,,71280
27-1024,Graphic Designers,,133630
27-1025,Interior Designers,,30680
27-1026,Merchandise Displayers and Window Trimmers,,51240
27-1027,Set and Exhibit Designers,,8470
27-2011,Actors,,63500
27-2012,Producers and Directors,,46750
27-2021,Athletes and Sports Competitors,,9920
27-2022,Coaches and Scouts,,68220
27-2023,"Umpires, Referees, and Other Sports Officials",,7820
27-2031,Dancers,,20900
27-2032,Choreographers,,10860
27-2041,Music Directors and Composers,,6660
27-2042,Musicians and Singers,,52180
27-3010,Announcers,,49770
27-3020,"News Analysts, Reporters and Correspondents",,65930
27-3031,Public Relations Specialists,,128570
27-3041,Editors,,104210
27-3042,Technical Writers,,50700
27-3043,Writers and Authors,,41410
27-3091,Interpreters and Translators,,16780
27-4011,Audio and Video Equipment Technicians,,34110
27-4012,Broadcast Technicians,,33560
27-4013,Radio Operators,,3060
27-4014,Sound Engineering Technicians,,10380
27-4021,Photographers,,65360
27-4031,"Camera Operators, Television, Video, and Motion Picture",,20970
27-4032,Film and Video Editors,,10990
29-0000,Healthcare Practitioners and Technical Occupations,major,6041210
29-1011,Chiropractors,,16740
29-1020,Dentists,,90090
29-1031,Dietitians and Nutritionists,,43030
29-1041,Optometrists,,23880
29-1051,Pharmacists,,212660
29-1061,Anesthesiologists,,24350
29-1062,Family and General Practitioners,,132620
29-1063,"Internists, General",,50450
29-1064,Obstetricians and Gynecologists,,18240
29-1065,"Pediatricians, General",,25580
29-1066,Psychiatrists,,21280
29-1067,Surgeons,,48770
29-1071,Physician Assistants,,55490
29-1081,Podiatrists,,7870
29-1111,Registered Nurses,,2189670
29-1121,Audiologists,,11530
29-1122,Occupational Therapists,,75150
29-1123,Physical Therapists,,120410
29-1124,Radiation Therapists,,13100
29-1125,Recreational Therapists,,26940
29-1126,Respiratory Therapists,,82670
29-1127,Speech-Language Pathologists,,82850
29-1131,Veterinarians,,40270
29-2011,Medical and Clinical Laboratory Technologists,,144530
29-2012,Medical and Clinical Laboratory Technicians,,146060
29-2021,Dental Hygienists,,148460
29-2031,Cardiovascular Technologists and Technicians,,40080
29-2032,Diagnostic Medical Sonographers,,31760
29-2033,Nuclear Medicine Technologists,,18030
29-2034,Radiologic Technologists and Technicians,,172080
29-2041,Emergency Medical Technicians and Paramedics,,165530
29-2051,Dietetic Technicians,,28010
29-2052,Pharmacy Technicians,,190940
29-2053,Psychiatric Technicians,,53350
29-2054,Respiratory Therapy Technicians,,28230
29-2055,Surgical Technologists,,68590
29-2056,Veterinary Technologists and Technicians,,50370
29-2061,Licensed Practical and Licensed Vocational Nurses,,679470
29-2071,Medical Records and Health Information Technicians,,143870
29-2081,"Opticians, Dispensing",,66580
29-2091,Orthotists and Prosthetists,,4750
29-9010,Occupational Health and Safety Specialists and Technicians,,32390
29-9091,Athletic Trainers,,13820
31-0000,Healthcare Support Occupations,major,3039430
31-1011,Home Health Aides,,561120
31-1012,"Nursing Aides, Orderlies, and Attendants",,1273460
31-1013,Psychiatric Aides,,57680
31-2011,Occupational Therapist Assistants,,15910
31-2012,Occupational Therapist Aides,,8890
31-2021,Physical Therapist Assistants,,44120
31-2022,Physical Therapist Aides,,34620
31-9011,Massage Therapists,,24620
31-9091,Dental Assistants,,250870
31-9092,Medical Assistants,,330830
31-9093,Medical Equipment Preparers,,32760
31-9094,Medical Transcriptionists,,97330
31-9095,Pharmacy Aides,,59890
31-9096,Veterinary Assistants and Laboratory Animal Caretakers,,55210
33-0000,Protective Service Occupations,major,3009070
33-1011,First-Line Supervisors/Managers of Correctional Officers,,29380
33-1012,First-Line Supervisors/Managers of Police and Detectives,,113740
33-1021,First-Line Supervisors/Managers of Fire Fighting and Prevention Workers,,59500
33-2011,Fire Fighters,,251060
33-2021,Fire Inspectors and Investigators,,11900
33-2022,Forest Fire Inspectors and Prevention Specialists,,1040
33-3011,Bailiffs,,14000
33-3012,Correctional Officers and Jailers,,405360
33-3021,Detectives and Criminal Investigators,,87090
33-3031,Fish and Game Wardens,,7730
33-3041,Parking Enforcement Workers,,8040
33-3051,Police and Sheriff's Patrol Officers,,571210
33-3052,Transit and Railroad Police,,5760
33-9011,Animal Control Workers,,8060
33-9021,Private Detectives and Investigators,,28700
33-9031,Gaming Surveillance Officers and Gaming Investigators,,11550
33-9032,Security Guards,,1104400
33-9091,Crossing Guards,,72830
35-0000,Food Preparation and Serving Related Occupations,major,9955060
35-1011,Chefs and Head Cooks,,122860
35-1012,First-Line Supervisors/Managers of Food Preparation and Serving Workers,,624180
35-2011,"Cooks, Fast Food",,527500
35-2012,"Cooks, Institution and Cafeteria",,414100
35-2014,"Cooks, Restaurant",,642060
35-2015,"Cooks, Short Order",,192030
35-2021,Food Preparation Workers,,847810
35-3011,Bartenders,,379990
35-3021,"Combined Food Preparation and Serving Workers, Including Fast Food",,2159940
35-3022,"Counter Attendants, Cafeteria, Food Concession, and Coffee Shop",,445480
35-3031,Waiters and Waitresses,,2008760
35-3041,"Food Servers, Nonrestaurant",,199600
35-9011,Dining Room and Cafeteria Attendants and Bartender Helpers,,435500
35-9021,Dishwashers,,505500
35-9031,"Hosts and Hostesses, Restaurant, Lounge, and Coffee Shop",,312390
37-0000,Building and Grounds Cleaning and Maintenance Occupations,major,4318070
37-1011,First-Line Supervisors/Managers of Housekeeping and Janitorial Workers,,203840
37-1012,"First-Line Supervisors/Managers of Landscaping, Lawn Service, and Groundskeeping Workers",,95760
37-2011,"Janitors and Cleaners, Except Maids and Housekeeping Cleaners",,2083330
37-2012,Maids and Housekeeping Cleaners,,948230
37-2021,Pest Control Workers,,50840
37-3011,Landscaping and Groundskeeping Workers,,754340
37-3012,"Pesticide Handlers, Sprayers, and Applicators, Vegetation",,22200
37-3013,Tree Trimmers and Pruners,,44570
39-0000,Personal Care and Service Occupations,major,2700510
39-1011,Gaming Supervisors,,28480
39-1012,Slot Key Persons,,12950
39-1021,First-Line Supervisors/Managers of Personal Service Workers,,88940
39-2011,Animal Trainers,,6400
39-2021,Nonfarm Animal Caretakers,,86840
39-3011,Gaming Dealers,,84310
39-3012,Gaming and Sports Book Writers and Runners,,11680
39-3021,Motion Picture Projectionists,,8590
39-3031,"Ushers, Lobby Attendants, and Ticket Takers",,100060
39-3091,Amusement and Recreation Attendants,,197790
39-3092,Costume Attendants,,4290
39-3093,"Locker Room, Coatroom, and Dressing Room Attendants",,19880
39-4011,Embalmers,,7090
39-4021,Funeral Attendants,,27660
39-5011,Barbers,,13290
39-5012,"Hairdressers, Hairstylists, and Cosmetologists",,327140
39-5091,"Makeup Artists, Theatrical and Performance",,900
39-5092,Manicurists and Pedicurists,,28230
39-5093,Shampooers,,13140
39-5094,Skin Care Specialists,,13420
39-6011,Baggage Porters and Bellhops,,55450
39-6012,Concierges,,17960
39-6021,Tour Guides and Escorts,,30480
39-6022,Travel Guides,,5200
39-6031,Flight Attendants,,126380
39-6032,"Transportation Attendants, Except Flight Attendants and Baggage Porters",,23550
39-9011,Child Care Workers,,398090
39-9021,Personal and Home Care Aides,,371280
39-9031,Fitness Trainers and Aerobics Instructors,,157230
39-9032,Recreation Workers,,245720
39-9041,Residential Advisors,,42630
41-0000,Sales and Related Occupations,major,13506880
41-1011,First-Line Supervisors/Managers of Retail Sales Workers,,1269870
41-1012,First-Line Supervisors/Managers of Non-Retail Sales Workers,,322560
41-2011,Cashiers,,3338840
41-2012,Gaming Change Persons and Booth Cashiers,,38770
41-2021,Counter and Rental Clerks,,420510
41-2022,Parts Salespersons,,255300
41-2031,Retail Salespersons,,3964680
41-3011,Advertising Sales Agents,,151140
41-3021,Insurance Sales Agents,,240830
41-3031,"Securities, Commodities, and Financial Services Sales Agents",,269310
41-3041,Travel Agents,,124030
41-4011,"Sales Representatives, Wholesale and Manufacturing, Technical and Scientific Products",,373630
41-4012,"Sales Representatives, Wholesale and Manufacturing, Except Technical and Scientific Products",,1379860
41-9011,Demonstrators and Product Promoters,,102650
41-9012,Models,,3590
41-9021,Real Estate Brokers,,31120
41-9022,Real Estate Sales Agents,,108880
41-9031,Sales Engineers,,88240
41-9041,Telemarketers,,461890
41-9091,"Door-To-Door Sales Workers, News and Street Vendors, and Related Workers",,33830
43-0000,Office and Administrative Support Occupations,major,22936140
43-1011,First-Line Supervisors/Managers of Office and Administrative Support Workers,,1394640
43-2011,"Switchboard Operators, Including Answering Service",,243100
43-2021,Telephone Operators,,52150
43-3011,Bill and Account Collectors,,387870
43-3021,Billing and Posting Clerks and Machine Operators,,492040
43-3031,"Bookkeeping, Accounting, and Auditing Clerks",,1663530
43-3041,Gaming Cage Workers,,21070
43-3051,Payroll and Timekeeping Clerks,,191310
43-3061,Procurement Clerks,,75960
43-3071,Tellers,,492950
43-4011,Brokerage Clerks,,80150
43-4021,Correspondence Clerks,,38560
43-4031,"Court, Municipal, and License Clerks",,97630
43-4041,"Credit Authorizers, Checkers, and Clerks",,82980
43-4051,Customer Service Representatives,,1907890
43-4061,"Eligibility Interviewers, Government Programs",,106570
43-4071,File Clerks,,264720
43-4081,"Hotel, Motel, and Resort Desk Clerks",,175150
43-4111,"Interviewers, Except Eligibility and Loan",,156340
43-4121,"Library Assistants, Clerical",,95100
43-4131,Loan Interviewers and Clerks,,140040
43-4141,New Accounts Clerks,,88390
43-4151,Order Clerks,,351580
43-4161,"Human Resources Assistants, Except Payroll and Timekeeping",,172070
43-4171,Receptionists and Information Clerks,,1054300
43-4181,Reservation and Transportation Ticket Agents and Travel Clerks,,199700
43-5011,Cargo and Freight Agents,,64320
43-5021,Couriers and Messengers,,130210
43-5031,"Police, Fire, and Ambulance Dispatchers",,82050
43-5032,"Dispatchers, Except Police, Fire, and Ambulance",,167180
43-5041,"Meter Readers, Utilities",,48950
43-5051,Postal Service Clerks,,80730
43-5052,Postal Service Mail Carriers,,354980
43-5053,"Postal Service Mail Sorters, Processors, and Processing Machine Operators",,231770
43-5061,"Production, Planning, and Expediting Clerks",,330120
43-5071,"Shipping, Receiving, and Traffic Clerks",,864530
43-5081,Stock Clerks and Order Fillers,,1771780
43-5111,"Weighers, Measurers, Checkers, and Samplers, Recordkeeping",,79480
43-6011,Executive Secretaries and Administrative Assistants,,1369960
43-6012,Legal Secretaries,,270670
43-6013,Medical Secretaries,,283150
43-6014,"Secretaries, Except Legal, Medical, and Executive",,1698080
43-9011,Computer Operators,,186460
43-9021,Data Entry Keyers,,458720
43-9022,Word Processors and Typists,,257020
43-9031,Desktop Publishers,,35460
43-9041,Insurance Claims and Policy Processing Clerks,,266650
43-9051,"Mail Clerks and Mail Machine Operators, Except Postal Service",,182460
43-9061,"Office Clerks, General",,2674710
43-9071,"Office Machine Operators, Except Computer",,86380
43-9081,Proofreaders and Copy Markers,,27800
43-9111,Statistical Assistants,,22050
45-0000,"Farming, Fishing, and Forestry Occupations",major,460700
45-1011,"First-Line Supervisors/Managers of Farming, Fishing, and Forestry Workers",,21350
45-1012,Farm Labor Contractors,,8290
45-2011,Agricultural Inspectors,,12210
45-2021,Animal Breeders,,1680
45-2041,"Graders and Sorters, Agricultural Products",,56210
45-2091,Agricultural Equipment Operators,,23230
45-2092,"Farmworkers and Laborers, Crop, Nursery, and Greenhouse",,215150
45-2093,"Farmworkers, Farm and Ranch Animals",,36270
45-4011,Forest and Conservation Workers,,9990
45-4021,Fallers,,9910
45-4022,Logging Equipment Operators,,34180
45-4023,Log Graders and Scalers,,5470
47-0000,Construction and Extraction Occupations,major,6187360
47-1011,First-Line Supervisors/Managers of Construction Trades and Extraction Workers,,502010
47-2011,Boilermakers,,25280
47-2021,Brickmasons and Blockmasons,,108590
47-2022,Stonemasons,,10100
47-2031,Carpenters,,858890
47-2041,Carpet Installers,,38010
47-2042,"Floor Layers, Except Carpet, Wood, and Hard Tiles",,12300
47-2043,Floor Sanders and Finishers,,7610
47-2044,Tile and Marble Setters,,27870
47-2051,Cement Masons and Concrete Finishers,,169550
47-2053,Terrazzo Workers and Finishers,,4510
47-2061,Construction Laborers,,821210
47-2071,"Paving, Surfacing, and Tamping Equipment Operators",,56330
47-2072,Pile-Driver Operators,,4320
47-2073,Operating Engineers and Other Construction Equipment Operators,,333200
47-2081,Drywall and Ceiling Tile Installers,,118280
47-2082,Tapers,,35440
47-2111,Electricians,,640260
47-2121,Glaziers,,46160
47-2130,Insulation Workers,,54710
47-2141,"Painters, Construction and Maintenance",,261040
47-2142,Paperhangers,,10690
47-2151,Pipelayers,,59560
47-2152,"Plumbers, Pipefitters, and Steamfitters",,437140
47-2161,Plasterers and Stucco Masons,,45150
47-2171,Reinforcing Iron and Rebar Workers,,27010
47-2181,Roofers,,114410
47-2211,Sheet Metal Workers,,218020
47-2221,Structural Iron and Steel Workers,,81710
47-3011,"Helpers--Brickmasons, Blockmasons, Stonemasons, and Tile and Marble Setters",,58090
47-3012,Helpers--Carpenters,,99170
47-3013,Helpers--Electricians,,112820
47-3014,"Helpers--Painters, Paperhangers, Plasterers, and Stucco Masons",,26910
47-3015,"Helpers--Pipelayers, Plumbers, Pipefitters, and Steamfitters",,85320
47-3016,Helpers--Roofers,,24160
47-4011,Construction and Building Inspectors,,68690
47-4021,Elevator Installers and Repairers,,25100
47-4031,Fence Erectors,,18370
47-4041,Hazardous Materials Removal Workers,,34070
47-4051,Highway Maintenance Workers,,145790
47-4061,Rail-Track Laying and Maintenance Equipment Operators,,9940
47-4071,Septic Tank Servicers and Sewer Pipe Cleaners,,15040
47-4091,Segmental Pavers,,2680
47-5011,"Derrick Operators, Oil and Gas",,15540
47-5012,"Rotary Drill Operators, Oil and Gas",,15500
47-5013,"Service Unit Operators, Oil, Gas, and Mining",,11020
47-5021,"Earth Drillers, Except Oil and Gas",,19860
47-5031,"Explosives Workers, Ordnance Handling Experts, and Blasters",,4680
47-5041,Continuous Mining Machine Operators,,9480
47-5042,Mine Cutting and Channeling Machine Operators,,6710
47-5051,"Rock Splitters, Quarry",,2600
47-5061,"Roof Bolters, Mining",,3460
47-5071,"Roustabouts, Oil and Gas",,38590
47-5081,Helpers--Extraction Workers,,30760
49-0000,"Installation, Maintenance, and Repair Occupations",major,5318490
49-1011,"First-Line Supervisors/Managers of Mechanics, Installers, and Repairers",,421740
49-2011,"Computer, Automated Teller, and Office Machine Repairers",,142390
49-2021,Radio Mechanics,,7110
49-2022,"Telecommunications Equipment Installers and Repairers, Except Line Installers",,192470
49-2091,Avionics Technicians,,15360
49-2092,"Electric Motor, Power Tool, and Related Repairers",,36620
49-2093,"Electrical and Electronics Installers and Repairers, Transportation Equipment",,15930
49-2094,"Electrical and Electronics Repairers, Commercial and Industrial Equipment",,81760
49-2095,"Electrical and Electronics Repairers, Powerhouse, Substation, and Relay",,19300
49-2096,"Electronic Equipment Installers and Repairers, Motor Vehicles",,12480
49-2097,Electronic Home Entertainment Equipment Installers and Repairers,,29550
49-2098,Security and Fire Alarm Systems Installers,,38810
49-3011,Aircraft Mechanics and Service Technicians,,135730
49-3021,Automotive Body and Related Repairers,,168170
49-3022,Automotive Glass Installers and Repairers,,21240
49-3023,Automotive Service Technicians and Mechanics,,692570
49-3031,Bus and Truck Mechanics and Diesel Engine Specialists,,258800
49-3041,Farm Equipment Mechanics,,37010
49-3042,"Mobile Heavy Equipment Mechanics, Except Engines",,118300
49-3043,Rail Car Repairers,,10620
49-3051,Motorboat Mechanics,,19040
49-3052,Motorcycle Mechanics,,11720
49-3053,Outdoor Power Equipment and Other Small Engine Mechanics,,25760
49-3091,Bicycle Repairers,,7940
49-3092,Recreational Vehicle Service Technicians,,12200
49-3093,Tire Repairers and Changers,,88530
49-9011,Mechanical Door Repairers,,10460
49-9012,"Control and Valve Installers and Repairers, Except Mechanical Door",,34910
49-9021,"Heating, Air Conditioning, and Refrigeration Mechanics and Installers",,197930
49-9031,Home Appliance Repairers,,33910
49-9041,Industrial Machinery Mechanics,,192180
49-9042,"Maintenance and Repair Workers, General",,1216250
49-9043,"Maintenance Workers, Machinery",,107500
49-9044,Millwrights,,75940
49-9045,"Refractory Materials Repairers, Except Brickmasons",,3640
49-9051,Electrical Power-Line Installers and Repairers,,96200
49-9052,Telecommunications Line Installers and Repairers,,168480
49-9061,Camera and Photographic Equipment Repairers,,5080
49-9062,Medical Equipment Repairers,,22020
49-9063,Musical Instrument Repairers and Tuners,,5620
49-9064,Watch Repairers,,4000
49-9091,"Coin, Vending, and Amusement Machine Servicers and Repairers",,35480
49-9092,Commercial Divers,,2920
49-9093,"Fabric Menders, Except Garment",,2390
49-9094,Locksmiths and Safe Repairers,,13150
49-9095,Manufactured Building and Mobile Home Installers,,13410
49-9096,Riggers,,14640
49-9097,Signal and Track Switch Repairers,,5540
49-9098,"Helpers--Installation, Maintenance, and Repair Workers",,146870
51-0000,Production Occupations,major,12400080
51-1011,First-Line Supervisors/Managers of Production and Operating Workers,,769540
51-2011,"Aircraft Structure, Surfaces, Rigging, and Systems Assemblers",,32680
51-2021,"Coil Winders, Tapers, and Finishers",,53050
51-2022,Electrical and Electronic Equipment Assemblers,,367150
51-2023,Electromechanical Equipment Assemblers,,72550
51-2031,Engine and Other Machine Assemblers,,66090
51-2041,Structural Metal Fabricators and Fitters,,101490
51-2091,Fiberglass Laminators and Fabricators,,46700
51-2092,Team Assemblers,,1306430
51-2093,"Timing Device Assemblers, Adjusters, and Calibrators",,11020
51-3011,Bakers,,156100
51-3021,Butchers and Meat Cutters,,134250
51-3022,"Meat, Poultry, and Fish Cutters and Trimmers",,148100
51-3023,Slaughterers and Meat Packers,,118900
51-3091,"Food and Tobacco Roasting, Baking, and Drying Machine Operators and Tenders",,19140
51-3092,Food Batchmakers,,67320
51-3093,Food Cooking Machine Operators and Tenders,,36020
51-4011,"Computer-Controlled Machine Tool Operators, Metal and Plastic",,162360
51-4012,Numerical Tool and Process Control Programmers,,22460
51-4021,"Extruding and Drawing Machine Setters, Operators, and Tenders, Metal and Plastic",,114210
51-4022,"Forging Machine Setters, Operators, and Tenders, Metal and Plastic",,53950
51-4023,"Rolling Machine Setters, Operators, and Tenders, Metal and Plastic",,49710
51-4031,"Cutting, Punching, and Press Machine Setters, Operators, and Tenders, Metal and Plastic",,351050
51-4032,"Drilling and Boring Machine Tool Setters, Operators, and Tenders, Metal and Plastic",,71490
51-4033,"Grinding, Lapping, Polishing, and Buffing Machine Tool Setters, Operators, and Tenders, Metal and Plastic",,124080
51-4034,"Lathe and Turning Machine Tool Setters, Operators, and Tenders, Metal and Plastic",,84020
51-4035,"Milling and Planing Machine Setters, Operators, and Tenders, Metal and Plastic",,35610
51-4041,Machinists,,420320
51-4051,Metal-Refining Furnace Operators and Tenders,,19770
51-4052,"Pourers and Casters, Metal",,15660
51-4061,"Model Makers, Metal and Plastic",,10540
51-4062,"Patternmakers, Metal and Plastic",,8290
51-4071,Foundry Mold and Coremakers,,34130
51-4072,"Molding, Coremaking, and Casting Machine Setters, Operators, and Tenders, Metal and Plastic",,158280
51-4081,"Multiple Machine Tool Setters, Operators, and Tenders, Metal and Plastic",,109950
51-4111,Tool and Die Makers,,131080
51-4121,"Welders, Cutters, Solderers, and Brazers",,413720
51-4122,"Welding, Soldering, and Brazing Machine Setters, Operators, and Tenders",,69670
51-4191,"Heat Treating Equipment Setters, Operators, and Tenders, Metal and Plastic",,35840
51-4192,"Lay-Out Workers, Metal and Plastic",,16770
51-4193,"Plating and Coating Machine Setters, Operators, and Tenders, Metal and Plastic",,54760
51-4194,"Tool Grinders, Filers, and Sharpeners",,28360
51-5011,Bindery Workers,,102020
51-5012,Bookbinders,,9080
51-5021,Job Printers,,50070
51-5022,Prepress Technicians and Workers,,104920
51-5023,Printing Machine Operators,,214880
51-6011,Laundry and Dry-Cleaning Workers,,216630
51-6021,"Pressers, Textile, Garment, and Related Materials",,100190
51-6031,Sewing Machine Operators,,362010
51-6041,Shoe and Leather Workers and Repairers,,12210
51-6042,Shoe Machine Operators and Tenders,,8070
51-6051,"Sewers, Hand",,24240
51-6052,"Tailors, Dressmakers, and Custom Sewers",,32840
51-6061,Textile Bleaching and Dyeing Machine Operators and Tenders,,38350
51-6062,"Textile Cutting Machine Setters, Operators, and Tenders",,39730
51-6063,"Textile Knitting and Weaving Machine Setters, Operators, and Tenders",,69110
51-6064,"Textile Winding, Twisting, and Drawing Out Machine Setters, Operators, and Tenders",,82320
51-6091,"Extruding and Forming Machine Setters, Operators, and Tenders, Synthetic and Glass Fibers",,36350
51-6092,Fabric and Apparel Patternmakers,,14890
51-6093,Upholsterers,,42410
51-7011,Cabinetmakers and Bench Carpenters,,132630
51-7021,Furniture Finishers,,36870
51-7031,"Model Makers, Wood",,4900
51-7032,"Patternmakers, Wood",,5420
51-7041,"Sawing Machine Setters, Operators, and Tenders, Wood",,54330
51-7042,"Woodworking Machine Setters, Operators, and Tenders, Except Sawing",,99410
51-8011,Nuclear Power Reactor Operators,,2550
51-8012,Power Distributors and Dispatchers,,15050
51-8013,Power Plant Operators,,34720
51-8021,Stationary Engineers and Boiler Operators,,56330
51-8031,Water and Liquid Waste Treatment Plant and System Operators,,87760
51-8091,Chemical Plant and System Operators,,62450
51-8092,Gas Plant Operators,,12890
51-8093,"Petroleum Pump System Operators, Refinery Operators, and Gaugers",,31230
51-9011,Chemical Equipment Operators and Tenders,,60380
51-9012,"Separating, Filtering, Clarifying, Precipitating, and Still Machine Setters, Operators, and Tenders",,36110
51-9021,"Crushing, Grinding, and Polishing Machine Setters, Operators, and Tenders",,45010
51-9022,"Grinding and Polishing Workers, Hand",,48610
51-9023,"Mixing and Blending Machine Setters, Operators, and Tenders",,111480
51-9031,"Cutters and Trimmers, Hand",,34340
51-9032,"Cutting and Slicing Machine Setters, Operators, and Tenders",,82450
51-9041,"Extruding, Forming, Pressing, and Compacting Machine Setters, Operators, and Tenders",,76370
51-9051,"Furnace, Kiln, Oven, Drier, and Kettle Operators and Tenders",,31800
51-9061,"Inspectors, Testers, Sorters, Samplers, and Weighers",,571220
51-9071,Jewelers and Precious Stone and Metal Workers,,31030
51-9081,Dental Laboratory Technicians,,40580
51-9082,Medical Appliance Technicians,,11480
51-9083,Ophthalmic Laboratory Technicians,,36980
51-9111,Packaging and Filling Machine Operators and Tenders,,370080
51-9121,"Coating, Painting, and Spraying Machine Setters, Operators, and Tenders",,103650
51-9122,"Painters, Transportation Equipment",,43270
51-9123,"Painting, Coating, and Decorating Workers",,33940
51-9131,Photographic Process Workers,,26650
51-9132,Photographic Processing Machine Operators,,51950
51-9141,Semiconductor Processors,,67000
51-9191,Cementing and Gluing Machine Operators and Tenders,,34220
51-9192,"Cleaning, Washing, and Metal Pickling Equipment Operators and Tenders",,18440
51-9193,Cooling and Freezing Equipment Operators and Tenders,,7410
51-9194,Etchers and Engravers,,11060
51-9195,"Molders, Shapers, and Casters, Except Metal and Plastic",,40260
51-9196,"Paper Goods Machine Setters, Operators, and Tenders",,121300
51-9197,Tire Builders,,15790
51-9198,Helpers--Production Workers,,533720
53-0000,Transportation and Material Moving Occupations,major,9592740
53-1011,Aircraft Cargo Handling Supervisors,,9960
53-1021,"First-Line Supervisors/Managers of Helpers, Laborers, and Material Movers, Hand",,146790
53-1031,First-Line Supervisors/Managers of Transportation and Material-Moving Machine and Vehicle Operators,,186710
53-2011,"Airline Pilots, Copilots, and Flight Engineers",,94820
53-2012,Commercial Pilots,,18040
53-2021,Air Traffic Controllers,,23350
53-2022,Airfield Operations Specialists,,4580
53-3011,"Ambulance Drivers and Attendants, Except Emergency Medical Technicians",,15700
53-3021,"Bus Drivers, Transit and Intercity",,175470
53-3022,"Bus Drivers, School",,457050
53-3031,Driver/Sales Workers,,373660
53-3032,"Truck Drivers, Heavy and Tractor-Trailer",,1577070
53-3033,"Truck Drivers, Light Or Delivery Services",,1033220
53-3041,Taxi Drivers and Chauffeurs,,130200
53-4011,Locomotive Engineers,,29390
53-4012,Locomotive Firers,,1040
53-4013,"Rail Yard Engineers, Dinkey Operators, and Hostlers",,4020
53-4021,"Railroad Brake, Signal, and Switch Operators",,16830
53-4031,Railroad Conductors and Yardmasters,,40380
53-4041,Subway and Streetcar Operators,,3190
53-5011,Sailors and Marine Oilers,,30090
53-5021,"Captains, Mates, and Pilots of Water Vessels",,21080
53-5022,Motorboat Operators,,3540
53-5031,Ship Engineers,,7370
53-6011,Bridge and Lock Tenders,,4790
53-6021,Parking Lot Attendants,,116930
53-6031,Service Station Attendants,,106010
53-6041,Traffic Technicians,,4590
53-6051,Transportation Inspectors,,26520
53-7011,Conveyor Operators and Tenders,,62250
53-7021,Crane and Tower Operators,,55770
53-7031,Dredge Operators,,3100
53-7032,Excavating and Loading Machine and Dragline Operators,,70080
53-7033,"Loading Machine Operators, Underground Mining",,2680
53-7041,Hoist and Winch Operators,,9280
53-7051,Industrial Truck and Tractor Operators,,615390
53-7061,Cleaners of Vehicles and Equipment,,301330
53-7062,"Laborers and Freight, Stock, and Material Movers, Hand",,2120640
53-7063,Machine Feeders and Offbearers,,213950
53-7064,"Packers and Packagers, Hand",,1020640
53-7071,Gas Compressor and Gas Pumping Station Operators,,6510
53-7072,"Pump Operators, Except Wellhead Pumpers",,13730
53-7073,Wellhead Pumpers,,9790
53-7081,Refuse and Recyclable Material Collectors,,118910
53-7111,Shuttle Car Operators,,3060
53-7121,"Tank Car, Truck, and Ship Loaders",,17480
