occ_code,occ_title,emp_14,occ_group
00-0000,All Occupations,135128260,total
11-0000,Management Occupations,6741640,major
11-1000,Top Executives,2351130,minor
11-1010,Chief Executives,246240,broad
11-1011,Chief Executives,246240,detailed
11-1020,General and Operations Managers,2049870,broad
11-1021,General and Operations Managers,2049870,detailed
11-1030,Legislators,55020,broad
11-1031,Legislators,55020,detailed
11-2000,"Advertising, Marketing, Promotions, Public Relations, and Sales Managers",629670,minor
11-2010,Advertising and Promotions Managers,29340,broad
11-2011,Advertising and Promotions Managers,29340,detailed
11-2020,Marketing and Sales Managers,543410,broad
11-2021,Marketing Managers,184490,detailed
11-2022,Sales Managers,358920,detailed
11-2030,Public Relations and Fundraising Managers,56920,broad
11-2031,Public Relations and Fundraising Managers,56920,detailed
11-3000,Operations Specialties Managers,1624000,minor
11-3010,Administrative Services Managers,268730,broad
11-3011,Administrative Services Managers,268730,detailed
11-3020,Computer and Information Systems Managers,330360,broad
11-3021,Computer and Information Systems Managers,330360,detailed
11-3030,Financial Managers,518030,broad
11-3031,Financial Managers,518030,detailed
11-3050,Industrial Production Managers,167200,broad
11-3051,Industrial Production Managers,167200,detailed
11-3060,Purchasing Managers,70840,broad
11-3061,Purchasing Managers,70840,detailed
11-3070,"Transportation, Storage, and Distribution Managers",106000,broad
11-3071,"Transportation, Storage, and Distribution Managers",106000,detailed
11-3110,Compensation and Benefits Managers,16380,broad
11-3111,Compensation and Benefits Managers,16380,detailed
11-3120,Human Resources Managers,116610,broad
11-3121,Human Resources Managers,116610,detailed
11-3130,Training and Development Managers,29870,broad
11-3131,Training and Development Managers,29870,detailed
11-9000,Other Management Occupations,2136840,minor
11-9010,"Farmers, Ranchers, and Other Agricultural Managers",4300,broad
11-9013,"Farmers, Ranchers, and Other Agricultural Managers",4300,detailed
11-9020,Construction Managers,227710,broad
11-9021,Construction Managers,227710,detailed
11-9030,Education Administrators,441950,broad
11-9031,"Education Administrators, Preschool and Childcare Center/Program",47150,detailed
11-9032,"Education Administrators, Elementary and Secondary School",231800,detailed
11-9033,"Education Administrators, Postsecondary",131070,detailed
11-9039,"Education Administrators, All Other",31920,detailed
11-9040,Architectural and Engineering Managers,179320,broad
11-9041,Architectural and Engineering Managers,179320,detailed
11-9050,Food Service Managers,198610,broad
11-9051,Food Service Managers,198610,detailed
11-9060,Funeral Service Managers,8330,broad
11-9061,Funeral Service Managers,8330,detailed
11-9070,Gaming Managers,3870,broad
11-9071,Gaming Managers,3870,detailed
11-9080,Lodging Managers,31740,broad
11-9081,Lodging Managers,31740,detailed
11-9110,Medical and Health Services Managers,310320,broad
11-9111,Medical and Health Services Managers,310320,detailed
11-9120,Natural Sciences Managers,53290,broad
11-9121,Natural Sciences Managers,53290,detailed
11-9130,Postmasters and Mail Superintendents,17930,broad
11-9131,Postmasters and Mail Superintendents,17930,detailed
11-9140,"Property, Real Estate, and Community Association Managers",171140,broad
11-9141,"Property, Real Estate, and Community Association Managers",171140,detailed
11-9150,Social and Community Service Managers,116670,broad
11-9151,Social and Community Service Managers,116670,detailed
11-9160,Emergency Management Directors,9770,broad
11-9161,Emergency Management Directors,9770,detailed
11-9190,Miscellaneous Managers,361900,broad
11-9199,"Managers, All Other",361900,detailed
13-0000,Business and Financial Operations Occupations,6828940,major
13-1000,Business Operations Specialists,4264370,minor
13-1010,"Agents and Business Managers of Artists, Performers, and Athletes",11860,broad
13-1011,"Agents and Business Managers of Artists, Performers, and Athletes",11860,detailed
13-1020,Buyers and Purchasing Agents,410230,broad
13-1021,"Buyers and Purchasing Agents, Farm Products",11250,detailed
13-1022,"Wholesale and Retail Buyers, Except Farm Products",110560,detailed
13-1023,"Purchasing Agents, Except Wholesale, Retail, and Farm Products",288430,detailed
13-1030,"Claims Adjusters, Appraisers, Examiners, and Investigators",279980,broad
13-1031,"Claims Adjusters, Examiners, and Investigators",266280,detailed
13-1032,"Insurance Appraisers, Auto Damage",13690,detailed
13-1040,Compliance Officers,246970,broad
13-1041,Compliance Officers,246970,detailed
13-1050,Cost Estimators,209130,broad
13-1051,Cost Estimators,209130,detailed
13-1070,Human Resources Workers,536900,broad
13-1071,Human Resources Specialists,456170,detailed
13-1074,Farm Labor Contractors,950,detailed
13-1075,Labor Relations Specialists,79780,detailed
13-1080,Logisticians,125670,broad
13-1081,Logisticians,125670,detailed
13-1110,Management Analysts,587450,broad
13-1111,Management Analysts,587450,detailed
13-1120,"Meeting, Convention, and Event Planners",77940,broad
13-1121,"Meeting, Convention, and Event Planners",77940,detailed
13-1130,Fundraisers,55230,broad
13-1131,Fundraisers,55230,detailed
13-1140,"Compensation, Benefits, and Job Analysis Specialists",80970,broad
13-1141,"Compensation, Benefits, and Job Analysis Specialists",80970,detailed
13-1150,Training and Development Specialists,239500,broad
13-1151,Training and Development Specialists,239500,detailed
13-1160,Market Research Analysts and Marketing Specialists,468160,broad
13-1161,Market Research Analysts and Marketing Specialists,468160,detailed
13-1190,Miscellaneous Business Operations Specialists,934370,broad
13-1199,"Business Operations Specialists, All Other",934370,detailed
13-2000,Financial Specialists,2564560,minor
13-2010,Accountants and Auditors,1187310,broad
13-2011,Accountants and Auditors,1187310,detailed
13-2020,Appraisers and Assessors of Real Estate,63220,broad
13-2021,Appraisers and Assessors of Real Estate,63220,detailed
13-2030,Budget Analysts,57120,broad
13-2031,Budget Analysts,57120,detailed
13-2040,Credit Analysts,69390,broad
13-2041,Credit Analysts,69390,detailed
13-2050,Financial Analysts and Advisors,550820,broad
13-2051,Financial Analysts,262610,detailed
13-2052,Personal Financial Advisors,196490,detailed
13-2053,Insurance Underwriters,91720,detailed
13-2060,Financial Examiners,36830,broad
13-2061,Financial Examiners,36830,detailed
13-2070,Credit Counselors and Loan Officers,330180,broad
13-2071,Credit Counselors,29600,detailed
13-2072,Loan Officers,300580,detailed
13-2080,"Tax Examiners, Collectors and Preparers, and Revenue Agents",132230,broad
13-2081,"Tax Examiners and Collectors, and Revenue Agents",63640,detailed
13-2082,Tax Preparers,68590,detailed
13-2090,Miscellaneous Financial Specialists,137460,broad
13-2099,"Financial Specialists, All Other",137460,detailed
15-0000,Computer and Mathematical Occupations,3834180,major
15-1100,Computer Occupations,3692980,minor
15-1110,Computer and Information Research Scientists,24210,broad
15-1111,Computer and Information Research Scientists,24210,detailed
15-1120,Computer and Information Analysts,608500,broad
15-1121,Computer Systems Analysts,528320,detailed
15-1122,Information Security Analysts,80180,detailed
15-1130,Software Developers and Programmers,1492040,broad
15-1131,Computer Programmers,302150,detailed
15-1132,"Software Developers, Applications",686470,detailed
15-1133,"Software Developers, Systems Software",382400,detailed
15-1134,Web Developers,121020,detailed
15-1140,Database and Systems Administrators and Network Architects,617680,broad
15-1141,Database Administrators,112170,detailed
15-1142,Network and Computer Systems Administrators,365430,detailed
15-1143,Computer Network Architects,140080,detailed
15-1150,Computer Support Specialists,738030,broad
15-1151,Computer User Support Specialists,563540,detailed
15-1152,Computer Network Support Specialists,174490,detailed
15-1190,Miscellaneous Computer Occupations,212510,broad
15-1199,"Computer Occupations, All Other",212510,detailed
15-2000,Mathematical Science Occupations,141200,minor
15-2010,Actuaries,21490,broad
15-2011,Actuaries,21490,detailed
15-2020,Mathematicians,3130,broad
15-2021,Mathematicians,3130,detailed
15-2030,Operations Research Analysts,86950,broad
15-2031,Operations Research Analysts,86950,detailed
15-2040,Statisticians,26970,broad
15-2041,Statisticians,26970,detailed
15-2090,Miscellaneous Mathematical Science Occupations,2660,broad
15-2091,Mathematical Technicians,1060,detailed
15-2099,"Mathematical Science Occupations, All Other",1600,detailed
17-0000,Architecture and Engineering Occupations,2418020,major
17-1000,"Architects, Surveyors, and Cartographers",160590,minor
17-1010,"Architects, Except Naval",107000,broad
17-1011,"Architects, Except Landscape and Naval",88900,detailed
17-1012,Landscape Architects,18110,detailed
17-1020,"Surveyors, Cartographers, and Photogrammetrists",53580,broad
17-1021,Cartographers and Photogrammetrists,11610,detailed
17-1022,Surveyors,41970,detailed
17-2000,Engineers,1574480,minor
17-2010,Aerospace Engineers,69080,broad
17-2011,Aerospace Engineers,69080,detailed
17-2020,Agricultural Engineers,2450,broad
17-2021,Agricultural Engineers,2450,detailed
17-2030,Biomedical Engineers,20080,broad
17-2031,Biomedical Engineers,20080,detailed
17-2040,Chemical Engineers,33470,broad
17-2041,Chemical Engineers,33470,detailed
17-2050,Civil Engineers,263460,broad
17-2051,Civil Engineers,263460,detailed
17-2060,Computer Hardware Engineers,76360,broad
17-2061,Computer Hardware Engineers,76360,detailed
17-2070,Electrical and Electronics Engineers,308530,broad
17-2071,Electrical Engineers,174550,detailed
17-2072,"Electronics Engineers, Except Computer",133990,detailed
17-2080,Environmental Engineers,53240,broad
17-2081,Environmental Engineers,53240,detailed
17-2110,"Industrial Engineers, Including Health and Safety",261510,broad
17-2111,"Health and Safety Engineers, Except Mining Safety Engineers and Inspectors",24530,detailed
17-2112,Industrial Engineers,236990,detailed
17-2120,Marine Engineers and Naval Architects,7570,broad
17-2121,Marine Engineers and Naval Architects,7570,detailed
17-2130,Materials Engineers,24990,broad
17-2131,Materials Engineers,24990,detailed
17-2140,Mechanical Engineers,270700,broad
17-2141,Mechanical Engineers,270700,detailed
17-2150,"Mining and Geological Engineers, Including Mining Safety Engineers",8200,broad
17-2151,"Mining and Geological Engineers, Including Mining Safety Engineers",8200,detailed
17-2160,Nuclear Engineers,16520,broad
17-2161,Nuclear Engineers,16520,detailed
17-2170,Petroleum Engineers,33740,broad
17-2171,Petroleum Engineers,33740,detailed
17-2190,Miscellaneous Engineers,124570,broad
17-2199,"Engineers, All Other",124570,detailed
17-3000,"Drafters, Engineering Technicians, and Mapping Technicians",682950,minor
17-3010,Drafters,199260,broad
17-3011,Architectural and Civil Drafters,91520,detailed
17-3012,Electrical and Electronics Drafters,29390,detailed
17-3013,Mechanical Drafters,64070,detailed
17-3019,"Drafters, All Other",14270,detailed
17-3020,"Engineering Technicians, Except Drafters",432950,broad
17-3021,Aerospace Engineering and Operations Technicians,11230,detailed
17-3022,Civil Engineering Technicians,71300,detailed
17-3023,Electrical and Electronics Engineering Technicians,137040,detailed
17-3024,Electro-Mechanical Technicians,14430,detailed
17-3025,Environmental Engineering Technicians,18080,detailed
17-3026,Industrial Engineering Technicians,65680,detailed
17-3027,Mechanical Engineering Technicians,47560,detailed
17-3029,"Engineering Technicians, Except Drafters, All Other",67640,detailed
17-3030,Surveying and Mapping Technicians,50750,broad
17-3031,Surveying and Mapping Technicians,50750,detailed
19-0000,"Life, Physical, and Social Science Occupations",1144440,major
19-1000,Life Scientists,278790,minor
19-1010,Agricultural and Food Scientists,31670,broad
19-1011,Animal Scientists,2350,detailed
19-1012,Food Scientists and Technologists,14170,detailed
19-1013,Soil and Plant Scientists,15150,detailed
19-1020,Biological Scientists,103210,broad
19-1021,Biochemists and Biophysicists,31350,detailed
19-1022,Microbiologists,20670,detailed
19-1023,Zoologists and Wildlife Biologists,18970,detailed
19-1029,"Biological Scientists, All Other",32230,detailed
19-1030,Conservation Scientists and Foresters,28350,broad
19-1031,Conservation Scientists,19210,detailed
19-1032,Foresters,9140,detailed
19-1040,Medical Scientists,106160,broad
19-1041,Epidemiologists,5420,detailed
19-1042,"Medical Scientists, Except Epidemiologists",100740,detailed
19-1090,Miscellaneous Life Scientists,9400,broad
19-1099,"Life Scientists, All Other",9400,detailed
19-2000,Physical Scientists,274510,minor
19-2010,Astronomers and Physicists,18450,broad
19-2011,Astronomers,1660,detailed
19-2012,Physicists,16790,detailed
19-2020,Atmospheric and Space Scientists,10850,broad
19-2021,Atmospheric and Space Scientists,10850,detailed
19-2030,Chemists and Materials Scientists,92870,broad
19-2031,Chemists,85970,detailed
19-2032,Materials Scientists,6900,detailed
19-2040,Environmental Scientists and Geoscientists,129310,broad
19-2041,"Environmental Scientists and Specialists, Including Health",88740,detailed
19-2042,"Geoscientists, Except Hydrologists and Geographers",34000,detailed
19-2043,Hydrologists,6580,detailed
19-2090,Miscellaneous Physical Scientists,23030,broad
19-2099,"Physical Scientists, All Other",23030,detailed
19-3000,Social Scientists and Related Workers,239140,minor
19-3010,Economists,18680,broad
19-3011,Economists,18680,detailed
19-3020,Survey Researchers,15410,broad
19-3022,Survey Researchers,15410,detailed
19-3030,Psychologists,117820,broad
19-3031,"Clinical, Counseling, and School Psychologists",104730,detailed
19-3032,Industrial-Organizational Psychologists,1110,detailed
19-3039,"Psychologists, All Other",11980,detailed
19-3040,Sociologists,2240,broad
19-3041,Sociologists,2240,detailed
19-3050,Urban and Regional Planners,35820,broad
19-3051,Urban and Regional Planners,35820,detailed
19-3090,Miscellaneous Social Scientists and Related Workers,49170,broad
19-3091,Anthropologists and Archeologists,7040,detailed
19-3092,Geographers,1260,detailed
19-3093,Historians,3220,detailed
19-3094,Political Scientists,5640,detailed
19-3099,"Social Scientists and Related Workers, All Other",32010,detailed
19-4000,"Life, Physical, and Social Science Technicians",351990,minor
19-4010,Agricultural and Food Science Technicians,20640,broad
19-4011,Agricultural and Food Science Technicians,20640,detailed
19-4020,Biological Technicians,72640,broad
19-4021,Biological Technicians,72640,detailed
19-4030,Chemical Technicians,63760,broad
19-4031,Chemical Technicians,63760,detailed
19-4040,Geological and Petroleum Technicians,16020,broad
19-4041,Geological and Petroleum Technicians,16020,detailed
19-4050,Nuclear Technicians,6380,broad
19-4051,Nuclear Technicians,6380,detailed
19-4060,Social Science Research Assistants,27780,broad
19-4061,Social Science Research Assistants,27780,detailed
19-4090,"Miscellaneous Life, Physical, and Social Science Technicians",144780,broad
19-4091,"Environmental Science and Protection Technicians, Including Health",33760,detailed
19-4092,Forensic Science Technicians,13570,detailed
19-4093,Forest and Conservation Technicians,30310,detailed
19-4099,"Life, Physical, and Social Science Technicians, All Other",67140,detailed
21-0000,Community and Social Service Occupations,1930750,major
21-1000,"Counselors, Social Workers, and Other Community and Social Service Specialists",1857280,minor
21-1010,Counselors,613750,broad
21-1011,Substance Abuse and Behavioral Disorder Counselors,85180,detailed
21-1012,"Educational, Guidance, School, and Vocational Counselors",246280,detailed
21-1013,Marriage and Family Therapists,30150,detailed
21-1014,Mental Health Counselors,120010,detailed
21-1015,Rehabilitation Counselors,103890,detailed
21-1019,"Counselors, All Other",28240,detailed
21-1020,Social Workers,603300,broad
21-1021,"Child, Family, and School Social Workers",286520,detailed
21-1022,Healthcare Social Workers,145920,detailed
21-1023,Mental Health and Substance Abuse Social Workers,109460,detailed
21-1029,"Social Workers, All Other",61410,detailed
21-1090,Miscellaneous Community and Social Service Specialists,640230,broad
21-1091,Health Educators,57020,detailed
21-1092,Probation Officers and Correctional Treatment Specialists,86810,detailed
21-1093,Social and Human Service Assistants,354800,detailed
21-1094,Community Health Workers,47880,detailed
21-1099,"Community and Social Service Specialists, All Other",93710,detailed
21-2000,Religious Workers,73470,minor
21-2010,Clergy,46510,broad
21-2011,Clergy,46510,detailed
21-2020,"Directors, Religious Activities and Education",18850,broad
21-2021,"Directors, Religious Activities and Education",18850,detailed
21-2090,Miscellaneous Religious Workers,8110,broad
21-2099,"Religious Workers, All Other",8110,detailed
23-0000,Legal Occupations,1052900,major
23-1000,"Lawyers, Judges, and Related Workers",663910,minor
23-1010,Lawyers and Judicial Law Clerks,614970,broad
23-1011,Lawyers,603310,detailed
23-1012,Judicial Law Clerks,11660,detailed
23-1020,"Judges, Magistrates, and Other Judicial Workers",48940,broad
23-1021,"Administrative Law Judges, Adjudicators, and Hearing Officers",14140,detailed
23-1022,"Arbitrators, Mediators, and Conciliators",6710,detailed
23-1023,"Judges, Magistrate Judges, and Magistrates",28090,detailed
23-2000,Legal Support Workers,388990,minor
23-2010,Paralegals and Legal Assistants,272580,broad
23-2011,Paralegals and Legal Assistants,272580,detailed
23-2090,Miscellaneous Legal Support Workers,116410,broad
23-2091,Court Reporters,18330,detailed
23-2093,"Title Examiners, Abstractors, and Searchers",52960,detailed
23-2099,"Legal Support Workers, All Other",45120,detailed
25-0000,"Education, Training, and Library Occupations",8435780,major
25-1000,Postsecondary Teachers,1522210,minor
25-1010,"Business Teachers, Postsecondary",85030,broad
25-1011,"Business Teachers, Postsecondary",85030,detailed
25-1020,"Math and Computer Teachers, Postsecondary",89420,broad
25-1021,"Computer Science Teachers, Postsecondary",35410,detailed
25-1022,"Mathematical Science Teachers, Postsecondary",54010,detailed
25-1030,"Engineering and Architecture Teachers, Postsecondary",43840,broad
25-1031,"Architecture Teachers, Postsecondary",7190,detailed
25-1032,"Engineering Teachers, Postsecondary",36650,detailed
25-1040,"Life Sciences Teachers, Postsecondary",64490,broad
25-1041,"Agricultural Sciences Teachers, Postsecondary",9890,detailed
25-1042,"Biological Science Teachers, Postsecondary",52750,detailed
25-1043,"Forestry and Conservation Science Teachers, Postsecondary",1850,detailed
25-1050,"Physical Sciences Teachers, Postsecondary",51820,broad
25-1051,"Atmospheric, Earth, Marine, and Space Sciences Teachers, Postsecondary",10890,detailed
25-1052,"Chemistry Teachers, Postsecondary",21470,detailed
25-1053,"Environmental Science Teachers, Postsecondary",5300,detailed
25-1054,"Physics Teachers, Postsecondary",14160,detailed
25-1060,"Social Sciences Teachers, Postsecondary",116310,broad
25-1061,"Anthropology and Archeology Teachers, Postsecondary",6100,detailed
25-1062,"Area, Ethnic, and Cultural Studies Teachers, Postsecondary",9150,detailed
25-1063,"Economics Teachers, Postsecondary",13710,detailed
25-1064,"Geography Teachers, Postsecondary",4440,detailed
25-1065,"Political Science Teachers, Postsecondary",17050,detailed
25-1066,"Psychology Teachers, Postsecondary",37930,detailed
25-1067,"Sociology Teachers, Postsecondary",16900,detailed
25-1069,"Social Sciences Teachers, Postsecondary, All Other",11030,detailed
25-1070,"Health Teachers, Postsecondary",224930,broad
25-1071,"Health Specialties Teachers, Postsecondary",168090,detailed
25-1072,"Nursing Instructors and Teachers, Postsecondary",56840,detailed
25-1080,"Education and Library Science Teachers, Postsecondary",64510,broad
25-1081,"Education Teachers, Postsecondary",59980,detailed
25-1082,"Library Science Teachers, Postsecondary",4540,detailed
25-1110,"Law, Criminal Justice, and Social Work Teachers, Postsecondary",41850,broad
25-1111,"Criminal Justice and Law Enforcement Teachers, Postsecondary",14890,detailed
25-1112,"Law Teachers, Postsecondary",15990,detailed
25-1113,"Social Work Teachers, Postsecondary",10970,detailed
25-1120,"Arts, Communications, and Humanities Teachers, Postsecondary",281020,broad
25-1121,"Art, Drama, and Music Teachers, Postsecondary",97500,detailed
25-1122,"Communications Teachers, Postsecondary",29470,detailed
25-1123,"English Language and Literature Teachers, Postsecondary",76320,detailed
25-1124,"Foreign Language and Literature Teachers, Postsecondary",30880,detailed
25-1125,"History Teachers, Postsecondary",23640,detailed
25-1126,"Philosophy and Religion Teachers, Postsecondary",23210,detailed
25-1190,Miscellaneous Postsecondary Teachers,458990,broad
25-1191,Graduate Teaching Assistants,126030,detailed
25-1192,"Home Economics Teachers, Postsecondary",3620,detailed
25-1193,"Recreation and Fitness Studies Teachers, Postsecondary",18650,detailed
25-1194,"Vocational Education Teachers, Postsecondary",121200,detailed
25-1199,"Postsecondary Teachers, All Other",189490,detailed
25-2000,"Preschool, Primary, Secondary, and Special Education School Teachers",4045100,minor
25-2010,Preschool and Kindergarten Teachers,510650,broad
25-2011,"Preschool Teachers, Except Special Education",352420,detailed
25-2012,"Kindergarten Teachers, Except Special Education",158240,detailed
25-2020,Elementary and Middle School Teachers,1997640,broad
25-2021,"Elementary School Teachers, Except Special Education",1353020,detailed
25-2022,"Middle School Teachers, Except Special and Career/Technical Education",630620,detailed
25-2023,"Career/Technical Education Teachers, Middle School",14000,detailed
25-2030,Secondary School Teachers,1041940,broad
25-2031,"Secondary School Teachers, Except Special and Career/Technical Education",960380,detailed
25-2032,"Career/Technical Education Teachers, Secondary School",81560,detailed
25-2050,Special Education Teachers,494870,broad
25-2051,"Special Education Teachers, Preschool",24080,detailed
25-2052,"Special Education Teachers, Kindergarten and Elementary School",200820,detailed
25-2053,"Special Education Teachers, Middle School",94820,detailed
25-2054,"Special Education Teachers, Secondary School",135520,detailed
25-2059,"Special Education Teachers, All Other",39620,detailed
25-3000,Other Teachers and Instructors,1160720,minor
25-3010,Adult Basic and Secondary Education and Literacy Teachers and Instructors,65990,broad
25-3011,Adult Basic and Secondary Education and Literacy Teachers and Instructors,65990,detailed
25-3020,Self-Enrichment Education Teachers,202360,broad
25-3021,Self-Enrichment Education Teachers,202360,detailed
25-3090,Miscellaneous Teachers and Instructors,892360,broad
25-3097,"Teachers and Instructors, All Other, Except Substitute Teachers",269760,detailed
25-3098,Substitute Teachers,622600,detailed
25-4000,"Librarians, Curators, and Archivists",253930,minor
25-4010,"Archivists, Curators, and Museum Technicians",26510,broad
25-4011,Archivists,5360,detailed
25-4012,Curators,11200,detailed
25-4013,Museum Technicians and Conservators,9950,detailed
25-4020,Librarians,133150,broad
25-4021,Librarians,133150,detailed
25-4030,Library Technicians,94260,broad
25-4031,Library Technicians,94260,detailed
25-9000,"Other Education, Training, and Library Occupations",1453820,minor
25-9010,Audio-Visual and Multimedia Collections Specialists,8960,broad
25-9011,Audio-Visual and Multimedia Collections Specialists,8960,detailed
25-9020,Farm and Home Management Advisors,8900,broad
25-9021,Farm and Home Management Advisors,8900,detailed
25-9030,Instructional Coordinators,133780,broad
25-9031,Instructional Coordinators,133780,detailed
25-9040,Teacher Assistants,1192590,broad
25-9041,Teacher Assistants,1192590,detailed
25-9090,"Miscellaneous Education, Training, and Library Workers",109600,broad
25-9099,"Education, Training, and Library Workers, All Other",109600,detailed
27-0000,"Arts, Design, Entertainment, Sports, and Media Occupations",1793700,major
27-1000,Art and Design Workers,531920,minor
27-1010,Artists and Related Workers,86710,broad
27-1011,Art Directors,33140,detailed
27-1012,Craft Artists,4760,detailed
27-1013,"Fine Artists, Including Painters, Sculptors, and Illustrators",12100,detailed
27-1014,Multimedia Artists and Animators,29000,detailed
27-1019,"Artists and Related Workers, All Other",7700,detailed
27-1020,Designers,445200,broad
27-1021,Commercial and Industrial Designers,29410,detailed
27-1022,Fashion Designers,17840,detailed
27-1023,Floral Designers,45050,detailed
27-1024,Graphic Designers,197540,detailed
27-1025,Interior Designers,45010,detailed
27-1026,Merchandise Displayers and Window Trimmers,93000,detailed
27-1027,Set and Exhibit Designers,10460,detailed
27-1029,"Designers, All Other",6890,detailed
27-2000,"Entertainers and Performers, Sports and Related Workers",491110,minor
27-2010,"Actors, Producers, and Directors",156510,broad
27-2011,Actors,59210,detailed
27-2012,Producers and Directors,97300,detailed
27-2020,"Athletes, Coaches, Umpires, and Related Workers",240780,broad
27-2021,Athletes and Sports Competitors,11520,detailed
27-2022,Coaches and Scouts,211760,detailed
27-2023,"Umpires, Referees, and Other Sports Officials",17510,detailed
27-2030,Dancers and Choreographers,17270,broad
27-2031,Dancers,11240,detailed
27-2032,Choreographers,6030,detailed
27-2040,"Musicians, Singers, and Related Workers",60770,broad
27-2041,Music Directors and Composers,21880,detailed
27-2042,Musicians and Singers,38900,detailed
27-2090,"Miscellaneous Entertainers and Performers, Sports and Related Workers",15780,broad
27-2099,"Entertainers and Performers, Sports and Related Workers, All Other",15780,detailed
27-3000,Media and Communication Workers,556340,minor
27-3010,Announcers,37680,broad
27-3011,Radio and Television Announcers,30220,detailed
27-3012,Public Address System and Other Announcers,7450,detailed
27-3020,"News Analysts, Reporters and Correspondents",46590,broad
27-3021,Broadcast News Analysts,4310,detailed
27-3022,Reporters and Correspondents,42280,detailed
27-3030,Public Relations Specialists,208030,broad
27-3031,Public Relations Specialists,208030,detailed
27-3040,Writers and Editors,189060,broad
27-3041,Editors,97350,detailed
27-3042,Technical Writers,48210,detailed
27-3043,Writers and Authors,43500,detailed
27-3090,Miscellaneous Media and Communication Workers,74990,broad
27-3091,Interpreters and Translators,49460,detailed
27-3099,"Media and Communication Workers, All Other",25530,detailed
27-4000,Media and Communication Equipment Workers,214330,minor
27-4010,Broadcast and Sound Engineering Technicians and Radio Operators,101660,broad
27-4011,Audio and Video Equipment Technicians,60200,detailed
27-4012,Broadcast Technicians,26600,detailed
27-4013,Radio Operators,1100,detailed
27-4014,Sound Engineering Technicians,13750,detailed
27-4020,Photographers,52250,broad
27-4021,Photographers,52250,detailed
27-4030,"Television, Video, and Motion Picture Camera Operators and Editors",42770,broad
27-4031,"Camera Operators, Television, Video, and Motion Picture",18310,detailed
27-4032,Film and Video Editors,24460,detailed
27-4090,Miscellaneous Media and Communication Equipment Workers,17650,broad
27-4099,"Media and Communication Equipment Workers, All Other",17650,detailed
29-0000,Healthcare Practitioners and Technical Occupations,7854380,major
29-1000,Health Diagnosing and Treating Practitioners,4833840,minor
29-1010,Chiropractors,29830,broad
29-1011,Chiropractors,29830,detailed
29-1020,Dentists,115390,broad
29-1021,"Dentists, General",97990,detailed
29-1022,Oral and Maxillofacial Surgeons,5120,detailed
29-1023,Orthodontists,6190,detailed
29-1024,Prosthodontists,630,detailed
29-1029,"Dentists, All Other Specialists",5450,detailed
29-1030,Dietitians and Nutritionists,59490,broad
29-1031,Dietitians and Nutritionists,59490,detailed
29-1040,Optometrists,33340,broad
29-1041,Optometrists,33340,detailed
29-1050,Pharmacists,290780,broad
29-1051,Pharmacists,290780,detailed
29-1060,Physicians and Surgeons,633480,broad
29-1061,Anesthesiologists,30060,detailed
29-1062,Family and General Practitioners,124810,detailed
29-1063,"Internists, General",48390,detailed
29-1064,Obstetricians and Gynecologists,21740,detailed
29-1065,"Pediatricians, General",31010,detailed
29-1066,Psychiatrists,25080,detailed
29-1067,Surgeons,41070,detailed
29-1069,"Physicians and Surgeons, All Other",311320,detailed
29-1070,Physician Assistants,91670,broad
29-1071,Physician Assistants,91670,detailed
29-1080,Podiatrists,8910,broad
29-1081,Podiatrists,8910,detailed
29-1120,Therapists,609870,broad
29-1122,Occupational Therapists,110520,detailed
29-1123,Physical Therapists,200670,detailed
29-1124,Radiation Therapists,16380,detailed
29-1125,Recreational Therapists,17950,detailed
29-1126,Respiratory Therapists,119410,detailed
29-1127,Speech-Language Pathologists,126500,detailed
29-1128,Exercise Physiologists,6660,detailed
29-1129,"Therapists, All Other",11770,detailed
29-1130,Veterinarians,62470,broad
29-1131,Veterinarians,62470,detailed
29-1140,Registered Nurses,2687310,broad
29-1141,Registered Nurses,2687310,detailed
29-1150,Nurse Anesthetists,36590,broad
29-1151,Nurse Anesthetists,36590,detailed
29-1160,Nurse Midwives,5110,broad
29-1161,Nurse Midwives,5110,detailed
29-1170,Nurse Practitioners,122050,broad
29-1171,Nurse Practitioners,122050,detailed
29-1180,Audiologists,12250,broad
29-1181,Audiologists,12250,detailed
29-1190,Miscellaneous Health Diagnosing and Treating Practitioners,35310,broad
29-1199,"Health Diagnosing and Treating Practitioners, All Other",35310,detailed
29-2000,Health Technologists and Technicians,2876000,minor
29-2010,Clinical Laboratory Technologists and Technicians,322170,broad
29-2011,Medical and Clinical Laboratory Technologists,161710,detailed
29-2012,Medical and Clinical Laboratory Technicians,160460,detailed
29-2020,Dental Hygienists,196520,broad
29-2021,Dental Hygienists,196520,detailed
29-2030,Diagnostic Related Technologists and Technicians,357690,broad
29-2031,Cardiovascular Technologists and Technicians,51080,detailed
29-2032,Diagnostic Medical Sonographers,59760,detailed
29-2033,Nuclear Medicine Technologists,20320,detailed
29-2034,Radiologic Technologists,193400,detailed
29-2035,Magnetic Resonance Imaging Technologists,33130,detailed
29-2040,Emergency Medical Technicians and Paramedics,235760,broad
29-2041,Emergency Medical Technicians and Paramedics,235760,detailed
29-2050,Health Practitioner Support Technologists and Technicians,700820,broad
29-2051,Dietetic Technicians,28690,detailed
29-2052,Pharmacy Technicians,368760,detailed
29-2053,Psychiatric Technicians,64540,detailed
29-2054,Respiratory Therapy Technicians,10610,detailed
29-2055,Surgical Technologists,98450,detailed
29-2056,Veterinary Technologists and Technicians,93300,detailed
29-2057,Ophthalmic Medical Technicians,36470,detailed
29-2060,Licensed Practical and Licensed Vocational Nurses,695610,broad
29-2061,Licensed Practical and Licensed Vocational Nurses,695610,detailed
29-2070,Medical Records and Health Information Technicians,184740,broad
29-2071,Medical Records and Health Information Technicians,184740,detailed
29-2080,"Opticians, Dispensing",73110,broad
29-2081,"Opticians, Dispensing",73110,detailed
29-2090,Miscellaneous Health Technologists and Technicians,109580,broad
29-2091,Orthotists and Prosthetists,7830,detailed
29-2092,Hearing Aid Specialists,5570,detailed
29-2099,"Health Technologists and Technicians, All Other",96170,detailed
29-9000,Other Healthcare Practitioners and Technical Occupations,144540,minor
29-9010,Occupational Health and Safety Specialists and Technicians,79120,broad
29-9011,Occupational Health and Safety Specialists,65130,detailed
29-9012,Occupational Health and Safety Technicians,13990,detailed
29-9090,Miscellaneous Health Practitioners and Technical Workers,65420,broad
29-9091,Athletic Trainers,22400,detailed
29-9092,Genetic Counselors,2180,detailed
29-9099,"Healthcare Practitioners and Technical Workers, All Other",40840,detailed
31-0000,Healthcare Support Occupations,3940500,major
31-1000,"Nursing, Psychiatric, and Home Health Aides",2352100,minor
31-1010,"Nursing, Psychiatric, and Home Health Aides",2352100,broad
31-1011,Home Health Aides,799080,detailed
31-1013,Psychiatric Aides,72860,detailed
31-1014,Nursing Assistants,1427740,detailed
31-1015,Orderlies,52420,detailed
31-2000,Occupational Therapy and Physical Therapist Assistants and Aides,166440,minor
31-2010,Occupational Therapy Assistants and Aides,40800,broad
31-2011,Occupational Therapy Assistants,32230,detailed
31-2012,Occupational Therapy Aides,8570,detailed
31-2020,Physical Therapist Assistants and Aides,125640,broad
31-2021,Physical Therapist Assistants,76910,detailed
31-2022,Physical Therapist Aides,48730,detailed
31-9000,Other Healthcare Support Occupations,1421960,minor
31-9010,Massage Therapists,87670,broad
31-9011,Massage Therapists,87670,detailed
31-9090,Miscellaneous Healthcare Support Occupations,1334290,broad
31-9091,Dental Assistants,314330,detailed
31-9092,Medical Assistants,584970,detailed
31-9093,Medical Equipment Preparers,50550,detailed
31-9094,Medical Transcriptionists,61210,detailed
31-9095,Pharmacy Aides,41240,detailed
31-9096,Veterinary Assistants and Laboratory Animal Caretakers,71060,detailed
31-9097,Phlebotomists,111950,detailed
31-9099,"Healthcare Support Workers, All Other",98980,detailed
33-0000,Protective Service Occupations,3297180,major
33-1000,Supervisors of Protective Service Workers,273750,minor
33-1010,First-Line Supervisors of Law Enforcement Workers,146560,broad
33-1011,First-Line Supervisors of Correctional Officers,45150,detailed
33-1012,First-Line Supervisors of Police and Detectives,101420,detailed
33-1020,First-Line Supervisors of Fire Fighting and Prevention Workers,59870,broad
33-1021,First-Line Supervisors of Fire Fighting and Prevention Workers,59870,detailed
33-1090,"Miscellaneous First-Line Supervisors, Protective Service Workers",67310,broad
33-1099,"First-Line Supervisors of Protective Service Workers, All Other",67310,detailed
33-2000,Fire Fighting and Prevention Workers,321790,minor
33-2010,Firefighters,308790,broad
33-2011,Firefighters,308790,detailed
33-2020,Fire Inspectors,13000,broad
33-2021,Fire Inspectors and Investigators,11370,detailed
33-2022,Forest Fire Inspectors and Prevention Specialists,1630,detailed
33-3000,Law Enforcement Workers,1216140,minor
33-3010,"Bailiffs, Correctional Officers, and Jailers",450730,broad
33-3011,Bailiffs,16310,detailed
33-3012,Correctional Officers and Jailers,434420,detailed
33-3020,Detectives and Criminal Investigators,108720,broad
33-3021,Detectives and Criminal Investigators,108720,detailed
33-3030,Fish and Game Wardens,5820,broad
33-3031,Fish and Game Wardens,5820,detailed
33-3040,Parking Enforcement Workers,8680,broad
33-3041,Parking Enforcement Workers,8680,detailed
33-3050,Police Officers,642190,broad
33-3051,Police and Sheriff's Patrol Officers,638810,detailed
33-3052,Transit and Railroad Police,3380,detailed
33-9000,Other Protective Service Workers,1485490,minor
33-9010,Animal Control Workers,13450,broad
33-9011,Animal Control Workers,13450,detailed
33-9020,Private Detectives and Investigators,26880,broad
33-9021,Private Detectives and Investigators,26880,detailed
33-9030,Security Guards and Gaming Surveillance Officers,1087550,broad
33-9031,Gaming Surveillance Officers and Gaming Investigators,10030,detailed
33-9032,Security Guards,1077520,detailed
33-9090,Miscellaneous Protective Service Workers,357610,broad
33-9091,Crossing Guards,66310,detailed
33-9092,"Lifeguards, Ski Patrol, and Other Recreational Protective Service Workers",135070,detailed
33-9093,Transportation Security Screeners,43220,detailed
33-9099,"Protective Service Workers, All Other",113020,detailed
35-0000,Food Preparation and Serving Related Occupations,12277720,major
35-1000,Supervisors of Food Preparation and Serving Workers,985470,minor
35-1010,Supervisors of Food Preparation and Serving Workers,985470,broad
35-1011,Chefs and Head Cooks,118130,detailed
35-1012,First-Line Supervisors of Food Preparation and Serving Workers,867340,detailed
35-2000,Cooks and Food Preparation Workers,3077690,minor
35-2010,Cooks,2227470,broad
35-2011,"Cooks, Fast Food",519910,detailed
35-2012,"Cooks, Institution and Cafeteria",402800,detailed
35-2013,"Cooks, Private Household",560,detailed
35-2014,"Cooks, Restaurant",1104790,detailed
35-2015,"Cooks, Short Order",180800,detailed
35-2019,"Cooks, All Other",18600,detailed
35-2020,Food Preparation Workers,850220,broad
35-2021,Food Preparation Workers,850220,detailed
35-3000,Food and Beverage Serving Workers,6883630,minor
35-3010,Bartenders,579700,broad
35-3011,Bartenders,579700,detailed
35-3020,Fast Food and Counter Workers,3607860,broad
35-3021,"Combined Food Preparation and Serving Workers, Including Fast Food",3131390,detailed
35-3022,"Counter Attendants, Cafeteria, Food Concession, and Coffee Shop",476470,detailed
35-3030,Waiters and Waitresses,2445230,broad
35-3031,Waiters and Waitresses,2445230,detailed
35-3040,"Food Servers, Nonrestaurant",250840,broad
35-3041,"Food Servers, Nonrestaurant",250840,detailed
35-9000,Other Food Preparation and Serving Related Workers,1330930,minor
35-9010,Dining Room and Cafeteria Attendants and Bartender Helpers,410460,broad
35-9011,Dining Room and Cafeteria Attendants and Bartender Helpers,410460,detailed
35-9020,Dishwashers,502280,broad
35-9021,Dishwashers,502280,detailed
35-9030,"Hosts and Hostesses, Restaurant, Lounge, and Coffee Shop",372670,broad
35-9031,"Hosts and Hostesses, Restaurant, Lounge, and Coffee Shop",372670,detailed
35-9090,Miscellaneous Food Preparation and Serving Related Workers,45520,broad
35-9099,"Food Preparation and Serving Related Workers, All Other",45520,detailed
37-0000,Building and Grounds Cleaning and Maintenance Occupations,4371450,major
37-1000,Supervisors of Building and Grounds Cleaning and Maintenance Workers,270150,minor
37-1010,First-Line Supervisors of Building and Grounds Cleaning and Maintenance Workers,270150,broad
37-1011,First-Line Supervisors of Housekeeping and Janitorial Workers,168960,detailed
37-1012,"First-Line Supervisors of Landscaping, Lawn Service, and Groundskeeping Workers",101190,detailed
37-2000,Building Cleaning and Pest Control Workers,3150530,minor
37-2010,Building Cleaning Workers,3082890,broad
37-2011,"Janitors and Cleaners, Except Maids and Housekeeping Cleaners",2137730,detailed
37-2012,Maids and Housekeeping Cleaners,929540,detailed
37-2019,"Building Cleaning Workers, All Other",15620,detailed
37-2020,Pest Control Workers,67640,broad
37-2021,Pest Control Workers,67640,detailed
37-3000,Grounds Maintenance Workers,950780,minor
37-3010,Grounds Maintenance Workers,950780,broad
37-3011,Landscaping and Groundskeeping Workers,868770,detailed
37-3012,"Pesticide Handlers, Sprayers, and Applicators, Vegetation",23790,detailed
37-3013,Tree Trimmers and Pruners,39640,detailed
37-3019,"Grounds Maintenance Workers, All Other",18570,detailed
39-0000,Personal Care and Service Occupations,4154360,major
39-1000,Supervisors of Personal Care and Service Workers,193090,minor
39-1010,First-Line Supervisors of Gaming Workers,31100,broad
39-1011,Gaming Supervisors,24100,detailed
39-1012,Slot Supervisors,7000,detailed
39-1020,First-Line Supervisors of Personal Service Workers,161990,broad
39-1021,First-Line Supervisors of Personal Service Workers,161990,detailed
39-2000,Animal Care and Service Workers,172990,minor
39-2010,Animal Trainers,11170,broad
39-2011,Animal Trainers,11170,detailed
39-2020,Nonfarm Animal Caretakers,161820,broad
39-2021,Nonfarm Animal Caretakers,161820,detailed
39-3000,Entertainment Attendants and Related Workers,560350,minor
39-3010,Gaming Services Workers,124440,broad
39-3011,Gaming Dealers,96060,detailed
39-3012,Gaming and Sports Book Writers and Runners,12160,detailed
39-3019,"Gaming Service Workers, All Other",16220,detailed
39-3020,Motion Picture Projectionists,6290,broad
39-3021,Motion Picture Projectionists,6290,detailed
39-3030,"Ushers, Lobby Attendants, and Ticket Takers",113700,broad
39-3031,"Ushers, Lobby Attendants, and Ticket Takers",113700,detailed
39-3090,Miscellaneous Entertainment Attendants and Related Workers,315910,broad
39-3091,Amusement and Recreation Attendants,274230,detailed
39-3092,Costume Attendants,6270,detailed
39-3093,"Locker Room, Coatroom, and Dressing Room Attendants",17830,detailed
39-3099,"Entertainment Attendants and Related Workers, All Other",17580,detailed
39-4000,Funeral Service Workers,63770,minor
39-4010,Embalmers,3650,broad
39-4011,Embalmers,3650,detailed
39-4020,Funeral Attendants,34950,broad
39-4021,Funeral Attendants,34950,detailed
39-4030,"Morticians, Undertakers, and Funeral Directors",25160,broad
39-4031,"Morticians, Undertakers, and Funeral Directors",25160,detailed
39-5000,Personal Appearance Workers,493840,minor
39-5010,"Barbers, Hairdressers, Hairstylists and Cosmetologists",357280,broad
39-5011,Barbers,14140,detailed
39-5012,"Hairdressers, Hairstylists, and Cosmetologists",343140,detailed
39-5090,Miscellaneous Personal Appearance Workers,136550,broad
39-5091,"Makeup Artists, Theatrical and Performance",2610,detailed
39-5092,Manicurists and Pedicurists,79090,detailed
39-5093,Shampooers,16560,detailed
39-5094,Skincare Specialists,38290,detailed
39-6000,"Baggage Porters, Bellhops, and Concierges",75220,minor
39-6010,"Baggage Porters, Bellhops, and Concierges",75220,broad
39-6011,Baggage Porters and Bellhops,44170,detailed
39-6012,Concierges,31050,detailed
39-7000,Tour and Travel Guides,38190,minor
39-7010,Tour and Travel Guides,38190,broad
39-7011,Tour Guides and Escorts,35100,detailed
39-7012,Travel Guides,3090,detailed
39-9000,Other Personal Care and Service Workers,2556920,minor
39-9010,Childcare Workers,582970,broad
39-9011,Childcare Workers,582970,detailed
39-9020,Personal Care Aides,1257000,broad
39-9021,Personal Care Aides,1257000,detailed
39-9030,Recreation and Fitness Workers,562110,broad
39-9031,Fitness Trainers and Aerobics Instructors,241000,detailed
39-9032,Recreation Workers,321110,detailed
39-9040,Residential Advisors,95750,broad
39-9041,Residential Advisors,95750,detailed
39-9090,Miscellaneous Personal Care and Service Workers,59090,broad
39-9099,"Personal Care and Service Workers, All Other",59090,detailed
41-0000,Sales and Related Occupations,14248470,major
41-1000,Supervisors of Sales Workers,1448550,minor
41-1010,First-Line Supervisors of Sales Workers,1448550,broad
41-1011,First-Line Supervisors of Retail Sales Workers,1199770,detailed
41-1012,First-Line Supervisors of Non-Retail Sales Workers,248770,detailed
41-2000,Retail Sales Workers,8648920,minor
41-2010,Cashiers,3417910,broad
41-2011,Cashiers,3398330,detailed
41-2012,Gaming Change Persons and Booth Cashiers,19580,detailed
41-2020,Counter and Rental Clerks and Parts Salespersons,668850,broad
41-2021,Counter and Rental Clerks,437610,detailed
41-2022,Parts Salespersons,231240,detailed
41-2030,Retail Salespersons,4562160,broad
41-2031,Retail Salespersons,4562160,detailed
41-3000,"Sales Representatives, Services",1736660,minor
41-3010,Advertising Sales Agents,154220,broad
41-3011,Advertising Sales Agents,154220,detailed
41-3020,Insurance Sales Agents,374700,broad
41-3021,Insurance Sales Agents,374700,detailed
41-3030,"Securities, Commodities, and Financial Services Sales Agents",316340,broad
41-3031,"Securities, Commodities, and Financial Services Sales Agents",316340,detailed
41-3040,Travel Agents,64750,broad
41-3041,Travel Agents,64750,detailed
41-3090,"Miscellaneous Sales Representatives, Services",826650,broad
41-3099,"Sales Representatives, Services, All Other",826650,detailed
41-4000,"Sales Representatives, Wholesale and Manufacturing",1730180,minor
41-4010,"Sales Representatives, Wholesale and Manufacturing",1730180,broad
41-4011,"Sales Representatives, Wholesale and Manufacturing, Technical and Scientific Products",335540,detailed
41-4012,"Sales Representatives, Wholesale and Manufacturing, Except Technical and Scientific Products",1394640,detailed
41-9000,Other Sales and Related Workers,684170,minor
41-9010,"Models, Demonstrators, and Product Promoters",88740,broad
41-9011,Demonstrators and Product Promoters,83600,detailed
41-9012,Models,5140,detailed
41-9020,Real Estate Brokers and Sales Agents,196380,broad
41-9021,Real Estate Brokers,38720,detailed
41-9022,Real Estate Sales Agents,157660,detailed
41-9030,Sales Engineers,68080,broad
41-9031,Sales Engineers,68080,detailed
41-9040,Telemarketers,234520,broad
41-9041,Telemarketers,234520,detailed
41-9090,Miscellaneous Sales and Related Workers,96440,broad
41-9091,"Door-to-Door Sales Workers, News and Street Vendors, and Related Workers",7610,detailed
41-9099,"Sales and Related Workers, All Other",88830,detailed
43-0000,Office and Administrative Support Occupations,21638470,major
43-1000,Supervisors of Office and Administrative Support Workers,1404070,minor
43-1010,First-Line Supervisors of Office and Administrative Support Workers,1404070,broad
43-1011,First-Line Supervisors of Office and Administrative Support Workers,1404070,detailed
43-2000,Communications Equipment Operators,121470,minor
43-2010,"Switchboard Operators, Including Answering Service",108890,broad
43-2011,"Switchboard Operators, Including Answering Service",108890,detailed
43-2020,Telephone Operators,10220,broad
43-2021,Telephone Operators,10220,detailed
43-2090,Miscellaneous Communications Equipment Operators,2370,broad
43-2099,"Communications Equipment Operators, All Other",2370,detailed
43-3000,Financial Clerks,3217850,minor
43-3010,Bill and Account Collectors,346960,broad
43-3011,Bill and Account Collectors,346960,detailed
43-3020,Billing and Posting Clerks,490860,broad
43-3021,Billing and Posting Clerks,490860,detailed
43-3030,"Bookkeeping, Accounting, and Auditing Clerks",1575060,broad
43-3031,"Bookkeeping, Accounting, and Auditing Clerks",1575060,detailed
43-3040,Gaming Cage Workers,16350,broad
43-3041,Gaming Cage Workers,16350,detailed
43-3050,Payroll and Timekeeping Clerks,166400,broad
43-3051,Payroll and Timekeeping Clerks,166400,detailed
43-3060,Procurement Clerks,70190,broad
43-3061,Procurement Clerks,70190,detailed
43-3070,Tellers,514520,broad
43-3071,Tellers,514520,detailed
43-3090,Miscellaneous Financial Clerks,37510,broad
43-3099,"Financial Clerks, All Other",37510,detailed
43-4000,Information and Record Clerks,5439370,minor
43-4010,Brokerage Clerks,57240,broad
43-4011,Brokerage Clerks,57240,detailed
43-4020,Correspondence Clerks,7580,broad
43-4021,Correspondence Clerks,7580,detailed
43-4030,"Court, Municipal, and License Clerks",128490,broad
43-4031,"Court, Municipal, and License Clerks",128490,detailed
43-4040,"Credit Authorizers, Checkers, and Clerks",46320,broad
43-4041,"Credit Authorizers, Checkers, and Clerks",46320,detailed
43-4050,Customer Service Representatives,2511130,broad
43-4051,Customer Service Representatives,2511130,detailed
43-4060,"Eligibility Interviewers, Government Programs",122400,broad
43-4061,"Eligibility Interviewers, Government Programs",122400,detailed
43-4070,File Clerks,148280,broad
43-4071,File Clerks,148280,detailed
43-4080,"Hotel, Motel, and Resort Desk Clerks",241140,broad
43-4081,"Hotel, Motel, and Resort Desk Clerks",241140,detailed
43-4110,"Interviewers, Except Eligibility and Loan",190710,broad
43-4111,"Interviewers, Except Eligibility and Loan",190710,detailed
43-4120,"Library Assistants, Clerical",100800,broad
43-4121,"Library Assistants, Clerical",100800,detailed
43-4130,Loan Interviewers and Clerks,212440,broad
43-4131,Loan Interviewers and Clerks,212440,detailed
43-4140,New Accounts Clerks,52260,broad
43-4141,New Accounts Clerks,52260,detailed
43-4150,Order Clerks,190390,broad
43-4151,Order Clerks,190390,detailed
43-4160,"Human Resources Assistants, Except Payroll and Timekeeping",135270,broad
43-4161,"Human Resources Assistants, Except Payroll and Timekeeping",135270,detailed
43-4170,Receptionists and Information Clerks,981150,broad
43-4171,Receptionists and Information Clerks,981150,detailed
43-4180,Reservation and Transportation Ticket Agents and Travel Clerks,138260,broad
43-4181,Reservation and Transportation Ticket Agents and Travel Clerks,138260,detailed
43-4190,Miscellaneous Information and Record Clerks,175530,broad
43-4199,"Information and Record Clerks, All Other",175530,detailed
43-5000,"Material Recording, Scheduling, Dispatching, and Distributing Workers",3880030,minor
43-5010,Cargo and Freight Agents,77480,broad
43-5011,Cargo and Freight Agents,77480,detailed
43-5020,Couriers and Messengers,71760,broad
43-5021,Couriers and Messengers,71760,detailed
43-5030,Dispatchers,286710,broad
43-5031,"Police, Fire, and Ambulance Dispatchers",96390,detailed
43-5032,"Dispatchers, Except Police, Fire, and Ambulance",190330,detailed
43-5040,"Meter Readers, Utilities",36210,broad
43-5041,"Meter Readers, Utilities",36210,detailed
43-5050,Postal Service Workers,501000,broad
43-5051,Postal Service Clerks,71910,detailed
43-5052,Postal Service Mail Carriers,307490,detailed
43-5053,"Postal Service Mail Sorters, Processors, and Processing Machine Operators",121590,detailed
43-5060,"Production, Planning, and Expediting Clerks",297050,broad
43-5061,"Production, Planning, and Expediting Clerks",297050,detailed
43-5070,"Shipping, Receiving, and Traffic Clerks",661530,broad
43-5071,"Shipping, Receiving, and Traffic Clerks",661530,detailed
43-5080,Stock Clerks and Order Fillers,1878860,broad
43-5081,Stock Clerks and Order Fillers,1878860,detailed
43-5110,"Weighers, Measurers, Checkers, and Samplers, Recordkeeping",69430,broad
43-5111,"Weighers, Measurers, Checkers, and Samplers, Recordkeeping",69430,detailed
43-6000,Secretaries and Administrative Assistants,3649920,minor
43-6010,Secretaries and Administrative Assistants,3649920,broad
43-6011,Executive Secretaries and Executive Administrative Assistants,713730,detailed
43-6012,Legal Secretaries,212910,detailed
43-6013,Medical Secretaries,516050,detailed
43-6014,"Secretaries and Administrative Assistants, Except Legal, Medical, and Executive",2207220,detailed
43-9000,Other Office and Administrative Support Workers,3925760,minor
43-9010,Computer Operators,58060,broad
43-9011,Computer Operators,58060,detailed
43-9020,Data Entry and Information Processing Workers,287240,broad
43-9021,Data Entry Keyers,205950,detailed
43-9022,Word Processors and Typists,81300,detailed
43-9030,Desktop Publishers,13310,broad
43-9031,Desktop Publishers,13310,detailed
43-9040,Insurance Claims and Policy Processing Clerks,252670,broad
43-9041,Insurance Claims and Policy Processing Clerks,252670,detailed
43-9050,"Mail Clerks and Mail Machine Operators, Except Postal Service",99190,broad
43-9051,"Mail Clerks and Mail Machine Operators, Except Postal Service",99190,detailed
43-9060,"Office Clerks, General",2889970,broad
43-9061,"Office Clerks, General",2889970,detailed
43-9070,"Office Machine Operators, Except Computer",66530,broad
43-9071,"Office Machine Operators, Except Computer",66530,detailed
43-9080,Proofreaders and Copy Markers,10500,broad
43-9081,Proofreaders and Copy Markers,10500,detailed
43-9110,Statistical Assistants,14110,broad
43-9111,Statistical Assistants,14110,detailed
43-9190,Miscellaneous Office and Administrative Support Workers,234180,broad
43-9199,"Office and Administrative Support Workers, All Other",234180,detailed
45-0000,"Farming, Fishing, and Forestry Occupations",447130,major
45-1000,"Supervisors of Farming, Fishing, and Forestry Workers",18530,minor
45-1010,"First-Line Supervisors of Farming, Fishing, and Forestry Workers",18530,broad
45-1011,"First-Line Supervisors of Farming, Fishing, and Forestry Workers",18530,detailed
45-2000,Agricultural Workers,383570,minor
45-2010,Agricultural Inspectors,13800,broad
45-2011,Agricultural Inspectors,13800,detailed
45-2020,Animal Breeders,1110,broad
45-2021,Animal Breeders,1110,detailed
45-2040,"Graders and Sorters, Agricultural Products",36100,broad
45-2041,"Graders and Sorters, Agricultural Products",36100,detailed
45-2090,Miscellaneous Agricultural Workers,332560,broad
45-2091,Agricultural Equipment Operators,26100,detailed
45-2092,"Farmworkers and Laborers, Crop, Nursery, and Greenhouse",269650,detailed
45-2093,"Farmworkers, Farm, Ranch, and Aquacultural Animals",31540,detailed
45-2099,"Agricultural Workers, All Other",5270,detailed
45-3000,Fishing and Hunting Workers,560,minor
45-3010,Fishers and Related Fishing Workers,400,broad
45-3011,Fishers and Related Fishing Workers,400,detailed
45-4000,"Forest, Conservation, and Logging Workers",44470,minor
45-4010,Forest and Conservation Workers,6870,broad
45-4011,Forest and Conservation Workers,6870,detailed
45-4020,Logging Workers,37600,broad
45-4021,Fallers,6090,detailed
45-4022,Logging Equipment Operators,26010,detailed
45-4023,Log Graders and Scalers,2780,detailed
45-4029,"Logging Workers, All Other",2730,detailed
47-0000,Construction and Extraction Occupations,5290270,major
47-1000,Supervisors of Construction and Extraction Workers,496370,minor
47-1010,First-Line Supervisors of Construction Trades and Extraction Workers,496370,broad
47-1011,First-Line Supervisors of Construction Trades and Extraction Workers,496370,detailed
47-2000,Construction Trades Workers,3915350,minor
47-2010,Boilermakers,17210,broad
47-2011,Boilermakers,17210,detailed
47-2020,"Brickmasons, Blockmasons, and Stonemasons",70580,broad
47-2021,Brickmasons and Blockmasons,59340,detailed
47-2022,Stonemasons,11250,detailed
47-2030,Carpenters,617060,broad
47-2031,Carpenters,617060,detailed
47-2040,"Carpet, Floor, and Tile Installers and Finishers",71980,broad
47-2041,Carpet Installers,26050,detailed
47-2042,"Floor Layers, Except Carpet, Wood, and Hard Tiles",9830,detailed
47-2043,Floor Sanders and Finishers,4510,detailed
47-2044,Tile and Marble Setters,31590,detailed
47-2050,"Cement Masons, Concrete Finishers, and Terrazzo Workers",155820,broad
47-2051,Cement Masons and Concrete Finishers,152570,detailed
47-2053,Terrazzo Workers and Finishers,3250,detailed
47-2060,Construction Laborers,852870,broad
47-2061,Construction Laborers,852870,detailed
47-2070,Construction Equipment Operators,402920,broad
47-2071,"Paving, Surfacing, and Tamping Equipment Operators",54940,detailed
47-2072,Pile-Driver Operators,3470,detailed
47-2073,Operating Engineers and Other Construction Equipment Operators,344510,detailed
47-2080,"Drywall Installers, Ceiling Tile Installers, and Tapers",101850,broad
47-2081,Drywall and Ceiling Tile Installers,85020,detailed
47-2082,Tapers,16820,detailed
47-2110,Electricians,566930,broad
47-2111,Electricians,566930,detailed
47-2120,Glaziers,42820,broad
47-2121,Glaziers,42820,detailed
47-2130,Insulation Workers,52850,broad
47-2131,"Insulation Workers, Floor, Ceiling, and Wall",24180,detailed
47-2132,"Insulation Workers, Mechanical",28660,detailed
47-2140,Painters and Paperhangers,208170,broad
47-2141,"Painters, Construction and Maintenance",204600,detailed
47-2142,Paperhangers,3570,detailed
47-2150,"Pipelayers, Plumbers, Pipefitters, and Steamfitters",413650,broad
47-2151,Pipelayers,41080,detailed
47-2152,"Plumbers, Pipefitters, and Steamfitters",372570,detailed
47-2160,Plasterers and Stucco Masons,20760,broad
47-2161,Plasterers and Stucco Masons,20760,detailed
47-2170,Reinforcing Iron and Rebar Workers,18530,broad
47-2171,Reinforcing Iron and Rebar Workers,18530,detailed
47-2180,Roofers,103650,broad
47-2181,Roofers,103650,detailed
47-2210,Sheet Metal Workers,132530,broad
47-2211,Sheet Metal Workers,132530,detailed
47-2220,Structural Iron and Steel Workers,60010,broad
47-2221,Structural Iron and Steel Workers,60010,detailed
47-2230,Solar Photovoltaic Installers,5170,broad
47-2231,Solar Photovoltaic Installers,5170,detailed
47-3000,"Helpers, Construction Trades",224500,minor
47-3010,"Helpers, Construction Trades",224500,broad
47-3011,"Helpers--Brickmasons, Blockmasons, Stonemasons, and Tile and Marble Setters",23570,detailed
47-3012,Helpers--Carpenters,38900,detailed
47-3013,Helpers--Electricians,68280,detailed
47-3014,"Helpers--Painters, Paperhangers, Plasterers, and Stucco Masons",11570,detailed
47-3015,"Helpers--Pipelayers, Plumbers, Pipefitters, and Steamfitters",51350,detailed
47-3016,Helpers--Roofers,11640,detailed
47-3019,"Helpers, Construction Trades, All Other",19190,detailed
47-4000,Other Construction and Related Workers,384390,minor
47-4010,Construction and Building Inspectors,88410,broad
47-4011,Construction and Building Inspectors,88410,detailed
47-4020,Elevator Installers and Repairers,20590,broad
47-4021,Elevator Installers and Repairers,20590,detailed
47-4030,Fence Erectors,20990,broad
47-4031,Fence Erectors,20990,detailed
47-4040,Hazardous Materials Removal Workers,42250,broad
47-4041,Hazardous Materials Removal Workers,42250,detailed
47-4050,Highway Maintenance Workers,140650,broad
47-4051,Highway Maintenance Workers,140650,detailed
47-4060,Rail-Track Laying and Maintenance Equipment Operators,14820,broad
47-4061,Rail-Track Laying and Maintenance Equipment Operators,14820,detailed
47-4070,Septic Tank Servicers and Sewer Pipe Cleaners,24350,broad
47-4071,Septic Tank Servicers and Sewer Pipe Cleaners,24350,detailed
47-4090,Miscellaneous Construction and Related Workers,32320,broad
47-4091,Segmental Pavers,1130,detailed
47-4099,"Construction and Related Workers, All Other",31190,detailed
47-5000,Extraction Workers,269660,minor
47-5010,"Derrick, Rotary Drill, and Service Unit Operators, Oil, Gas, and Mining",109320,broad
47-5011,"Derrick Operators, Oil and Gas",20760,detailed
47-5012,"Rotary Drill Operators, Oil and Gas",26480,detailed
47-5013,"Service Unit Operators, Oil, Gas, and Mining",62080,detailed
47-5020,"Earth Drillers, Except Oil and Gas",19160,broad
47-5021,"Earth Drillers, Except Oil and Gas",19160,detailed
47-5030,"Explosives Workers, Ordnance Handling Experts, and Blasters",7970,broad
47-5031,"Explosives Workers, Ordnance Handling Experts, and Blasters",7970,detailed
47-5040,Mining Machine Operators,20960,broad
47-5041,Continuous Mining Machine Operators,11540,detailed
47-5042,Mine Cutting and Channeling Machine Operators,6960,detailed
47-5049,"Mining Machine Operators, All Other",2470,detailed
47-5050,"Rock Splitters, Quarry",3630,broad
47-5051,"Rock Splitters, Quarry",3630,detailed
47-5060,"Roof Bolters, Mining",5710,broad
47-5061,"Roof Bolters, Mining",5710,detailed
47-5070,"Roustabouts, Oil and Gas",73450,broad
47-5071,"Roustabouts, Oil and Gas",73450,detailed
47-5080,Helpers--Extraction Workers,24130,broad
47-5081,Helpers--Extraction Workers,24130,detailed
47-5090,Miscellaneous Extraction Workers,5320,broad
47-5099,"Extraction Workers, All Other",5320,detailed
49-0000,"Installation, Maintenance, and Repair Occupations",5244670,major
49-1000,"Supervisors of Installation, Maintenance, and Repair Workers",434810,minor
49-1010,"First-Line Supervisors of Mechanics, Installers, and Repairers",434810,broad
49-1011,"First-Line Supervisors of Mechanics, Installers, and Repairers",434810,detailed
49-2000,"Electrical and Electronic Equipment Mechanics, Installers, and Repairers",572780,minor
49-2010,"Computer, Automated Teller, and Office Machine Repairers",110940,broad
49-2011,"Computer, Automated Teller, and Office Machine Repairers",110940,detailed
49-2020,Radio and Telecommunications Equipment Installers and Repairers,226930,broad
49-2021,"Radio, Cellular, and Tower Equipment Installers and Repairers",13310,detailed
49-2022,"Telecommunications Equipment Installers and Repairers, Except Line Installers",213620,detailed
49-2090,"Miscellaneous Electrical and Electronic Equipment Mechanics, Installers, and Repairers",234920,broad
49-2091,Avionics Technicians,17150,detailed
49-2092,"Electric Motor, Power Tool, and Related Repairers",17380,detailed
49-2093,"Electrical and Electronics Installers and Repairers, Transportation Equipment",14160,detailed
49-2094,"Electrical and Electronics Repairers, Commercial and Industrial Equipment",65900,detailed
49-2095,"Electrical and Electronics Repairers, Powerhouse, Substation, and Relay",22120,detailed
49-2096,"Electronic Equipment Installers and Repairers, Motor Vehicles",11460,detailed
49-2097,Electronic Home Entertainment Equipment Installers and Repairers,26590,detailed
49-2098,Security and Fire Alarm Systems Installers,60160,detailed
49-3000,"Vehicle and Mobile Equipment Mechanics, Installers, and Repairers",1507680,minor
49-3010,Aircraft Mechanics and Service Technicians,116830,broad
49-3011,Aircraft Mechanics and Service Technicians,116830,detailed
49-3020,Automotive Technicians and Repairers,786200,broad
49-3021,Automotive Body and Related Repairers,137140,detailed
49-3022,Automotive Glass Installers and Repairers,15670,detailed
49-3023,Automotive Service Technicians and Mechanics,633390,detailed
49-3030,Bus and Truck Mechanics and Diesel Engine Specialists,243080,broad
49-3031,Bus and Truck Mechanics and Diesel Engine Specialists,243080,detailed
49-3040,Heavy Vehicle and Mobile Equipment Service Technicians and Mechanics,174690,broad
49-3041,Farm Equipment Mechanics and Service Technicians,35320,detailed
49-3042,"Mobile Heavy Equipment Mechanics, Except Engines",119280,detailed
49-3043,Rail Car Repairers,20080,detailed
49-3050,Small Engine Mechanics,64860,broad
49-3051,Motorboat Mechanics and Service Technicians,20210,detailed
49-3052,Motorcycle Mechanics,15420,detailed
49-3053,Outdoor Power Equipment and Other Small Engine Mechanics,29220,detailed
49-3090,"Miscellaneous Vehicle and Mobile Equipment Mechanics, Installers, and Repairers",122030,broad
49-3091,Bicycle Repairers,10520,detailed
49-3092,Recreational Vehicle Service Technicians,10990,detailed
49-3093,Tire Repairers and Changers,100510,detailed
49-9000,"Other Installation, Maintenance, and Repair Occupations",2729400,minor
49-9010,Control and Valve Installers and Repairers,58510,broad
49-9011,Mechanical Door Repairers,17220,detailed
49-9012,"Control and Valve Installers and Repairers, Except Mechanical Door",41290,detailed
49-9020,"Heating, Air Conditioning, and Refrigeration Mechanics and Installers",261390,broad
49-9021,"Heating, Air Conditioning, and Refrigeration Mechanics and Installers",261390,detailed
49-9030,Home Appliance Repairers,33270,broad
49-9031,Home Appliance Repairers,33270,detailed
49-9040,"Industrial Machinery Installation, Repair, and Maintenance Workers",445630,broad
49-9041,Industrial Machinery Mechanics,313880,detailed
49-9043,"Maintenance Workers, Machinery",90730,detailed
49-9044,Millwrights,39290,detailed
49-9045,"Refractory Materials Repairers, Except Brickmasons",1730,detailed
49-9050,Line Installers and Repairers,228960,broad
49-9051,Electrical Power-Line Installers and Repairers,114540,detailed
49-9052,Telecommunications Line Installers and Repairers,114420,detailed
49-9060,Precision Instrument and Equipment Repairers,65810,broad
49-9061,Camera and Photographic Equipment Repairers,3150,detailed
49-9062,Medical Equipment Repairers,41430,detailed
49-9063,Musical Instrument Repairers and Tuners,7660,detailed
49-9064,Watch Repairers,2390,detailed
49-9069,"Precision Instrument and Equipment Repairers, All Other",11180,detailed
49-9070,"Maintenance and Repair Workers, General",1282920,broad
49-9071,"Maintenance and Repair Workers, General",1282920,detailed
49-9080,Wind Turbine Service Technicians,3710,broad
49-9081,Wind Turbine Service Technicians,3710,detailed
49-9090,"Miscellaneous Installation, Maintenance, and Repair Workers",349210,broad
49-9091,"Coin, Vending, and Amusement Machine Servicers and Repairers",30840,detailed
49-9092,Commercial Divers,3620,detailed
49-9093,"Fabric Menders, Except Garment",710,detailed
49-9094,Locksmiths and Safe Repairers,17090,detailed
49-9095,Manufactured Building and Mobile Home Installers,3280,detailed
49-9096,Riggers,20350,detailed
49-9097,Signal and Track Switch Repairers,7880,detailed
49-9098,"Helpers--Installation, Maintenance, and Repair Workers",126980,detailed
49-9099,"Installation, Maintenance, and Repair Workers, All Other",138460,detailed
51-0000,Production Occupations,8934050,major
51-1000,Supervisors of Production Workers,592830,minor
51-1010,First-Line Supervisors of Production and Operating Workers,592830,broad
51-1011,First-Line Supervisors of Production and Operating Workers,592830,detailed
51-2000,Assemblers and Fabricators,1810560,minor
51-2010,"Aircraft Structure, Surfaces, Rigging, and Systems Assemblers",40630,broad
51-2011,"Aircraft Structure, Surfaces, Rigging, and Systems Assemblers",40630,detailed
51-2020,"Electrical, Electronics, and Electromechanical Assemblers",269250,broad
51-2021,"Coil Winders, Tapers, and Finishers",14930,detailed
51-2022,Electrical and Electronic Equipment Assemblers,207330,detailed
51-2023,Electromechanical Equipment Assemblers,46990,detailed
51-2030,Engine and Other Machine Assemblers,38330,broad
51-2031,Engine and Other Machine Assemblers,38330,detailed
51-2040,Structural Metal Fabricators and Fitters,78050,broad
51-2041,Structural Metal Fabricators and Fitters,78050,detailed
51-2090,Miscellaneous Assemblers and Fabricators,1384290,broad
51-2091,Fiberglass Laminators and Fabricators,18770,detailed
51-2092,Team Assemblers,1125160,detailed
51-2093,Timing Device Assemblers and Adjusters,1650,detailed
51-2099,"Assemblers and Fabricators, All Other",238720,detailed
51-3000,Food Processing Workers,767460,minor
51-3010,Bakers,173730,broad
51-3011,Bakers,173730,detailed
51-3020,"Butchers and Other Meat, Poultry, and Fish Processing Workers",373440,broad
51-3021,Butchers and Meat Cutters,137050,detailed
51-3022,"Meat, Poultry, and Fish Cutters and Trimmers",150310,detailed
51-3023,Slaughterers and Meat Packers,86070,detailed
51-3090,Miscellaneous Food Processing Workers,220290,broad
51-3091,"Food and Tobacco Roasting, Baking, and Drying Machine Operators and Tenders",18890,detailed
51-3092,Food Batchmakers,120850,detailed
51-3093,Food Cooking Machine Operators and Tenders,36850,detailed
51-3099,"Food Processing Workers, All Other",43690,detailed
51-4000,Metal Workers and Plastic Workers,1918310,minor
51-4010,Computer Control Programmers and Operators,172990,broad
51-4011,"Computer-Controlled Machine Tool Operators, Metal and Plastic",148040,detailed
51-4012,"Computer Numerically Controlled Machine Tool Programmers, Metal and Plastic",24960,detailed
51-4020,"Forming Machine Setters, Operators, and Tenders, Metal and Plastic",127240,broad
51-4021,"Extruding and Drawing Machine Setters, Operators, and Tenders, Metal and Plastic",72520,detailed
51-4022,"Forging Machine Setters, Operators, and Tenders, Metal and Plastic",21340,detailed
51-4023,"Rolling Machine Setters, Operators, and Tenders, Metal and Plastic",33370,detailed
51-4030,"Machine Tool Cutting Setters, Operators, and Tenders, Metal and Plastic",342520,broad
51-4031,"Cutting, Punching, and Press Machine Setters, Operators, and Tenders, Metal and Plastic",190250,detailed
51-4032,"Drilling and Boring Machine Tool Setters, Operators, and Tenders, Metal and Plastic",17470,detailed
51-4033,"Grinding, Lapping, Polishing, and Buffing Machine Tool Setters, Operators, and Tenders, Metal and Plastic",70130,detailed
51-4034,"Lathe and Turning Machine Tool Setters, Operators, and Tenders, Metal and Plastic",42570,detailed
51-4035,"Milling and Planing Machine Setters, Operators, and Tenders, Metal and Plastic",22110,detailed
51-4040,Machinists,392700,broad
51-4041,Machinists,392700,detailed
51-4050,"Metal Furnace Operators, Tenders, Pourers, and Casters",30540,broad
51-4051,Metal-Refining Furnace Operators and Tenders,20850,detailed
51-4052,"Pourers and Casters, Metal",9690,detailed
51-4060,"Model Makers and Patternmakers, Metal and Plastic",9910,broad
51-4061,"Model Makers, Metal and Plastic",6140,detailed
51-4062,"Patternmakers, Metal and Plastic",3770,detailed
51-4070,"Molders and Molding Machine Setters, Operators, and Tenders, Metal and Plastic",140410,broad
51-4071,Foundry Mold and Coremakers,11870,detailed
51-4072,"Molding, Coremaking, and Casting Machine Setters, Operators, and Tenders, Metal and Plastic",128540,detailed
51-4080,"Multiple Machine Tool Setters, Operators, and Tenders, Metal and Plastic",98160,broad
51-4081,"Multiple Machine Tool Setters, Operators, and Tenders, Metal and Plastic",98160,detailed
51-4110,Tool and Die Makers,75950,broad
51-4111,Tool and Die Makers,75950,detailed
51-4120,"Welding, Soldering, and Brazing Workers",424960,broad
51-4121,"Welders, Cutters, Solderers, and Brazers",369610,detailed
51-4122,"Welding, Soldering, and Brazing Machine Setters, Operators, and Tenders",55360,detailed
51-4190,Miscellaneous Metal Workers and Plastic Workers,102920,broad
51-4191,"Heat Treating Equipment Setters, Operators, and Tenders, Metal and Plastic",20980,detailed
51-4192,"Layout Workers, Metal and Plastic",13070,detailed
51-4193,"Plating and Coating Machine Setters, Operators, and Tenders, Metal and Plastic",35900,detailed
51-4194,"Tool Grinders, Filers, and Sharpeners",10860,detailed
51-4199,"Metal Workers and Plastic Workers, All Other",22100,detailed
51-5100,Printing Workers,254360,minor
51-5110,Printing Workers,254360,broad
51-5111,Prepress Technicians and Workers,36180,detailed
51-5112,Printing Press Operators,166750,detailed
51-5113,Print Binding and Finishing Workers,51430,detailed
51-6000,"Textile, Apparel, and Furnishings Workers",574440,minor
51-6010,Laundry and Dry-Cleaning Workers,199330,broad
51-6011,Laundry and Dry-Cleaning Workers,199330,detailed
51-6020,"Pressers, Textile, Garment, and Related Materials",50150,broad
51-6021,"Pressers, Textile, Garment, and Related Materials",50150,detailed
51-6030,Sewing Machine Operators,142070,broad
51-6031,Sewing Machine Operators,142070,detailed
51-6040,Shoe and Leather Workers,11260,broad
51-6041,Shoe and Leather Workers and Repairers,7710,detailed
51-6042,Shoe Machine Operators and Tenders,3550,detailed
51-6050,"Tailors, Dressmakers, and Sewers",26160,broad
51-6051,"Sewers, Hand",5960,detailed
51-6052,"Tailors, Dressmakers, and Custom Sewers",20200,detailed
51-6060,"Textile Machine Setters, Operators, and Tenders",74390,broad
51-6061,Textile Bleaching and Dyeing Machine Operators and Tenders,11510,detailed
51-6062,"Textile Cutting Machine Setters, Operators, and Tenders",14370,detailed
51-6063,"Textile Knitting and Weaving Machine Setters, Operators, and Tenders",22760,detailed
51-6064,"Textile Winding, Twisting, and Drawing Out Machine Setters, Operators, and Tenders",25740,detailed
51-6090,"Miscellaneous Textile, Apparel, and Furnishings Workers",71090,broad
51-6091,"Extruding and Forming Machine Setters, Operators, and Tenders, Synthetic and Glass Fibers",19770,detailed
51-6092,Fabric and Apparel Patternmakers,5440,detailed
51-6093,Upholsterers,29770,detailed
51-6099,"Textile, Apparel, and Furnishings Workers, All Other",16110,detailed
51-7000,Woodworkers,229870,minor
51-7010,Cabinetmakers and Bench Carpenters,88170,broad
51-7011,Cabinetmakers and Bench Carpenters,88170,detailed
51-7020,Furniture Finishers,15320,broad
51-7021,Furniture Finishers,15320,detailed
51-7030,"Model Makers and Patternmakers, Wood",2310,broad
51-7031,"Model Makers, Wood",1360,detailed
51-7032,"Patternmakers, Wood",950,detailed
51-7040,"Woodworking Machine Setters, Operators, and Tenders",117120,broad
51-7041,"Sawing Machine Setters, Operators, and Tenders, Wood",46320,detailed
51-7042,"Woodworking Machine Setters, Operators, and Tenders, Except Sawing",70810,detailed
51-7090,Miscellaneous Woodworkers,6940,broad
51-7099,"Woodworkers, All Other",6940,detailed
51-8000,Plant and System Operators,315200,minor
51-8010,"Power Plant Operators, Distributors, and Dispatchers",58880,broad
51-8011,Nuclear Power Reactor Operators,7400,detailed
51-8012,Power Distributors and Dispatchers,11180,detailed
51-8013,Power Plant Operators,40300,detailed
51-8020,Stationary Engineers and Boiler Operators,37550,broad
51-8021,Stationary Engineers and Boiler Operators,37550,detailed
51-8030,Water and Wastewater Treatment Plant and System Operators,111640,broad
51-8031,Water and Wastewater Treatment Plant and System Operators,111640,detailed
51-8090,Miscellaneous Plant and System Operators,107130,broad
51-8091,Chemical Plant and System Operators,37490,detailed
51-8092,Gas Plant Operators,16320,detailed
51-8093,"Petroleum Pump System Operators, Refinery Operators, and Gaugers",41700,detailed
51-8099,"Plant and System Operators, All Other",11610,detailed
51-9000,Other Production Occupations,2471030,minor
51-9010,"Chemical Processing Machine Setters, Operators, and Tenders",108030,broad
51-9011,Chemical Equipment Operators and Tenders,64710,detailed
51-9012,"Separating, Filtering, Clarifying, Precipitating, and Still Machine Setters, Operators, and Tenders",43310,detailed
51-9020,"Crushing, Grinding, Polishing, Mixing, and Blending Workers",181960,broad
51-9021,"Crushing, Grinding, and Polishing Machine Setters, Operators, and Tenders",29980,detailed
51-9022,"Grinding and Polishing Workers, Hand",29320,detailed
51-9023,"Mixing and Blending Machine Setters, Operators, and Tenders",122670,detailed
51-9030,Cutting Workers,78090,broad
51-9031,"Cutters and Trimmers, Hand",15520,detailed
51-9032,"Cutting and Slicing Machine Setters, Operators, and Tenders",62570,detailed
51-9040,"Extruding, Forming, Pressing, and Compacting Machine Setters, Operators, and Tenders",67490,broad
51-9041,"Extruding, Forming, Pressing, and Compacting Machine Setters, Operators, and Tenders",67490,detailed
51-9050,"Furnace, Kiln, Oven, Drier, and Kettle Operators and Tenders",20590,broad
51-9051,"Furnace, Kiln, Oven, Drier, and Kettle Operators and Tenders",20590,detailed
51-9060,"Inspectors, Testers, Sorters, Samplers, and Weighers",489750,broad
51-9061,"Inspectors, Testers, Sorters, Samplers, and Weighers",489750,detailed
51-9070,Jewelers and Precious Stone and Metal Workers,23200,broad
51-9071,Jewelers and Precious Stone and Metal Workers,23200,detailed
51-9080,"Medical, Dental, and Ophthalmic Laboratory Technicians",76220,broad
51-9081,Dental Laboratory Technicians,35320,detailed
51-9082,Medical Appliance Technicians,13290,detailed
51-9083,Ophthalmic Laboratory Technicians,27610,detailed
51-9110,Packaging and Filling Machine Operators and Tenders,381760,broad
51-9111,Packaging and Filling Machine Operators and Tenders,381760,detailed
51-9120,Painting Workers,156830,broad
51-9121,"Coating, Painting, and Spraying Machine Setters, Operators, and Tenders",90590,detailed
51-9122,"Painters, Transportation Equipment",49950,detailed
51-9123,"Painting, Coating, and Decorating Workers",16280,detailed
51-9140,Semiconductor Processors,23580,broad
51-9141,Semiconductor Processors,23580,detailed
51-9150,Photographic Process Workers and Processing Machine Operators,28800,broad
51-9151,Photographic Process Workers and Processing Machine Operators,28800,detailed
51-9190,Miscellaneous Production Workers,834750,broad
51-9191,Adhesive Bonding Machine Operators and Tenders,18210,detailed
51-9192,"Cleaning, Washing, and Metal Pickling Equipment Operators and Tenders",17360,detailed
51-9193,Cooling and Freezing Equipment Operators and Tenders,8070,detailed
51-9194,Etchers and Engravers,8630,detailed
51-9195,"Molders, Shapers, and Casters, Except Metal and Plastic",34610,detailed
51-9196,"Paper Goods Machine Setters, Operators, and Tenders",92170,detailed
51-9197,Tire Builders,17680,detailed
51-9198,Helpers--Production Workers,420520,detailed
51-9199,"Production Workers, All Other",217500,detailed
53-0000,Transportation and Material Moving Occupations,9249310,major
53-1000,Supervisors of Transportation and Material Moving Workers,374480,minor
53-1010,Aircraft Cargo Handling Supervisors,5750,broad
53-1011,Aircraft Cargo Handling Supervisors,5750,detailed
53-1020,"First-Line Supervisors of Helpers, Laborers, and Material Movers, Hand",171720,broad
53-1021,"First-Line Supervisors of Helpers, Laborers, and Material Movers, Hand",171720,detailed
53-1030,First-Line Supervisors of Transportation and Material-Moving Machine and Vehicle Operators,197000,broad
53-1031,First-Line Supervisors of Transportation and Material-Moving Machine and Vehicle Operators,197000,detailed
53-2000,Air Transportation Workers,242350,minor
53-2010,Aircraft Pilots and Flight Engineers,113920,broad
53-2011,"Airline Pilots, Copilots, and Flight Engineers",75760,detailed
53-2012,Commercial Pilots,38170,detailed
53-2020,Air Traffic Controllers and Airfield Operations Specialists,29920,broad
53-2021,Air Traffic Controllers,22860,detailed
53-2022,Airfield Operations Specialists,7050,detailed
53-2030,Flight Attendants,98510,broad
53-2031,Flight Attendants,98510,detailed
53-3000,Motor Vehicle Operators,3741430,minor
53-3010,"Ambulance Drivers and Attendants, Except Emergency Medical Technicians",19350,broad
53-3011,"Ambulance Drivers and Attendants, Except Emergency Medical Technicians",19350,detailed
53-3020,Bus Drivers,657500,broad
53-3021,"Bus Drivers, Transit and Intercity",158050,detailed
53-3022,"Bus Drivers, School or Special Client",499440,detailed
53-3030,Driver/Sales Workers and Truck Drivers,2828110,broad
53-3031,Driver/Sales Workers,405810,detailed
53-3032,Heavy and Tractor-Trailer Truck Drivers,1625290,detailed
53-3033,Light Truck or Delivery Services Drivers,797010,detailed
53-3040,Taxi Drivers and Chauffeurs,178260,broad
53-3041,Taxi Drivers and Chauffeurs,178260,detailed
53-3090,Miscellaneous Motor Vehicle Operators,58210,broad
53-3099,"Motor Vehicle Operators, All Other",58210,detailed
53-4000,Rail Transportation Workers,122870,minor
53-4010,Locomotive Engineers and Operators,43970,broad
53-4011,Locomotive Engineers,38470,detailed
53-4012,Locomotive Firers,1610,detailed
53-4013,"Rail Yard Engineers, Dinkey Operators, and Hostlers",3900,detailed
53-4020,"Railroad Brake, Signal, and Switch Operators",21060,broad
53-4021,"Railroad Brake, Signal, and Switch Operators",21060,detailed
53-4030,Railroad Conductors and Yardmasters,42900,broad
53-4031,Railroad Conductors and Yardmasters,42900,detailed
53-4040,Subway and Streetcar Operators,11300,broad
53-4041,Subway and Streetcar Operators,11300,detailed
53-4090,Miscellaneous Rail Transportation Workers,3640,broad
53-4099,"Rail Transportation Workers, All Other",3640,detailed
53-5000,Water Transportation Workers,72450,minor
53-5010,Sailors and Marine Oilers,27640,broad
53-5011,Sailors and Marine Oilers,27640,detailed
53-5020,Ship and Boat Captains and Operators,34760,broad
53-5021,"Captains, Mates, and Pilots of Water Vessels",30690,detailed
53-5022,Motorboat Operators,4060,detailed
53-5030,Ship Engineers,10060,broad
53-5031,Ship Engineers,10060,detailed
53-6000,Other Transportation Workers,331570,minor
53-6010,Bridge and Lock Tenders,3280,broad
53-6011,Bridge and Lock Tenders,3280,detailed
53-6020,Parking Lot Attendants,136440,broad
53-6021,Parking Lot Attendants,136440,detailed
53-6030,Automotive and Watercraft Service Attendants,104750,broad
53-6031,Automotive and Watercraft Service Attendants,104750,detailed
53-6040,Traffic Technicians,6490,broad
53-6041,Traffic Technicians,6490,detailed
53-6050,Transportation Inspectors,24350,broad
53-6051,Transportation Inspectors,24350,detailed
53-6060,"Transportation Attendants, Except Flight Attendants",16380,broad
53-6061,"Transportation Attendants, Except Flight Attendants",16380,detailed
53-6090,Miscellaneous Transportation Workers,39890,broad
53-6099,"Transportation Workers, All Other",39890,detailed
53-7000,Material Moving Workers,4364160,minor
53-7010,Conveyor Operators and Tenders,38830,broad
53-7011,Conveyor Operators and Tenders,38830,detailed
53-7020,Crane and Tower Operators,44540,broad
53-7021,Crane and Tower Operators,44540,detailed
53-7030,"Dredge, Excavating, and Loading Machine Operators",53590,broad
53-7031,Dredge Operators,1900,detailed
53-7032,Excavating and Loading Machine and Dragline Operators,47470,detailed
53-7033,"Loading Machine Operators, Underground Mining",4220,detailed
53-7040,Hoist and Winch Operators,2840,broad
53-7041,Hoist and Winch Operators,2840,detailed
53-7050,Industrial Truck and Tractor Operators,521840,broad
53-7051,Industrial Truck and Tractor Operators,521840,detailed
53-7060,"Laborers and Material Movers, Hand",3519730,broad
53-7061,Cleaners of Vehicles and Equipment,321740,detailed
53-7062,"Laborers and Freight, Stock, and Material Movers, Hand",2400490,detailed
53-7063,Machine Feeders and Offbearers,104340,detailed
53-7064,"Packers and Packagers, Hand",693170,detailed
53-7070,Pumping Station Operators,29590,broad
53-7071,Gas Compressor and Gas Pumping Station Operators,4700,detailed
53-7072,"Pump Operators, Except Wellhead Pumpers",12170,detailed
53-7073,Wellhead Pumpers,12720,detailed
53-7080,Refuse and Recyclable Material Collectors,115170,broad
53-7081,Refuse and Recyclable Material Collectors,115170,detailed
53-7110,Mine Shuttle Car Operators,2630,broad
53-7111,Mine Shuttle Car Operators,2630,detailed
53-7120,"Tank Car, Truck, and Ship Loaders",12490,broad
53-7121,"Tank Car, Truck, and Ship Loaders",12490,detailed
53-7190,Miscellaneous Material Moving Workers,22910,broad
53-7199,"Material Moving Workers, All Other",22910,detailed
