occ_code,occ_title,emp_19,occ_group
00-0000,All Occupations,146875480,total
11-0000,Management Occupations,8054120,major
11-1000,Top Executives,2658440,minor
11-1010,Chief Executives,205890,broad
11-1011,Chief Executives,205890,detailed
11-1020,General and Operations Managers,2400280,broad
11-1021,General and Operations Managers,2400280,detailed
11-1030,Legislators,52280,broad
11-1031,Legislators,52280,detailed
11-2000,"Advertising, Marketing, Promotions, Public Relations, and Sales Managers",770540,minor
11-2010,Advertising and Promotions Managers,25100,broad
11-2011,Advertising and Promotions Managers,25100,detailed
11-2020,Marketing and Sales Managers,666280,broad
11-2021,Marketing Managers,263680,detailed
11-2022,Sales Managers,402600,detailed
11-2030,Public Relations and Fundraising Managers,79160,detailed
11-2030,Public Relations and Fundraising Managers,79160,broad
11-3000,Operations Specialties Managers,1996160,minor
11-3010,Administrative Services and Facilities Managers,307280,detailed
11-3010,Administrative Services and Facilities Managers,307280,broad
11-3020,Computer and Information Systems Managers,433960,broad
11-3021,Computer and Information Systems Managers,433960,detailed
11-3030,Financial Managers,654790,broad
11-3031,Financial Managers,654790,detailed
11-3050,Industrial Production Managers,185790,broad
11-3051,Industrial Production Managers,185790,detailed
11-3060,Purchasing Managers,72100,broad
11-3061,Purchasing Managers,72100,detailed
11-3070,"Transportation, Storage, and Distribution Managers",132040,broad
11-3071,"Transportation, Storage, and Distribution Managers",132040,detailed
11-3110,Compensation and Benefits Managers,16900,broad
11-3111,Compensation and Benefits Managers,16900,detailed
11-3120,Human Resources Managers,154800,broad
11-3121,Human Resources Managers,154800,detailed
11-3130,Training and Development Managers,38510,broad
11-3131,Training and Development Managers,38510,detailed
11-9000,Other Management Occupations,2628970,minor
11-9010,"Farmers, Ranchers, and Other Agricultural Managers",5060,broad
11-9013,"Farmers, Ranchers, and Other Agricultural Managers",5060,detailed
11-9020,Construction Managers,293380,broad
11-9021,Construction Managers,293380,detailed
11-9030,Education and Childcare Administrators,512820,broad
11-9031,"Education and Childcare Administrators, Preschool and Daycare",52360,detailed
11-9032,"Education Administrators, Kindergarten through Secondary",271020,detailed
11-9033,"Education Administrators, Postsecondary",144880,detailed
11-9039,"Education Administrators, All Other",44550,detailed
11-9040,Architectural and Engineering Managers,194250,broad
11-9041,Architectural and Engineering Managers,194250,detailed
11-9050,Food Service Managers,235470,broad
11-9051,Food Service Managers,235470,detailed
11-9071,Gambling Managers,4450,detailed
11-9080,Lodging Managers,38340,broad
11-9081,Lodging Managers,38340,detailed
11-9110,Medical and Health Services Managers,394910,broad
11-9111,Medical and Health Services Managers,394910,detailed
11-9120,Natural Sciences Managers,67720,broad
11-9121,Natural Sciences Managers,67720,detailed
11-9130,Postmasters and Mail Superintendents,13850,broad
11-9131,Postmasters and Mail Superintendents,13850,detailed
11-9140,"Property, Real Estate, and Community Association Managers",220750,broad
11-9141,"Property, Real Estate, and Community Association Managers",220750,detailed
11-9150,Social and Community Service Managers,156460,broad
11-9151,Social and Community Service Managers,156460,detailed
11-9160,Emergency Management Directors,10060,broad
11-9161,Emergency Management Directors,10060,detailed
11-9171,Funeral Home Managers,9400,detailed
11-9198,"Personal Service Managers, All Other; Entertainment and Recreation Managers, Except Gambling; and Managers, All Other",472060,detailed
13-0000,Business and Financial Operations Occupations,8183750,major
13-1000,Business Operations Specialists,5427140,minor
13-1010,"Agents and Business Managers of Artists, Performers, and Athletes",17060,broad
13-1011,"Agents and Business Managers of Artists, Performers, and Athletes",17060,detailed
13-1020,Buyers and Purchasing Agents,421280,detailed
13-1020,Buyers and Purchasing Agents,421280,broad
13-1030,"Claims Adjusters, Appraisers, Examiners, and Investigators",301710,broad
13-1031,"Claims Adjusters, Examiners, and Investigators",287960,detailed
13-1032,"Insurance Appraisers, Auto Damage",13750,detailed
13-1040,Compliance Officers,317600,broad
13-1041,Compliance Officers,317600,detailed
13-1050,Cost Estimators,210000,broad
13-1051,Cost Estimators,210000,detailed
13-1070,Human Resources Workers,708780,broad
13-1071,Human Resources Specialists,633040,detailed
13-1074,Farm Labor Contractors,160,detailed
13-1075,Labor Relations Specialists,75580,detailed
13-1081,Logisticians,182050,detailed
13-1110,Management Analysts,709750,broad
13-1111,Management Analysts,709750,detailed
13-1120,"Meeting, Convention, and Event Planners",117610,broad
13-1121,"Meeting, Convention, and Event Planners",117610,detailed
13-1130,Fundraisers,81660,broad
13-1131,Fundraisers,81660,detailed
13-1140,"Compensation, Benefits, and Job Analysis Specialists",89300,broad
13-1141,"Compensation, Benefits, and Job Analysis Specialists",89300,detailed
13-1150,Training and Development Specialists,312450,broad
13-1151,Training and Development Specialists,312450,detailed
13-1160,Market Research Analysts and Marketing Specialists,678500,broad
13-1161,Market Research Analysts and Marketing Specialists,678500,detailed
13-1198,"Project Management Specialists and Business Operations Specialists, All Other",1279390,detailed
13-2000,Financial Specialists,2756610,minor
13-2010,Accountants and Auditors,1280700,broad
13-2011,Accountants and Auditors,1280700,detailed
13-2020,Property Appraisers and Assessors,56320,detailed
13-2020,Property Appraisers and Assessors,56320,broad
13-2030,Budget Analysts,51460,broad
13-2031,Budget Analysts,51460,detailed
13-2040,Credit Analysts,73930,broad
13-2041,Credit Analysts,73930,detailed
13-2052,Personal Financial Advisors,210190,detailed
13-2053,Insurance Underwriters,100050,detailed
13-2060,Financial Examiners,64550,broad
13-2061,Financial Examiners,64550,detailed
13-2070,Credit Counselors and Loan Officers,340480,broad
13-2071,Credit Counselors,32110,detailed
13-2072,Loan Officers,308370,detailed
13-2080,"Tax Examiners, Collectors and Preparers, and Revenue Agents",120430,broad
13-2081,"Tax Examiners and Collectors, and Revenue Agents",53760,detailed
13-2082,Tax Preparers,66670,detailed
13-2098,"Financial and Investment Analysts, Financial Risk Specialists, and Financial Specialists, All Other",458510,detailed
15-0000,Computer and Mathematical Occupations,4552880,major
15-1200,Computer Occupations,4358410,minor
15-1210,Computer and Information Analysts,714640,broad
15-1211,Computer Systems Analysts,589060,detailed
15-1212,Information Security Analysts,125570,detailed
15-1220,Computer and Information Research Scientists,30780,broad
15-1221,Computer and Information Research Scientists,30780,detailed
15-1230,Computer Support Specialists,832750,broad
15-1231,Computer Network Support Specialists,185430,detailed
15-1232,Computer User Support Specialists,647330,detailed
15-1240,Database and Network Administrators and Architects,632330,broad
15-1241,Computer Network Architects,152420,detailed
15-1244,Network and Computer Systems Administrators,354450,detailed
15-1245,Database Administrators and Architects,125460,detailed
15-1250,"Software and Web Developers, Programmers, and Testers",1754750,broad
15-1251,Computer Programmers,199540,detailed
15-1256,Software Developers and Software Quality Assurance Analysts and Testers,1406870,detailed
15-1257,Web Developers and Digital Interface Designers,148340,detailed
15-1290,Miscellaneous Computer Occupations,393160,broad
15-1299,"Computer Occupations, All Other",393160,detailed
15-2000,Mathematical Science Occupations,194460,minor
15-2010,Actuaries,22260,broad
15-2011,Actuaries,22260,detailed
15-2020,Mathematicians,2630,broad
15-2021,Mathematicians,2630,detailed
15-2030,Operations Research Analysts,99680,broad
15-2031,Operations Research Analysts,99680,detailed
15-2040,Statisticians,39090,broad
15-2041,Statisticians,39090,detailed
15-2098,"Data Scientists and Mathematical Science Occupations, All Other",30810,detailed
17-0000,Architecture and Engineering Occupations,2592680,major
17-1000,"Architects, Surveyors, and Cartographers",182650,minor
17-1010,"Architects, Except Naval",126130,broad
17-1011,"Architects, Except Landscape and Naval",105850,detailed
17-1012,Landscape Architects,20280,detailed
17-1020,"Surveyors, Cartographers, and Photogrammetrists",56520,broad
17-1021,Cartographers and Photogrammetrists,11300,detailed
17-1022,Surveyors,45220,detailed
17-2000,Engineers,1730720,minor
17-2010,Aerospace Engineers,63200,broad
17-2011,Aerospace Engineers,63200,detailed
17-2020,Agricultural Engineers,1550,broad
17-2021,Agricultural Engineers,1550,detailed
17-2030,Bioengineers and Biomedical Engineers,19780,broad
17-2031,Bioengineers and Biomedical Engineers,19780,detailed
17-2040,Chemical Engineers,30120,broad
17-2041,Chemical Engineers,30120,detailed
17-2050,Civil Engineers,310850,broad
17-2051,Civil Engineers,310850,detailed
17-2060,Computer Hardware Engineers,67880,broad
17-2061,Computer Hardware Engineers,67880,detailed
17-2070,Electrical and Electronics Engineers,314360,broad
17-2071,Electrical Engineers,185570,detailed
17-2072,"Electronics Engineers, Except Computer",128800,detailed
17-2080,Environmental Engineers,53150,broad
17-2081,Environmental Engineers,53150,detailed
17-2110,"Industrial Engineers, Including Health and Safety",317560,broad
17-2111,"Health and Safety Engineers, Except Mining Safety Engineers and Inspectors",25860,detailed
17-2112,Industrial Engineers,291710,detailed
17-2120,Marine Engineers and Naval Architects,11360,broad
17-2121,Marine Engineers and Naval Architects,11360,detailed
17-2130,Materials Engineers,26820,broad
17-2131,Materials Engineers,26820,detailed
17-2140,Mechanical Engineers,306990,broad
17-2141,Mechanical Engineers,306990,detailed
17-2150,"Mining and Geological Engineers, Including Mining Safety Engineers",6280,broad
17-2151,"Mining and Geological Engineers, Including Mining Safety Engineers",6280,detailed
17-2160,Nuclear Engineers,15850,broad
17-2161,Nuclear Engineers,15850,detailed
17-2170,Petroleum Engineers,32620,broad
17-2171,Petroleum Engineers,32620,detailed
17-2190,Miscellaneous Engineers,152340,broad
17-2199,"Engineers, All Other",152340,detailed
17-3000,"Drafters, Engineering Technicians, and Mapping Technicians",679310,minor
17-3010,Drafters,192760,broad
17-3011,Architectural and Civil Drafters,98800,detailed
17-3012,Electrical and Electronics Drafters,24140,detailed
17-3013,Mechanical Drafters,55210,detailed
17-3019,"Drafters, All Other",14600,detailed
17-3020,"Engineering Technologists and Technicians, Except Drafters",433520,broad
17-3021,Aerospace Engineering and Operations Technologists and Technicians,11540,detailed
17-3022,Civil Engineering Technologists and Technicians,68870,detailed
17-3023,Electrical and Electronic Engineering Technologists and Technicians,122550,detailed
17-3024,Electro-Mechanical and Mechatronics Technologists and Technicians,14290,detailed
17-3025,Environmental Engineering Technologists and Technicians,18010,detailed
17-3026,Industrial Engineering Technologists and Technicians,67110,detailed
17-3027,Mechanical Engineering Technologists and Technicians,42820,detailed
17-3030,Surveying and Mapping Technicians,53030,broad
17-3031,Surveying and Mapping Technicians,53030,detailed
17-3098,"Calibration Technologists and Technicians and Engineering Technologists and Technicians, Except Drafters, All Other",88330,detailed
19-0000,"Life, Physical, and Social Science Occupations",1288920,major
19-1000,Life Scientists,311910,minor
19-1010,Agricultural and Food Scientists,30300,broad
19-1011,Animal Scientists,2690,detailed
19-1012,Food Scientists and Technologists,13460,detailed
19-1013,Soil and Plant Scientists,14150,detailed
19-1020,Biological Scientists,108980,broad
19-1021,Biochemists and Biophysicists,31360,detailed
19-1022,Microbiologists,18270,detailed
19-1023,Zoologists and Wildlife Biologists,19250,detailed
19-1029,"Biological Scientists, All Other",40100,detailed
19-1030,Conservation Scientists and Foresters,31580,broad
19-1031,Conservation Scientists,22070,detailed
19-1032,Foresters,9510,detailed
19-1040,Medical Scientists,134600,broad
19-1041,Epidemiologists,7410,detailed
19-1042,"Medical Scientists, Except Epidemiologists",127180,detailed
19-1090,Miscellaneous Life Scientists,6450,broad
19-1099,"Life Scientists, All Other",6450,detailed
19-2000,Physical Scientists,255790,minor
19-2010,Astronomers and Physicists,18800,broad
19-2011,Astronomers,2070,detailed
19-2012,Physicists,16730,detailed
19-2020,Atmospheric and Space Scientists,9290,broad
19-2021,Atmospheric and Space Scientists,9290,detailed
19-2030,Chemists and Materials Scientists,90240,broad
19-2031,Chemists,83530,detailed
19-2032,Materials Scientists,6710,detailed
19-2040,Environmental Scientists and Geoscientists,119920,broad
19-2041,"Environmental Scientists and Specialists, Including Health",84290,detailed
19-2042,"Geoscientists, Except Hydrologists and Geographers",29200,detailed
19-2043,Hydrologists,6440,detailed
19-2090,Miscellaneous Physical Scientists,17550,broad
19-2099,"Physical Scientists, All Other",17550,detailed
19-3000,Social Scientists and Related Workers,249120,minor
19-3010,Economists,19000,broad
19-3011,Economists,19000,detailed
19-3020,Survey Researchers,9930,broad
19-3022,Survey Researchers,9930,detailed
19-3030,Psychologists,128130,broad
19-3031,"Clinical, Counseling, and School Psychologists",113270,detailed
19-3032,Industrial-Organizational Psychologists,630,detailed
19-3039,"Psychologists, All Other",14220,detailed
19-3040,Sociologists,2630,broad
19-3041,Sociologists,2630,detailed
19-3050,Urban and Regional Planners,38560,broad
19-3051,Urban and Regional Planners,38560,detailed
19-3090,Miscellaneous Social Scientists and Related Workers,50870,broad
19-3091,Anthropologists and Archeologists,6720,detailed
19-3092,Geographers,1400,detailed
19-3093,Historians,3040,detailed
19-3094,Political Scientists,6010,detailed
19-3099,"Social Scientists and Related Workers, All Other",33690,detailed
19-4000,"Life, Physical, and Social Science Technicians",358740,minor
19-4010,Agricultural and Food Science Technicians,21870,detailed
19-4010,Agricultural and Food Science Technicians,21870,broad
19-4020,Biological Technicians,79530,broad
19-4021,Biological Technicians,79530,detailed
19-4030,Chemical Technicians,65760,broad
19-4031,Chemical Technicians,65760,detailed
19-4040,Environmental Science and Geoscience Technicians,49730,broad
19-4042,"Environmental Science and Protection Technicians, Including Health",32620,detailed
19-4045,Geological and Hydrologic Technicians,17110,detailed
19-4050,Nuclear Technicians,6420,broad
19-4051,Nuclear Technicians,6420,detailed
19-4060,Social Science Research Assistants,35580,broad
19-4061,Social Science Research Assistants,35580,detailed
19-4070,Forest and Conservation Technicians,19060,broad
19-4071,Forest and Conservation Technicians,19060,detailed
19-4090,"Miscellaneous Life, Physical, and Social Science Technicians",80780,broad
19-4092,Forensic Science Technicians,16520,detailed
19-4099,"Life, Physical, and Social Science Technicians, All Other",64260,detailed
19-5000,Occupational Health and Safety Specialists and Technicians,113360,minor
19-5010,Occupational Health and Safety Specialists and Technicians,113360,broad
19-5011,Occupational Health and Safety Specialists,92780,detailed
19-5012,Occupational Health and Safety Technicians,20580,detailed
21-0000,Community and Social Service Occupations,2244310,major
21-1000,"Counselors, Social Workers, and Other Community and Social Service Specialists",2159870,minor
21-1010,Counselors,773500,broad
21-1012,"Educational, Guidance, and Career Counselors and Advisors",296460,detailed
21-1013,Marriage and Family Therapists,59050,detailed
21-1015,Rehabilitation Counselors,109040,detailed
21-1018,"Substance Abuse, Behavioral Disorder, and Mental Health Counselors",283540,detailed
21-1019,"Counselors, All Other",25420,detailed
21-1020,Social Workers,678780,broad
21-1021,"Child, Family, and School Social Workers",327710,detailed
21-1022,Healthcare Social Workers,174890,detailed
21-1023,Mental Health and Substance Abuse Social Workers,117770,detailed
21-1029,"Social Workers, All Other",58410,detailed
21-1090,Miscellaneous Community and Social Service Specialists,707590,broad
21-1091,Health Education Specialists,58590,detailed
21-1092,Probation Officers and Correctional Treatment Specialists,88120,detailed
21-1093,Social and Human Service Assistants,404450,detailed
21-1094,Community Health Workers,58950,detailed
21-1099,"Community and Social Service Specialists, All Other",97480,detailed
21-2000,Religious Workers,84440,minor
21-2010,Clergy,53180,broad
21-2011,Clergy,53180,detailed
21-2020,"Directors, Religious Activities and Education",21820,broad
21-2021,"Directors, Religious Activities and Education",21820,detailed
21-2090,Miscellaneous Religious Workers,9450,broad
21-2099,"Religious Workers, All Other",9450,detailed
23-0000,Legal Occupations,1150780,major
23-1000,"Lawyers, Judges, and Related Workers",722940,minor
23-1010,Lawyers and Judicial Law Clerks,673800,broad
23-1011,Lawyers,657170,detailed
23-1012,Judicial Law Clerks,16630,detailed
23-1020,"Judges, Magistrates, and Other Judicial Workers",49140,broad
23-1021,"Administrative Law Judges, Adjudicators, and Hearing Officers",14380,detailed
23-1022,"Arbitrators, Mediators, and Conciliators",6090,detailed
23-1023,"Judges, Magistrate Judges, and Magistrates",28670,detailed
23-2000,Legal Support Workers,427840,minor
23-2010,Paralegals and Legal Assistants,329870,broad
23-2011,Paralegals and Legal Assistants,329870,detailed
23-2090,Miscellaneous Legal Support Workers,97970,broad
23-2093,"Title Examiners, Abstractors, and Searchers",52890,detailed
23-2099,"Legal Support Workers, All Other",45080,detailed
25-0000,Educational Instruction and Library Occupations,8886600,major
25-1000,Postsecondary Teachers,1407110,minor
25-1010,"Business Teachers, Postsecondary",83920,broad
25-1011,"Business Teachers, Postsecondary",83920,detailed
25-1020,"Math and Computer Science Teachers, Postsecondary",82940,broad
25-1021,"Computer Science Teachers, Postsecondary",31800,detailed
25-1022,"Mathematical Science Teachers, Postsecondary",51150,detailed
25-1030,"Engineering and Architecture Teachers, Postsecondary",42860,broad
25-1031,"Architecture Teachers, Postsecondary",6780,detailed
25-1032,"Engineering Teachers, Postsecondary",36080,detailed
25-1040,"Life Sciences Teachers, Postsecondary",64330,broad
25-1041,"Agricultural Sciences Teachers, Postsecondary",9470,detailed
25-1042,"Biological Science Teachers, Postsecondary",53090,detailed
25-1043,"Forestry and Conservation Science Teachers, Postsecondary",1770,detailed
25-1050,"Physical Sciences Teachers, Postsecondary",52240,broad
25-1051,"Atmospheric, Earth, Marine, and Space Sciences Teachers, Postsecondary",11020,detailed
25-1052,"Chemistry Teachers, Postsecondary",21380,detailed
25-1053,"Environmental Science Teachers, Postsecondary",6060,detailed
25-1054,"Physics Teachers, Postsecondary",13780,detailed
25-1060,"Social Sciences Teachers, Postsecondary",117590,broad
25-1061,"Anthropology and Archeology Teachers, Postsecondary",5850,detailed
25-1062,"Area, Ethnic, and Cultural Studies Teachers, Postsecondary",10600,detailed
25-1063,"Economics Teachers, Postsecondary",13270,detailed
25-1064,"Geography Teachers, Postsecondary",3970,detailed
25-1065,"Political Science Teachers, Postsecondary",15750,detailed
25-1066,"Psychology Teachers, Postsecondary",37480,detailed
25-1067,"Sociology Teachers, Postsecondary",13850,detailed
25-1069,"Social Sciences Teachers, Postsecondary, All Other",16830,detailed
25-1070,"Health Teachers, Postsecondary",261590,broad
25-1071,"Health Specialties Teachers, Postsecondary",201920,detailed
25-1072,"Nursing Instructors and Teachers, Postsecondary",59680,detailed
25-1080,"Education and Library Science Teachers, Postsecondary",65690,broad
25-1081,"Education Teachers, Postsecondary",61300,detailed
25-1082,"Library Science Teachers, Postsecondary",4390,detailed
25-1110,"Law, Criminal Justice, and Social Work Teachers, Postsecondary",43890,broad
25-1111,"Criminal Justice and Law Enforcement Teachers, Postsecondary",14070,detailed
25-1112,"Law Teachers, Postsecondary",16180,detailed
25-1113,"Social Work Teachers, Postsecondary",13640,detailed
25-1120,"Arts, Communications, History, and Humanities Teachers, Postsecondary",260500,broad
25-1121,"Art, Drama, and Music Teachers, Postsecondary",94060,detailed
25-1122,"Communications Teachers, Postsecondary",29120,detailed
25-1123,"English Language and Literature Teachers, Postsecondary",67930,detailed
25-1124,"Foreign Language and Literature Teachers, Postsecondary",24860,detailed
25-1125,"History Teachers, Postsecondary",21030,detailed
25-1126,"Philosophy and Religion Teachers, Postsecondary",23490,detailed
25-1190,Miscellaneous Postsecondary Teachers,331560,broad
25-1192,"Family and Consumer Sciences Teachers, Postsecondary",2150,detailed
25-1193,"Recreation and Fitness Studies Teachers, Postsecondary",15880,detailed
25-1194,"Career/Technical Education Teachers, Postsecondary",112210,detailed
25-1199,"Postsecondary Teachers, All Other",201320,detailed
25-2000,"Preschool, Elementary, Middle, Secondary, and Special Education Teachers",4211470,minor
25-2010,Preschool and Kindergarten Teachers,555650,broad
25-2011,"Preschool Teachers, Except Special Education",431350,detailed
25-2012,"Kindergarten Teachers, Except Special Education",124290,detailed
25-2020,Elementary and Middle School Teachers,2064680,broad
25-2021,"Elementary School Teachers, Except Special Education",1430480,detailed
25-2022,"Middle School Teachers, Except Special and Career/Technical Education",622330,detailed
25-2023,"Career/Technical Education Teachers, Middle School",11860,detailed
25-2030,Secondary School Teachers,1110370,broad
25-2031,"Secondary School Teachers, Except Special and Career/Technical Education",1035850,detailed
25-2032,"Career/Technical Education Teachers, Secondary School",74520,detailed
25-2050,Special Education Teachers,480780,broad
25-2051,"Special Education Teachers, Preschool",22340,detailed
25-2052,"Special Education Teachers, Kindergarten and Elementary School",193830,detailed
25-2057,"Special Education Teachers, Middle School",85840,detailed
25-2058,"Special Education Teachers, Secondary School",143170,detailed
25-2059,"Special Education Teachers, All Other",35600,detailed
25-3000,Other Teachers and Instructors,1212090,minor
25-3010,"Adult Basic Education, Adult Secondary Education, and English as a Second Language Instructors",51950,broad
25-3011,"Adult Basic Education, Adult Secondary Education, and English as a Second Language Instructors",51950,detailed
25-3020,Self-Enrichment Teachers,252780,broad
25-3021,Self-Enrichment Teachers,252780,detailed
25-3030,"Substitute Teachers, Short-Term",587120,broad
25-3031,"Substitute Teachers, Short-Term",587120,detailed
25-3097,"Tutors and Teachers and Instructors, All Other",320250,detailed
25-4000,"Librarians, Curators, and Archivists",257060,minor
25-4010,"Archivists, Curators, and Museum Technicians",32640,broad
25-4011,Archivists,6560,detailed
25-4012,Curators,12890,detailed
25-4013,Museum Technicians and Conservators,13190,detailed
25-4020,Librarians and Media Collections Specialists,135690,broad
25-4022,Librarians and Media Collections Specialists,135690,detailed
25-4030,Library Technicians,88720,broad
25-4031,Library Technicians,88720,detailed
25-9000,Other Educational Instruction and Library Occupations,1798860,minor
25-9020,Farm and Home Management Educators,8720,broad
25-9021,Farm and Home Management Educators,8720,detailed
25-9030,Instructional Coordinators,176690,broad
25-9031,Instructional Coordinators,176690,detailed
25-9040,Teaching Assistants,1484410,broad
25-9044,"Teaching Assistants, Postsecondary",137500,detailed
25-9045,"Teaching Assistants, Except Postsecondary",1346910,detailed
25-9090,Miscellaneous Educational Instruction and Library Workers,129040,broad
25-9099,"Educational Instruction and Library Workers, All Other",129040,detailed
27-0000,"Arts, Design, Entertainment, Sports, and Media Occupations",2017810,major
27-1000,Art and Design Workers,633420,minor
27-1010,Artists and Related Workers,96760,broad
27-1011,Art Directors,42890,detailed
27-1012,Craft Artists,4640,detailed
27-1013,"Fine Artists, Including Painters, Sculptors, and Illustrators",12350,detailed
27-1014,Special Effects Artists and Animators,29340,detailed
27-1019,"Artists and Related Workers, All Other",7550,detailed
27-1020,Designers,536660,broad
27-1021,Commercial and Industrial Designers,32770,detailed
27-1022,Fashion Designers,22030,detailed
27-1023,Floral Designers,41770,detailed
27-1024,Graphic Designers,215930,detailed
27-1025,Interior Designers,60650,detailed
27-1026,Merchandise Displayers and Window Trimmers,140850,detailed
27-1027,Set and Exhibit Designers,12040,detailed
27-1029,"Designers, All Other",10610,detailed
27-2000,"Entertainers and Performers, Sports and Related Workers",536540,minor
27-2010,"Actors, Producers, and Directors",181830,broad
27-2011,Actors,52620,detailed
27-2012,Producers and Directors,129210,detailed
27-2020,"Athletes, Coaches, Umpires, and Related Workers",272840,broad
27-2021,Athletes and Sports Competitors,11330,detailed
27-2022,Coaches and Scouts,241390,detailed
27-2023,"Umpires, Referees, and Other Sports Officials",20120,detailed
27-2030,Dancers and Choreographers,14320,broad
27-2031,Dancers,9690,detailed
27-2032,Choreographers,4630,detailed
27-2040,"Musicians, Singers, and Related Workers",51710,broad
27-2041,Music Directors and Composers,10580,detailed
27-2042,Musicians and Singers,41130,detailed
27-2090,"Miscellaneous Entertainers and Performers, Sports and Related Workers",15840,detailed
27-2090,"Miscellaneous Entertainers and Performers, Sports and Related Workers",15840,broad
27-3000,Media and Communication Workers,609210,minor
27-3010,Broadcast Announcers and Radio Disc Jockeys,29230,broad
27-3011,Broadcast Announcers and Radio Disc Jockeys,29230,detailed
27-3020,"News Analysts, Reporters and Journalists",44100,broad
27-3023,"News Analysts, Reporters, and Journalists",44100,detailed
27-3030,Public Relations Specialists,244730,broad
27-3031,Public Relations Specialists,244730,detailed
27-3040,Writers and Editors,192580,broad
27-3041,Editors,95970,detailed
27-3042,Technical Writers,50760,detailed
27-3043,Writers and Authors,45860,detailed
27-3090,Miscellaneous Media and Communication Workers,98560,broad
27-3091,Interpreters and Translators,58870,detailed
27-3092,Court Reporters and Simultaneous Captioners,14530,detailed
27-3099,"Media and Communication Workers, All Other",25160,detailed
27-4000,Media and Communication Equipment Workers,238630,minor
27-4011,Audio and Video Technicians,73960,detailed
27-4012,Broadcast Technicians,28650,detailed
27-4014,Sound Engineering Technicians,12890,detailed
27-4020,Photographers,50620,broad
27-4021,Photographers,50620,detailed
27-4030,"Television, Video, and Film Camera Operators and Editors",49070,broad
27-4031,"Camera Operators, Television, Video, and Film",21500,detailed
27-4032,Film and Video Editors,27570,detailed
27-4098,"Lighting Technicians and Media and Communication Equipment Workers, All Other",23440,detailed
29-0000,Healthcare Practitioners and Technical Occupations,8673140,major
29-1000,Healthcare Diagnosing or Treating Practitioners,5685500,minor
29-1010,Chiropractors,35010,broad
29-1011,Chiropractors,35010,detailed
29-1020,Dentists,127200,broad
29-1021,"Dentists, General",110730,detailed
29-1022,Oral and Maxillofacial Surgeons,4650,detailed
29-1023,Orthodontists,5990,detailed
29-1024,Prosthodontists,490,detailed
29-1029,"Dentists, All Other Specialists",5330,detailed
29-1030,Dietitians and Nutritionists,67670,broad
29-1031,Dietitians and Nutritionists,67670,detailed
29-1040,Optometrists,39420,broad
29-1041,Optometrists,39420,detailed
29-1050,Pharmacists,311200,broad
29-1051,Pharmacists,311200,detailed
29-1070,Physician Assistants,120090,broad
29-1071,Physician Assistants,120090,detailed
29-1080,Podiatrists,9770,broad
29-1081,Podiatrists,9770,detailed
29-1120,Therapists,709730,broad
29-1122,Occupational Therapists,133570,detailed
29-1123,Physical Therapists,233350,detailed
29-1124,Radiation Therapists,17860,detailed
29-1125,Recreational Therapists,19070,detailed
29-1126,Respiratory Therapists,132090,detailed
29-1127,Speech-Language Pathologists,154360,detailed
29-1128,Exercise Physiologists,7280,detailed
29-1129,"Therapists, All Other",12170,detailed
29-1130,Veterinarians,74540,broad
29-1131,Veterinarians,74540,detailed
29-1140,Registered Nurses,2982280,broad
29-1141,Registered Nurses,2982280,detailed
29-1150,Nurse Anesthetists,43570,broad
29-1151,Nurse Anesthetists,43570,detailed
29-1160,Nurse Midwives,6930,broad
29-1161,Nurse Midwives,6930,detailed
29-1170,Nurse Practitioners,200600,broad
29-1171,Nurse Practitioners,200600,detailed
29-1180,Audiologists,13590,broad
29-1181,Audiologists,13590,detailed
29-1211,Anesthesiologists,31010,detailed
29-1215,Family Medicine Physicians,109370,detailed
29-1216,General Internal Medicine Physicians,44610,detailed
29-1218,Obstetricians and Gynecologists,18620,detailed
29-1221,"Pediatricians, General",29740,detailed
29-1223,Psychiatrists,25530,detailed
29-1228,"Physicians, All Other; and Ophthalmologists, Except Pediatric",390680,detailed
29-1248,"Surgeons, Except Ophthalmologists",36270,detailed
29-1290,Miscellaneous Healthcare Diagnosing or Treating Practitioners,258060,broad
29-1292,Dental Hygienists,221560,detailed
29-1298,"Acupuncturists and Healthcare Diagnosing or Treating Practitioners, All Other",36500,detailed
29-2000,Health Technologists and Technicians,2902300,minor
29-2010,Clinical Laboratory Technologists and Technicians,326020,detailed
29-2010,Clinical Laboratory Technologists and Technicians,326020,broad
29-2031,Cardiovascular Technologists and Technicians,56110,detailed
29-2032,Diagnostic Medical Sonographers,72790,detailed
29-2033,Nuclear Medicine Technologists,18110,detailed
29-2034,Radiologic Technologists and Technicians,207360,detailed
29-2035,Magnetic Resonance Imaging Technologists,37900,detailed
29-2040,Emergency Medical Technicians and Paramedics,260600,detailed
29-2040,Emergency Medical Technicians and Paramedics,260600,broad
29-2050,Health Practitioner Support Technologists and Technicians,803740,broad
29-2051,Dietetic Technicians,29230,detailed
29-2052,Pharmacy Technicians,417780,detailed
29-2053,Psychiatric Technicians,78470,detailed
29-2055,Surgical Technologists,109000,detailed
29-2056,Veterinary Technologists and Technicians,110650,detailed
29-2057,Ophthalmic Medical Technicians,58600,detailed
29-2060,Licensed Practical and Licensed Vocational Nurses,697510,broad
29-2061,Licensed Practical and Licensed Vocational Nurses,697510,detailed
29-2080,"Opticians, Dispensing",72330,broad
29-2081,"Opticians, Dispensing",72330,detailed
29-2091,Orthotists and Prosthetists,9830,detailed
29-2092,Hearing Aid Specialists,8210,detailed
29-2098,"Medical Dosimetrists, Medical Records Specialists, and Health Technologists and Technicians, All Other",331790,detailed
29-9000,Other Healthcare Practitioners and Technical Occupations,85340,minor
29-9091,Athletic Trainers,28600,detailed
29-9092,Genetic Counselors,2390,detailed
29-9098,"Health Information Technologists, Medical Registrars, Surgical Assistants, and Healthcare Practitioners and Technical Workers, All Other",54350,detailed
31-0000,Healthcare Support Occupations,6521790,major
31-1100,"Home Health and Personal Care Aides; and Nursing Assistants, Orderlies, and Psychiatric Aides",4683430,minor
31-1120,Home Health and Personal Care Aides,3161500,detailed
31-1120,Home Health and Personal Care Aides,3161500,broad
31-1130,"Nursing Assistants, Orderlies, and Psychiatric Aides",1521930,broad
31-1131,Nursing Assistants,1419920,detailed
31-1132,Orderlies,46990,detailed
31-1133,Psychiatric Aides,55020,detailed
31-2000,Occupational Therapy and Physical Therapist Assistants and Aides,198660,minor
31-2010,Occupational Therapy Assistants and Aides,52550,broad
31-2011,Occupational Therapy Assistants,44990,detailed
31-2012,Occupational Therapy Aides,7560,detailed
31-2020,Physical Therapist Assistants and Aides,146110,broad
31-2021,Physical Therapist Assistants,96840,detailed
31-2022,Physical Therapist Aides,49270,detailed
31-9000,Other Healthcare Support Occupations,1639700,minor
31-9010,Massage Therapists,107240,broad
31-9011,Massage Therapists,107240,detailed
31-9090,Miscellaneous Healthcare Support Occupations,1532460,broad
31-9091,Dental Assistants,351470,detailed
31-9092,Medical Assistants,712430,detailed
31-9093,Medical Equipment Preparers,56900,detailed
31-9094,Medical Transcriptionists,55780,detailed
31-9095,Pharmacy Aides,37280,detailed
31-9096,Veterinary Assistants and Laboratory Animal Caretakers,97030,detailed
31-9097,Phlebotomists,128290,detailed
31-9099,"Healthcare Support Workers, All Other",93270,detailed
33-0000,Protective Service Occupations,3498800,major
33-1000,Supervisors of Protective Service Workers,319960,minor
33-1010,First-Line Supervisors of Law Enforcement Workers,167780,broad
33-1011,First-Line Supervisors of Correctional Officers,46430,detailed
33-1012,First-Line Supervisors of Police and Detectives,121340,detailed
33-1020,First-Line Supervisors of Firefighting and Prevention Workers,69590,broad
33-1021,First-Line Supervisors of Firefighting and Prevention Workers,69590,detailed
33-1090,"Miscellaneous First-Line Supervisors, Protective Service Workers",82590,detailed
33-1090,"Miscellaneous First-Line Supervisors, Protective Service Workers",82590,broad
33-2000,Firefighting and Prevention Workers,340490,minor
33-2010,Firefighters,324620,broad
33-2011,Firefighters,324620,detailed
33-2020,Fire Inspectors,15870,broad
33-2021,Fire Inspectors and Investigators,13710,detailed
33-2022,Forest Fire Inspectors and Prevention Specialists,2160,detailed
33-3000,Law Enforcement Workers,1232740,minor
33-3010,"Bailiffs, Correctional Officers, and Jailers",442700,broad
33-3011,Bailiffs,19650,detailed
33-3012,Correctional Officers and Jailers,423050,detailed
33-3020,Detectives and Criminal Investigators,105620,broad
33-3021,Detectives and Criminal Investigators,105620,detailed
33-3030,Fish and Game Wardens,6800,broad
33-3031,Fish and Game Wardens,6800,detailed
33-3040,Parking Enforcement Workers,7650,broad
33-3041,Parking Enforcement Workers,7650,detailed
33-3050,Police Officers,669970,broad
33-3051,Police and Sheriff's Patrol Officers,665280,detailed
33-3052,Transit and Railroad Police,4690,detailed
33-9000,Other Protective Service Workers,1605610,minor
33-9010,Animal Control Workers,11980,broad
33-9011,Animal Control Workers,11980,detailed
33-9020,Private Detectives and Investigators,35000,broad
33-9021,Private Detectives and Investigators,35000,detailed
33-9030,Security Guards and Gambling Surveillance Officers,1136650,broad
33-9031,Gambling Surveillance Officers and Gambling Investigators,10280,detailed
33-9032,Security Guards,1126370,detailed
33-9090,Miscellaneous Protective Service Workers,421980,broad
33-9091,Crossing Guards and Flaggers,84920,detailed
33-9092,"Lifeguards, Ski Patrol, and Other Recreational Protective Service Workers",143940,detailed
33-9093,Transportation Security Screeners,46730,detailed
33-9098,"School Bus Monitors and Protective Service Workers, All Other",146390,detailed
35-0000,Food Preparation and Serving Related Occupations,13494590,major
35-1000,Supervisors of Food Preparation and Serving Workers,1139290,minor
35-1010,Supervisors of Food Preparation and Serving Workers,1139290,broad
35-1011,Chefs and Head Cooks,128190,detailed
35-1012,First-Line Supervisors of Food Preparation and Serving Workers,1011100,detailed
35-2000,Cooks and Food Preparation Workers,3367740,minor
35-2010,Cooks,2504000,broad
35-2011,"Cooks, Fast Food",527220,detailed
35-2012,"Cooks, Institution and Cafeteria",402480,detailed
35-2013,"Cooks, Private Household",390,detailed
35-2014,"Cooks, Restaurant",1401890,detailed
35-2015,"Cooks, Short Order",152670,detailed
35-2019,"Cooks, All Other",19340,detailed
35-2020,Food Preparation Workers,863740,broad
35-2021,Food Preparation Workers,863740,detailed
35-3000,Food and Beverage Serving Workers,7500280,minor
35-3010,Bartenders,646850,broad
35-3011,Bartenders,646850,detailed
35-3020,Fast Food and Counter Workers,3996820,broad
35-3023,Fast Food and Counter Workers,3996820,detailed
35-3030,Waiters and Waitresses,2579020,broad
35-3031,Waiters and Waitresses,2579020,detailed
35-3040,"Food Servers, Nonrestaurant",277580,broad
35-3041,"Food Servers, Nonrestaurant",277580,detailed
35-9000,Other Food Preparation and Serving Related Workers,1487290,minor
35-9010,Dining Room and Cafeteria Attendants and Bartender Helpers,477270,broad
35-9011,Dining Room and Cafeteria Attendants and Bartender Helpers,477270,detailed
35-9020,Dishwashers,514330,broad
35-9021,Dishwashers,514330,detailed
35-9030,"Hosts and Hostesses, Restaurant, Lounge, and Coffee Shop",423380,broad
35-9031,"Hosts and Hostesses, Restaurant, Lounge, and Coffee Shop",423380,detailed
35-9090,Miscellaneous Food Preparation and Serving Related Workers,72300,broad
35-9099,"Food Preparation and Serving Related Workers, All Other",72300,detailed
37-0000,Building and Grounds Cleaning and Maintenance Occupations,4429100,major
37-1000,Supervisors of Building and Grounds Cleaning and Maintenance Workers,259140,minor
37-1010,First-Line Supervisors of Building and Grounds Cleaning and Maintenance Workers,259140,broad
37-1011,First-Line Supervisors of Housekeeping and Janitorial Workers,155550,detailed
37-1012,"First-Line Supervisors of Landscaping, Lawn Service, and Groundskeeping Workers",103580,detailed
37-2000,Building Cleaning and Pest Control Workers,3170010,minor
37-2010,Building Cleaning Workers,3090570,broad
37-2011,"Janitors and Cleaners, Except Maids and Housekeeping Cleaners",2145450,detailed
37-2012,Maids and Housekeeping Cleaners,926960,detailed
37-2019,"Building Cleaning Workers, All Other",18150,detailed
37-2020,Pest Control Workers,79450,broad
37-2021,Pest Control Workers,79450,detailed
37-3000,Grounds Maintenance Workers,999960,minor
37-3010,Grounds Maintenance Workers,999960,broad
37-3011,Landscaping and Groundskeeping Workers,912660,detailed
37-3012,"Pesticide Handlers, Sprayers, and Applicators, Vegetation",25780,detailed
37-3013,Tree Trimmers and Pruners,47210,detailed
37-3019,"Grounds Maintenance Workers, All Other",14310,detailed
39-0000,Personal Care and Service Occupations,3303200,major
39-1000,Supervisors of Personal Care and Service Workers,247100,minor
39-1013,First-Line Supervisors of Gambling Services Workers,29420,detailed
39-1098,"First-Line Supervisors of Personal Service and Entertainment and Recreation Workers, Except Gambling Services",217680,detailed
39-2000,Animal Care and Service Workers,228980,minor
39-2010,Animal Trainers,16530,broad
39-2011,Animal Trainers,16530,detailed
39-2020,Animal Caretakers,212450,broad
39-2021,Animal Caretakers,212450,detailed
39-3000,Entertainment Attendants and Related Workers,628090,minor
39-3010,Gambling Services Workers,119330,broad
39-3011,Gambling Dealers,98890,detailed
39-3012,Gambling and Sports Book Writers and Runners,9970,detailed
39-3019,"Gambling Service Workers, All Other",10470,detailed
39-3020,Motion Picture Projectionists,4540,broad
39-3021,Motion Picture Projectionists,4540,detailed
39-3030,"Ushers, Lobby Attendants, and Ticket Takers",138160,broad
39-3031,"Ushers, Lobby Attendants, and Ticket Takers",138160,detailed
39-3090,Miscellaneous Entertainment Attendants and Related Workers,366050,broad
39-3091,Amusement and Recreation Attendants,338110,detailed
39-3092,Costume Attendants,7460,detailed
39-3093,"Locker Room, Coatroom, and Dressing Room Attendants",15990,detailed
39-3099,"Entertainment Attendants and Related Workers, All Other",4500,detailed
39-4011,Embalmers,3890,detailed
39-4020,Funeral Attendants,34370,broad
39-4021,Funeral Attendants,34370,detailed
39-4030,"Morticians, Undertakers, and Funeral Arrangers",25440,broad
39-4031,"Morticians, Undertakers, and Funeral Arrangers",25440,detailed
39-5000,Personal Appearance Workers,589960,minor
39-5010,"Barbers, Hairdressers, Hairstylists and Cosmetologists",405990,broad
39-5011,Barbers,20030,detailed
39-5012,"Hairdressers, Hairstylists, and Cosmetologists",385960,detailed
39-5090,Miscellaneous Personal Appearance Workers,183970,broad
39-5091,"Makeup Artists, Theatrical and Performance",3400,detailed
39-5092,Manicurists and Pedicurists,111780,detailed
39-5093,Shampooers,12120,detailed
39-5094,Skincare Specialists,56660,detailed
39-6000,"Baggage Porters, Bellhops, and Concierges",81460,minor
39-6010,"Baggage Porters, Bellhops, and Concierges",81460,broad
39-6011,Baggage Porters and Bellhops,39790,detailed
39-6012,Concierges,41670,detailed
39-7000,Tour and Travel Guides,48710,minor
39-7010,Tour and Travel Guides,48710,detailed
39-7010,Tour and Travel Guides,48710,broad
39-9010,Childcare Workers,561520,broad
39-9011,Childcare Workers,561520,detailed
39-9030,Recreation and Fitness Workers,684240,broad
39-9031,Exercise Trainers and Group Fitness Instructors,325500,detailed
39-9032,Recreation Workers,358750,detailed
39-9040,Residential Advisors,107930,broad
39-9041,Residential Advisors,107930,detailed
39-9098,"Crematory Operators and Personal Care and Service Workers, All Other",61510,detailed
41-0000,Sales and Related Occupations,14371410,major
41-1000,Supervisors of Sales Workers,1420990,minor
41-1010,First-Line Supervisors of Sales Workers,1420990,broad
41-1011,First-Line Supervisors of Retail Sales Workers,1171900,detailed
41-1012,First-Line Supervisors of Non-Retail Sales Workers,249090,detailed
41-2000,Retail Sales Workers,8603590,minor
41-2010,Cashiers,3617910,broad
41-2011,Cashiers,3596630,detailed
41-2012,Gambling Change Persons and Booth Cashiers,21290,detailed
41-2020,Counter and Rental Clerks and Parts Salespersons,667730,broad
41-2021,Counter and Rental Clerks,411560,detailed
41-2022,Parts Salespersons,256170,detailed
41-2030,Retail Salespersons,4317950,broad
41-2031,Retail Salespersons,4317950,detailed
41-3000,"Sales Representatives, Services",2084000,minor
41-3010,Advertising Sales Agents,129740,broad
41-3011,Advertising Sales Agents,129740,detailed
41-3020,Insurance Sales Agents,410050,broad
41-3021,Insurance Sales Agents,410050,detailed
41-3030,"Securities, Commodities, and Financial Services Sales Agents",437880,broad
41-3031,"Securities, Commodities, and Financial Services Sales Agents",437880,detailed
41-3040,Travel Agents,66670,broad
41-3041,Travel Agents,66670,detailed
41-3090,"Miscellaneous Sales Representatives, Services",1039670,broad
41-3091,"Sales Representatives of Services, Except Advertising, Insurance, Financial Services, and Travel",1039670,detailed
41-4000,"Sales Representatives, Wholesale and Manufacturing",1651500,minor
41-4010,"Sales Representatives, Wholesale and Manufacturing",1651500,broad
41-4011,"Sales Representatives, Wholesale and Manufacturing, Technical and Scientific Products",306980,detailed
41-4012,"Sales Representatives, Wholesale and Manufacturing, Except Technical and Scientific Products",1344530,detailed
41-9000,Other Sales and Related Workers,611330,minor
41-9010,"Models, Demonstrators, and Product Promoters",80080,broad
41-9011,Demonstrators and Product Promoters,77760,detailed
41-9012,Models,2320,detailed
41-9020,Real Estate Brokers and Sales Agents,205060,broad
41-9021,Real Estate Brokers,42730,detailed
41-9022,Real Estate Sales Agents,162330,detailed
41-9030,Sales Engineers,63550,broad
41-9031,Sales Engineers,63550,detailed
41-9040,Telemarketers,134800,broad
41-9041,Telemarketers,134800,detailed
41-9090,Miscellaneous Sales and Related Workers,127850,broad
41-9091,"Door-to-Door Sales Workers, News and Street Vendors, and Related Workers",8930,detailed
41-9099,"Sales and Related Workers, All Other",118910,detailed
43-0000,Office and Administrative Support Occupations,19528250,major
43-1000,Supervisors of Office and Administrative Support Workers,1487870,minor
43-1010,First-Line Supervisors of Office and Administrative Support Workers,1487870,broad
43-1011,First-Line Supervisors of Office and Administrative Support Workers,1487870,detailed
43-2000,Communications Equipment Operators,76030,minor
43-2010,"Switchboard Operators, Including Answering Service",68050,broad
43-2011,"Switchboard Operators, Including Answering Service",68050,detailed
43-2020,Telephone Operators,4740,broad
43-2021,Telephone Operators,4740,detailed
43-2090,Miscellaneous Communications Equipment Operators,3240,broad
43-2099,"Communications Equipment Operators, All Other",3240,detailed
43-3000,Financial Clerks,2910660,minor
43-3010,Bill and Account Collectors,235870,broad
43-3011,Bill and Account Collectors,235870,detailed
43-3020,Billing and Posting Clerks,466450,broad
43-3021,Billing and Posting Clerks,466450,detailed
43-3030,"Bookkeeping, Accounting, and Auditing Clerks",1512660,broad
43-3031,"Bookkeeping, Accounting, and Auditing Clerks",1512660,detailed
43-3040,Gambling Cage Workers,14330,broad
43-3041,Gambling Cage Workers,14330,detailed
43-3050,Payroll and Timekeeping Clerks,142700,broad
43-3051,Payroll and Timekeeping Clerks,142700,detailed
43-3060,Procurement Clerks,66030,broad
43-3061,Procurement Clerks,66030,detailed
43-3070,Tellers,442120,broad
43-3071,Tellers,442120,detailed
43-3090,Miscellaneous Financial Clerks,30500,broad
43-3099,"Financial Clerks, All Other",30500,detailed
43-4000,Information and Record Clerks,5780040,minor
43-4010,Brokerage Clerks,47990,broad
43-4011,Brokerage Clerks,47990,detailed
43-4020,Correspondence Clerks,6250,broad
43-4021,Correspondence Clerks,6250,detailed
43-4030,"Court, Municipal, and License Clerks",154020,broad
43-4031,"Court, Municipal, and License Clerks",154020,detailed
43-4040,"Credit Authorizers, Checkers, and Clerks",26700,broad
43-4041,"Credit Authorizers, Checkers, and Clerks",26700,detailed
43-4050,Customer Service Representatives,2919230,broad
43-4051,Customer Service Representatives,2919230,detailed
43-4060,"Eligibility Interviewers, Government Programs",139780,broad
43-4061,"Eligibility Interviewers, Government Programs",139780,detailed
43-4070,File Clerks,102300,broad
43-4071,File Clerks,102300,detailed
43-4080,"Hotel, Motel, and Resort Desk Clerks",267940,broad
43-4081,"Hotel, Motel, and Resort Desk Clerks",267940,detailed
43-4110,"Interviewers, Except Eligibility and Loan",188570,broad
43-4111,"Interviewers, Except Eligibility and Loan",188570,detailed
43-4120,"Library Assistants, Clerical",85910,broad
43-4121,"Library Assistants, Clerical",85910,detailed
43-4130,Loan Interviewers and Clerks,208530,broad
43-4131,Loan Interviewers and Clerks,208530,detailed
43-4140,New Accounts Clerks,43420,broad
43-4141,New Accounts Clerks,43420,detailed
43-4150,Order Clerks,137180,broad
43-4151,Order Clerks,137180,detailed
43-4160,"Human Resources Assistants, Except Payroll and Timekeeping",117340,broad
43-4161,"Human Resources Assistants, Except Payroll and Timekeeping",117340,detailed
43-4170,Receptionists and Information Clerks,1057370,broad
43-4171,Receptionists and Information Clerks,1057370,detailed
43-4180,Reservation and Transportation Ticket Agents and Travel Clerks,123660,broad
43-4181,Reservation and Transportation Ticket Agents and Travel Clerks,123660,detailed
43-4190,Miscellaneous Information and Record Clerks,153850,broad
43-4199,"Information and Record Clerks, All Other",153850,detailed
43-5000,"Material Recording, Scheduling, Dispatching, and Distributing Workers",2155080,minor
43-5010,Cargo and Freight Agents,95810,broad
43-5011,Cargo and Freight Agents,95810,detailed
43-5020,Couriers and Messengers,74720,broad
43-5021,Couriers and Messengers,74720,detailed
43-5030,Dispatchers,294680,broad
43-5031,Public Safety Telecommunicators,95320,detailed
43-5032,"Dispatchers, Except Police, Fire, and Ambulance",199360,detailed
43-5040,"Meter Readers, Utilities",30450,broad
43-5041,"Meter Readers, Utilities",30450,detailed
43-5050,Postal Service Workers,523220,broad
43-5051,Postal Service Clerks,81170,detailed
43-5052,Postal Service Mail Carriers,339650,detailed
43-5053,"Postal Service Mail Sorters, Processors, and Processing Machine Operators",102390,detailed
43-5060,"Production, Planning, and Expediting Clerks",370380,broad
43-5061,"Production, Planning, and Expediting Clerks",370380,detailed
43-5070,"Shipping, Receiving, and Inventory Clerks",704910,broad
43-5071,"Shipping, Receiving, and Inventory Clerks",704910,detailed
43-5110,"Weighers, Measurers, Checkers, and Samplers, Recordkeeping",60920,broad
43-5111,"Weighers, Measurers, Checkers, and Samplers, Recordkeeping",60920,detailed
43-6000,Secretaries and Administrative Assistants,3353950,minor
43-6010,Secretaries and Administrative Assistants,3353950,broad
43-6011,Executive Secretaries and Executive Administrative Assistants,542690,detailed
43-6012,Legal Secretaries and Administrative Assistants,168140,detailed
43-6013,Medical Secretaries and Administrative Assistants,604780,detailed
43-6014,"Secretaries and Administrative Assistants, Except Legal, Medical, and Executive",2038340,detailed
43-9000,Other Office and Administrative Support Workers,3764620,minor
43-9020,Data Entry and Information Processing Workers,207390,broad
43-9021,Data Entry Keyers,159930,detailed
43-9022,Word Processors and Typists,47460,detailed
43-9030,Desktop Publishers,8740,broad
43-9031,Desktop Publishers,8740,detailed
43-9040,Insurance Claims and Policy Processing Clerks,257000,broad
43-9041,Insurance Claims and Policy Processing Clerks,257000,detailed
43-9050,"Mail Clerks and Mail Machine Operators, Except Postal Service",83580,broad
43-9051,"Mail Clerks and Mail Machine Operators, Except Postal Service",83580,detailed
43-9060,"Office Clerks, General",2956060,broad
43-9061,"Office Clerks, General",2956060,detailed
43-9070,"Office Machine Operators, Except Computer",45960,broad
43-9071,"Office Machine Operators, Except Computer",45960,detailed
43-9080,Proofreaders and Copy Markers,7730,broad
43-9081,Proofreaders and Copy Markers,7730,detailed
43-9110,Statistical Assistants,9810,broad
43-9111,Statistical Assistants,9810,detailed
43-9190,Miscellaneous Office and Administrative Support Workers,188360,broad
43-9199,"Office and Administrative Support Workers, All Other",188360,detailed
45-0000,"Farming, Fishing, and Forestry Occupations",484750,major
45-1000,"Supervisors of Farming, Fishing, and Forestry Workers",22560,minor
45-1010,"First-Line Supervisors of Farming, Fishing, and Forestry Workers",22560,broad
45-1011,"First-Line Supervisors of Farming, Fishing, and Forestry Workers",22560,detailed
45-2000,Agricultural Workers,415390,minor
45-2010,Agricultural Inspectors,13760,broad
45-2011,Agricultural Inspectors,13760,detailed
45-2020,Animal Breeders,1610,broad
45-2021,Animal Breeders,1610,detailed
45-2040,"Graders and Sorters, Agricultural Products",34340,broad
45-2041,"Graders and Sorters, Agricultural Products",34340,detailed
45-2090,Miscellaneous Agricultural Workers,365680,broad
45-2091,Agricultural Equipment Operators,26990,detailed
45-2092,"Farmworkers and Laborers, Crop, Nursery, and Greenhouse",295520,detailed
45-2093,"Farmworkers, Farm, Ranch, and Aquacultural Animals",36630,detailed
45-2099,"Agricultural Workers, All Other",6540,detailed
45-4000,"Forest, Conservation, and Logging Workers",44720,minor
45-4010,Forest and Conservation Workers,6760,broad
45-4011,Forest and Conservation Workers,6760,detailed
45-4020,Logging Workers,37960,broad
45-4021,Fallers,4890,detailed
45-4022,Logging Equipment Operators,26030,detailed
45-4023,Log Graders and Scalers,3300,detailed
45-4029,"Logging Workers, All Other",3750,detailed
47-0000,Construction and Extraction Occupations,6194140,major
47-1000,Supervisors of Construction and Extraction Workers,626180,minor
47-1010,First-Line Supervisors of Construction Trades and Extraction Workers,626180,broad
47-1011,First-Line Supervisors of Construction Trades and Extraction Workers,626180,detailed
47-2000,Construction Trades Workers,4617440,minor
47-2010,Boilermakers,15820,broad
47-2011,Boilermakers,15820,detailed
47-2020,"Brickmasons, Blockmasons, and Stonemasons",73040,broad
47-2021,Brickmasons and Blockmasons,60650,detailed
47-2022,Stonemasons,12390,detailed
47-2030,Carpenters,734170,broad
47-2031,Carpenters,734170,detailed
47-2040,"Carpet, Floor, and Tile Installers and Finishers",87700,broad
47-2041,Carpet Installers,26010,detailed
47-2042,"Floor Layers, Except Carpet, Wood, and Hard Tiles",16290,detailed
47-2043,Floor Sanders and Finishers,4940,detailed
47-2044,Tile and Stone Setters,40470,detailed
47-2050,"Cement Masons, Concrete Finishers, and Terrazzo Workers",199090,broad
47-2051,Cement Masons and Concrete Finishers,196120,detailed
47-2053,Terrazzo Workers and Finishers,2970,detailed
47-2060,Construction Laborers,1020350,broad
47-2061,Construction Laborers,1020350,detailed
47-2070,Construction Equipment Operators,455050,broad
47-2071,"Paving, Surfacing, and Tamping Equipment Operators",45770,detailed
47-2072,Pile Driver Operators,3540,detailed
47-2073,Operating Engineers and Other Construction Equipment Operators,405750,detailed
47-2080,"Drywall Installers, Ceiling Tile Installers, and Tapers",120820,broad
47-2081,Drywall and Ceiling Tile Installers,102850,detailed
47-2082,Tapers,17970,detailed
47-2110,Electricians,688620,broad
47-2111,Electricians,688620,detailed
47-2120,Glaziers,52400,broad
47-2121,Glaziers,52400,detailed
47-2130,Insulation Workers,60220,broad
47-2131,"Insulation Workers, Floor, Ceiling, and Wall",33550,detailed
47-2132,"Insulation Workers, Mechanical",26670,detailed
47-2140,Painters and Paperhangers,236140,broad
47-2141,"Painters, Construction and Maintenance",232760,detailed
47-2142,Paperhangers,3380,detailed
47-2150,"Pipelayers, Plumbers, Pipefitters, and Steamfitters",479140,broad
47-2151,Pipelayers,36270,detailed
47-2152,"Plumbers, Pipefitters, and Steamfitters",442870,detailed
47-2160,Plasterers and Stucco Masons,27360,broad
47-2161,Plasterers and Stucco Masons,27360,detailed
47-2170,Reinforcing Iron and Rebar Workers,18870,broad
47-2171,Reinforcing Iron and Rebar Workers,18870,detailed
47-2180,Roofers,129690,broad
47-2181,Roofers,129690,detailed
47-2210,Sheet Metal Workers,131300,broad
47-2211,Sheet Metal Workers,131300,detailed
47-2220,Structural Iron and Steel Workers,76570,broad
47-2221,Structural Iron and Steel Workers,76570,detailed
47-2230,Solar Photovoltaic Installers,11080,broad
47-2231,Solar Photovoltaic Installers,11080,detailed
47-3000,"Helpers, Construction Trades",242400,minor
47-3010,"Helpers, Construction Trades",242400,broad
47-3011,"Helpers--Brickmasons, Blockmasons, Stonemasons, and Tile and Marble Setters",23480,detailed
47-3012,Helpers--Carpenters,32920,detailed
47-3013,Helpers--Electricians,79260,detailed
47-3014,"Helpers--Painters, Paperhangers, Plasterers, and Stucco Masons",10850,detailed
47-3015,"Helpers--Pipelayers, Plumbers, Pipefitters, and Steamfitters",58400,detailed
47-3016,Helpers--Roofers,8960,detailed
47-3019,"Helpers, Construction Trades, All Other",28530,detailed
47-4000,Other Construction and Related Workers,437730,minor
47-4010,Construction and Building Inspectors,110420,broad
47-4011,Construction and Building Inspectors,110420,detailed
47-4020,Elevator and Escalator Installers and Repairers,28350,broad
47-4021,Elevator and Escalator Installers and Repairers,28350,detailed
47-4030,Fence Erectors,25900,broad
47-4031,Fence Erectors,25900,detailed
47-4040,Hazardous Materials Removal Workers,44240,broad
47-4041,Hazardous Materials Removal Workers,44240,detailed
47-4050,Highway Maintenance Workers,150860,broad
47-4051,Highway Maintenance Workers,150860,detailed
47-4060,Rail-Track Laying and Maintenance Equipment Operators,16180,broad
47-4061,Rail-Track Laying and Maintenance Equipment Operators,16180,detailed
47-4070,Septic Tank Servicers and Sewer Pipe Cleaners,29750,broad
47-4071,Septic Tank Servicers and Sewer Pipe Cleaners,29750,detailed
47-4090,Miscellaneous Construction and Related Workers,32040,detailed
47-4090,Miscellaneous Construction and Related Workers,32040,broad
47-5000,Extraction Workers,270390,minor
47-5010,"Derrick, Rotary Drill, and Service Unit Operators, Oil and Gas",84880,broad
47-5011,"Derrick Operators, Oil and Gas",12110,detailed
47-5012,"Rotary Drill Operators, Oil and Gas",21010,detailed
47-5013,"Service Unit Operators, Oil and Gas",51760,detailed
47-5022,"Excavating and Loading Machine and Dragline Operators, Surface Mining",44090,detailed
47-5041,Continuous Mining Machine Operators,14630,detailed
47-5043,"Roof Bolters, Mining",3140,detailed
47-5044,"Loading and Moving Machine Operators, Underground Mining",4200,detailed
47-5050,"Rock Splitters, Quarry",5080,broad
47-5051,"Rock Splitters, Quarry",5080,detailed
47-5070,"Roustabouts, Oil and Gas",58930,broad
47-5071,"Roustabouts, Oil and Gas",58930,detailed
47-5080,Helpers--Extraction Workers,16700,broad
47-5081,Helpers--Extraction Workers,16700,detailed
47-5097,"Earth Drillers, Except Oil and Gas; and Explosives Workers, Ordnance Handling Experts, and Blasters",24940,detailed
47-5098,"Underground Mining Machine Operators and Extraction Workers, All Other",13790,detailed
49-0000,"Installation, Maintenance, and Repair Occupations",5713450,major
49-1000,"Supervisors of Installation, Maintenance, and Repair Workers",485700,minor
49-1010,"First-Line Supervisors of Mechanics, Installers, and Repairers",485700,broad
49-1011,"First-Line Supervisors of Mechanics, Installers, and Repairers",485700,detailed
49-2000,"Electrical and Electronic Equipment Mechanics, Installers, and Repairers",557620,minor
49-2010,"Computer, Automated Teller, and Office Machine Repairers",98260,broad
49-2011,"Computer, Automated Teller, and Office Machine Repairers",98260,detailed
49-2020,Radio and Telecommunications Equipment Installers and Repairers,222850,broad
49-2021,"Radio, Cellular, and Tower Equipment Installers and Repairers",14370,detailed
49-2022,"Telecommunications Equipment Installers and Repairers, Except Line Installers",208480,detailed
49-2090,"Miscellaneous Electrical and Electronic Equipment Mechanics, Installers, and Repairers",236500,broad
49-2091,Avionics Technicians,21750,detailed
49-2092,"Electric Motor, Power Tool, and Related Repairers",15890,detailed
49-2093,"Electrical and Electronics Installers and Repairers, Transportation Equipment",9790,detailed
49-2094,"Electrical and Electronics Repairers, Commercial and Industrial Equipment",58930,detailed
49-2095,"Electrical and Electronics Repairers, Powerhouse, Substation, and Relay",22650,detailed
49-2096,"Electronic Equipment Installers and Repairers, Motor Vehicles",10310,detailed
49-2097,Audiovisual Equipment Installers and Repairers,25590,detailed
49-2098,Security and Fire Alarm Systems Installers,71600,detailed
49-3000,"Vehicle and Mobile Equipment Mechanics, Installers, and Repairers",1638920,minor
49-3010,Aircraft Mechanics and Service Technicians,133310,broad
49-3011,Aircraft Mechanics and Service Technicians,133310,detailed
49-3020,Automotive Technicians and Repairers,818920,broad
49-3021,Automotive Body and Related Repairers,144180,detailed
49-3022,Automotive Glass Installers and Repairers,19410,detailed
49-3023,Automotive Service Technicians and Mechanics,655330,detailed
49-3030,Bus and Truck Mechanics and Diesel Engine Specialists,266330,broad
49-3031,Bus and Truck Mechanics and Diesel Engine Specialists,266330,detailed
49-3040,Heavy Vehicle and Mobile Equipment Service Technicians and Mechanics,210020,broad
49-3041,Farm Equipment Mechanics and Service Technicians,36290,detailed
49-3042,"Mobile Heavy Equipment Mechanics, Except Engines",147800,detailed
49-3043,Rail Car Repairers,25930,detailed
49-3050,Small Engine Mechanics,70690,broad
49-3051,Motorboat Mechanics and Service Technicians,22940,detailed
49-3052,Motorcycle Mechanics,15590,detailed
49-3053,Outdoor Power Equipment and Other Small Engine Mechanics,32160,detailed
49-3090,"Miscellaneous Vehicle and Mobile Equipment Mechanics, Installers, and Repairers",139640,broad
49-3091,Bicycle Repairers,13190,detailed
49-3092,Recreational Vehicle Service Technicians,15580,detailed
49-3093,Tire Repairers and Changers,110880,detailed
49-9000,"Other Installation, Maintenance, and Repair Occupations",3031220,minor
49-9010,Control and Valve Installers and Repairers,75320,broad
49-9011,Mechanical Door Repairers,23050,detailed
49-9012,"Control and Valve Installers and Repairers, Except Mechanical Door",52270,detailed
49-9020,"Heating, Air Conditioning, and Refrigeration Mechanics and Installers",342040,broad
49-9021,"Heating, Air Conditioning, and Refrigeration Mechanics and Installers",342040,detailed
49-9030,Home Appliance Repairers,31100,broad
49-9031,Home Appliance Repairers,31100,detailed
49-9040,"Industrial Machinery Installation, Repair, and Maintenance Workers",508660,broad
49-9041,Industrial Machinery Mechanics,387630,detailed
49-9043,"Maintenance Workers, Machinery",72890,detailed
49-9044,Millwrights,47320,detailed
49-9045,"Refractory Materials Repairers, Except Brickmasons",820,detailed
49-9050,Line Installers and Repairers,232560,broad
49-9051,Electrical Power-Line Installers and Repairers,111660,detailed
49-9052,Telecommunications Line Installers and Repairers,120900,detailed
49-9060,Precision Instrument and Equipment Repairers,71360,broad
49-9061,Camera and Photographic Equipment Repairers,3620,detailed
49-9062,Medical Equipment Repairers,46370,detailed
49-9063,Musical Instrument Repairers and Tuners,8020,detailed
49-9064,Watch and Clock Repairers,2780,detailed
49-9069,"Precision Instrument and Equipment Repairers, All Other",10570,detailed
49-9070,"Maintenance and Repair Workers, General",1418990,broad
49-9071,"Maintenance and Repair Workers, General",1418990,detailed
49-9080,Wind Turbine Service Technicians,5960,broad
49-9081,Wind Turbine Service Technicians,5960,detailed
49-9090,"Miscellaneous Installation, Maintenance, and Repair Workers",345230,broad
49-9091,"Coin, Vending, and Amusement Machine Servicers and Repairers",31370,detailed
49-9092,Commercial Divers,3420,detailed
49-9094,Locksmiths and Safe Repairers,17010,detailed
49-9095,Manufactured Building and Mobile Home Installers,2810,detailed
49-9096,Riggers,23000,detailed
49-9097,Signal and Track Switch Repairers,6860,detailed
49-9098,"Helpers--Installation, Maintenance, and Repair Workers",99460,detailed
49-9099,"Installation, Maintenance, and Repair Workers, All Other",161290,detailed
51-0000,Production Occupations,9158980,major
51-1000,Supervisors of Production Workers,631100,minor
51-1010,First-Line Supervisors of Production and Operating Workers,631100,broad
51-1011,First-Line Supervisors of Production and Operating Workers,631100,detailed
51-2000,Assemblers and Fabricators,1856870,minor
51-2010,"Aircraft Structure, Surfaces, Rigging, and Systems Assemblers",42940,broad
51-2011,"Aircraft Structure, Surfaces, Rigging, and Systems Assemblers",42940,detailed
51-2020,"Electrical, Electronics, and Electromechanical Assemblers",297880,broad
51-2021,"Coil Winders, Tapers, and Finishers",12690,detailed
51-2028,"Electrical, Electronic, and Electromechanical Assemblers, Except Coil Winders, Tapers, and Finishers",285190,detailed
51-2030,Engine and Other Machine Assemblers,45980,broad
51-2031,Engine and Other Machine Assemblers,45980,detailed
51-2040,Structural Metal Fabricators and Fitters,76890,broad
51-2041,Structural Metal Fabricators and Fitters,76890,detailed
51-2050,Fiberglass Laminators and Fabricators,20010,broad
51-2051,Fiberglass Laminators and Fabricators,20010,detailed
51-2060,Timing Device Assemblers and Adjusters,1260,broad
51-2061,Timing Device Assemblers and Adjusters,1260,detailed
51-2090,Miscellaneous Assemblers and Fabricators,1371920,detailed
51-2090,Miscellaneous Assemblers and Fabricators,1371920,broad
51-3000,Food Processing Workers,802290,minor
51-3010,Bakers,184990,broad
51-3011,Bakers,184990,detailed
51-3020,"Butchers and Other Meat, Poultry, and Fish Processing Workers",364150,broad
51-3021,Butchers and Meat Cutters,136770,detailed
51-3022,"Meat, Poultry, and Fish Cutters and Trimmers",153990,detailed
51-3023,Slaughterers and Meat Packers,73390,detailed
51-3090,Miscellaneous Food Processing Workers,253140,broad
51-3091,"Food and Tobacco Roasting, Baking, and Drying Machine Operators and Tenders",20830,detailed
51-3092,Food Batchmakers,159390,detailed
51-3093,Food Cooking Machine Operators and Tenders,30030,detailed
51-3099,"Food Processing Workers, All Other",42890,detailed
51-4000,Metal Workers and Plastic Workers,1825170,minor
51-4020,"Forming Machine Setters, Operators, and Tenders, Metal and Plastic",125730,broad
51-4021,"Extruding and Drawing Machine Setters, Operators, and Tenders, Metal and Plastic",76940,detailed
51-4022,"Forging Machine Setters, Operators, and Tenders, Metal and Plastic",16320,detailed
51-4023,"Rolling Machine Setters, Operators, and Tenders, Metal and Plastic",32470,detailed
51-4030,"Machine Tool Cutting Setters, Operators, and Tenders, Metal and Plastic",329530,broad
51-4031,"Cutting, Punching, and Press Machine Setters, Operators, and Tenders, Metal and Plastic",195040,detailed
51-4032,"Drilling and Boring Machine Tool Setters, Operators, and Tenders, Metal and Plastic",10870,detailed
51-4033,"Grinding, Lapping, Polishing, and Buffing Machine Tool Setters, Operators, and Tenders, Metal and Plastic",76810,detailed
51-4034,"Lathe and Turning Machine Tool Setters, Operators, and Tenders, Metal and Plastic",28070,detailed
51-4035,"Milling and Planing Machine Setters, Operators, and Tenders, Metal and Plastic",18730,detailed
51-4040,Machinists,383470,broad
51-4041,Machinists,383470,detailed
51-4050,"Metal Furnace Operators, Tenders, Pourers, and Casters",25160,broad
51-4051,Metal-Refining Furnace Operators and Tenders,17150,detailed
51-4052,"Pourers and Casters, Metal",8010,detailed
51-4060,"Model Makers and Patternmakers, Metal and Plastic",7310,broad
51-4061,"Model Makers, Metal and Plastic",4300,detailed
51-4062,"Patternmakers, Metal and Plastic",3010,detailed
51-4070,"Molders and Molding Machine Setters, Operators, and Tenders, Metal and Plastic",190110,broad
51-4071,Foundry Mold and Coremakers,17590,detailed
51-4072,"Molding, Coremaking, and Casting Machine Setters, Operators, and Tenders, Metal and Plastic",172520,detailed
51-4080,"Multiple Machine Tool Setters, Operators, and Tenders, Metal and Plastic",146950,broad
51-4081,"Multiple Machine Tool Setters, Operators, and Tenders, Metal and Plastic",146950,detailed
51-4110,Tool and Die Makers,70770,broad
51-4111,Tool and Die Makers,70770,detailed
51-4120,"Welding, Soldering, and Brazing Workers",445850,broad
51-4121,"Welders, Cutters, Solderers, and Brazers",410750,detailed
51-4122,"Welding, Soldering, and Brazing Machine Setters, Operators, and Tenders",35110,detailed
51-4190,Miscellaneous Metal Workers and Plastic Workers,100300,broad
51-4191,"Heat Treating Equipment Setters, Operators, and Tenders, Metal and Plastic",19560,detailed
51-4192,"Layout Workers, Metal and Plastic",8150,detailed
51-4193,"Plating Machine Setters, Operators, and Tenders, Metal and Plastic",41810,detailed
51-4194,"Tool Grinders, Filers, and Sharpeners",6440,detailed
51-4199,"Metal Workers and Plastic Workers, All Other",24340,detailed
51-5100,Printing Workers,249300,minor
51-5110,Printing Workers,249300,broad
51-5111,Prepress Technicians and Workers,30270,detailed
51-5112,Printing Press Operators,173430,detailed
51-5113,Print Binding and Finishing Workers,45600,detailed
51-6000,"Textile, Apparel, and Furnishings Workers",569260,minor
51-6010,Laundry and Dry-Cleaning Workers,209330,broad
51-6011,Laundry and Dry-Cleaning Workers,209330,detailed
51-6020,"Pressers, Textile, Garment, and Related Materials",38070,broad
51-6021,"Pressers, Textile, Garment, and Related Materials",38070,detailed
51-6030,Sewing Machine Operators,133410,broad
51-6031,Sewing Machine Operators,133410,detailed
51-6040,Shoe and Leather Workers,13780,broad
51-6041,Shoe and Leather Workers and Repairers,8760,detailed
51-6042,Shoe Machine Operators and Tenders,5020,detailed
51-6050,"Tailors, Dressmakers, and Sewers",28880,broad
51-6051,"Sewers, Hand",4770,detailed
51-6052,"Tailors, Dressmakers, and Custom Sewers",24110,detailed
51-6060,"Textile Machine Setters, Operators, and Tenders",74220,broad
51-6061,Textile Bleaching and Dyeing Machine Operators and Tenders,8690,detailed
51-6062,"Textile Cutting Machine Setters, Operators, and Tenders",13210,detailed
51-6063,"Textile Knitting and Weaving Machine Setters, Operators, and Tenders",21130,detailed
51-6064,"Textile Winding, Twisting, and Drawing Out Machine Setters, Operators, and Tenders",31190,detailed
51-6090,"Miscellaneous Textile, Apparel, and Furnishings Workers",71570,broad
51-6091,"Extruding and Forming Machine Setters, Operators, and Tenders, Synthetic and Glass Fibers",18230,detailed
51-6092,Fabric and Apparel Patternmakers,5870,detailed
51-6093,Upholsterers,29420,detailed
51-6099,"Textile, Apparel, and Furnishings Workers, All Other",18060,detailed
51-7000,Woodworkers,253080,minor
51-7010,Cabinetmakers and Bench Carpenters,99400,broad
51-7011,Cabinetmakers and Bench Carpenters,99400,detailed
51-7020,Furniture Finishers,16220,broad
51-7021,Furniture Finishers,16220,detailed
51-7030,"Model Makers and Patternmakers, Wood",1190,broad
51-7031,"Model Makers, Wood",810,detailed
51-7032,"Patternmakers, Wood",370,detailed
51-7040,"Woodworking Machine Setters, Operators, and Tenders",129580,broad
51-7041,"Sawing Machine Setters, Operators, and Tenders, Wood",50730,detailed
51-7042,"Woodworking Machine Setters, Operators, and Tenders, Except Sawing",78850,detailed
51-7090,Miscellaneous Woodworkers,6700,broad
51-7099,"Woodworkers, All Other",6700,detailed
51-8000,Plant and System Operators,302270,minor
51-8010,"Power Plant Operators, Distributors, and Dispatchers",49440,broad
51-8011,Nuclear Power Reactor Operators,5050,detailed
51-8012,Power Distributors and Dispatchers,10770,detailed
51-8013,Power Plant Operators,33620,detailed
51-8020,Stationary Engineers and Boiler Operators,32520,broad
51-8021,Stationary Engineers and Boiler Operators,32520,detailed
51-8030,Water and Wastewater Treatment Plant and System Operators,123730,broad
51-8031,Water and Wastewater Treatment Plant and System Operators,123730,detailed
51-8090,Miscellaneous Plant and System Operators,96580,broad
51-8091,Chemical Plant and System Operators,28840,detailed
51-8092,Gas Plant Operators,14410,detailed
51-8093,"Petroleum Pump System Operators, Refinery Operators, and Gaugers",40370,detailed
51-8099,"Plant and System Operators, All Other",12950,detailed
51-9000,Other Production Occupations,2669650,minor
51-9010,"Chemical Processing Machine Setters, Operators, and Tenders",138290,broad
51-9011,Chemical Equipment Operators and Tenders,87120,detailed
51-9012,"Separating, Filtering, Clarifying, Precipitating, and Still Machine Setters, Operators, and Tenders",51160,detailed
51-9020,"Crushing, Grinding, Polishing, Mixing, and Blending Workers",187870,broad
51-9021,"Crushing, Grinding, and Polishing Machine Setters, Operators, and Tenders",33360,detailed
51-9022,"Grinding and Polishing Workers, Hand",29170,detailed
51-9023,"Mixing and Blending Machine Setters, Operators, and Tenders",125340,detailed
51-9030,Cutting Workers,67620,broad
51-9031,"Cutters and Trimmers, Hand",9670,detailed
51-9032,"Cutting and Slicing Machine Setters, Operators, and Tenders",57960,detailed
51-9040,"Extruding, Forming, Pressing, and Compacting Machine Setters, Operators, and Tenders",71850,broad
51-9041,"Extruding, Forming, Pressing, and Compacting Machine Setters, Operators, and Tenders",71850,detailed
51-9050,"Furnace, Kiln, Oven, Drier, and Kettle Operators and Tenders",18970,broad
51-9051,"Furnace, Kiln, Oven, Drier, and Kettle Operators and Tenders",18970,detailed
51-9060,"Inspectors, Testers, Sorters, Samplers, and Weighers",576950,broad
51-9061,"Inspectors, Testers, Sorters, Samplers, and Weighers",576950,detailed
51-9070,Jewelers and Precious Stone and Metal Workers,23590,broad
51-9071,Jewelers and Precious Stone and Metal Workers,23590,detailed
51-9080,Dental and Ophthalmic Laboratory Technicians and Medical Appliance Technicians,77730,broad
51-9081,Dental Laboratory Technicians,34460,detailed
51-9082,Medical Appliance Technicians,14130,detailed
51-9083,Ophthalmic Laboratory Technicians,29150,detailed
51-9110,Packaging and Filling Machine Operators and Tenders,390540,broad
51-9111,Packaging and Filling Machine Operators and Tenders,390540,detailed
51-9120,Painting Workers,158780,broad
51-9123,"Painting, Coating, and Decorating Workers",12430,detailed
51-9124,"Coating, Painting, and Spraying Machine Setters, Operators, and Tenders",146350,detailed
51-9140,Semiconductor Processing Technicians,27680,broad
51-9141,Semiconductor Processing Technicians,27680,detailed
51-9150,Photographic Process Workers and Processing Machine Operators,11940,broad
51-9151,Photographic Process Workers and Processing Machine Operators,11940,detailed
51-9160,Computer Numerically Controlled Tool Operators and Programmers,177270,broad
51-9161,Computer Numerically Controlled Tool Operators,151700,detailed
51-9162,Computer Numerically Controlled Tool Programmers,25570,detailed
51-9190,Miscellaneous Production Workers,740570,broad
51-9191,Adhesive Bonding Machine Operators and Tenders,13890,detailed
51-9192,"Cleaning, Washing, and Metal Pickling Equipment Operators and Tenders",16410,detailed
51-9193,Cooling and Freezing Equipment Operators and Tenders,8740,detailed
51-9194,Etchers and Engravers,10310,detailed
51-9195,"Molders, Shapers, and Casters, Except Metal and Plastic",44890,detailed
51-9196,"Paper Goods Machine Setters, Operators, and Tenders",100290,detailed
51-9197,Tire Builders,20790,detailed
51-9198,Helpers--Production Workers,303030,detailed
51-9199,"Production Workers, All Other",222230,detailed
53-0000,Transportation and Material Moving Occupations,12532030,major
53-1000,Supervisors of Transportation and Material Moving Workers,464890,minor
53-1040,First-Line Supervisors of Transportation and Material Moving Workers,464890,broad
53-1041,Aircraft Cargo Handling Supervisors,9500,detailed
53-1047,"First-Line Supervisors of Transportation and Material Moving Workers, Except Aircraft Cargo Handling Supervisors",455390,detailed
53-2000,Air Transportation Workers,275960,minor
53-2010,Aircraft Pilots and Flight Engineers,122350,broad
53-2011,"Airline Pilots, Copilots, and Flight Engineers",84520,detailed
53-2012,Commercial Pilots,37830,detailed
53-2020,Air Traffic Controllers and Airfield Operations Specialists,32780,broad
53-2021,Air Traffic Controllers,22090,detailed
53-2022,Airfield Operations Specialists,10680,detailed
53-2030,Flight Attendants,120840,broad
53-2031,Flight Attendants,120840,detailed
53-3000,Motor Vehicle Operators,4174700,minor
53-3010,"Ambulance Drivers and Attendants, Except Emergency Medical Technicians",14740,broad
53-3011,"Ambulance Drivers and Attendants, Except Emergency Medical Technicians",14740,detailed
53-3030,Driver/Sales Workers and Truck Drivers,3223840,broad
53-3031,Driver/Sales Workers,444660,detailed
53-3032,Heavy and Tractor-Trailer Truck Drivers,1856130,detailed
53-3033,Light Truck Drivers,923050,detailed
53-3050,Passenger Vehicle Drivers,879540,broad
53-3052,"Bus Drivers, Transit and Intercity",179510,detailed
53-3058,"Passenger Vehicle Drivers, Except Bus Drivers, Transit and Intercity",700030,detailed
53-3090,Miscellaneous Motor Vehicle Operators,56590,broad
53-3099,"Motor Vehicle Operators, All Other",56590,detailed
53-4000,Rail Transportation Workers,111090,minor
53-4010,Locomotive Engineers and Operators,40920,broad
53-4011,Locomotive Engineers,35520,detailed
53-4013,"Rail Yard Engineers, Dinkey Operators, and Hostlers",5400,detailed
53-4020,"Railroad Brake, Signal, and Switch Operators and Locomotive Firers",11080,broad
53-4022,"Railroad Brake, Signal, and Switch Operators and Locomotive Firers",11080,detailed
53-4030,Railroad Conductors and Yardmasters,45710,broad
53-4031,Railroad Conductors and Yardmasters,45710,detailed
53-4040,Subway and Streetcar Operators,10730,broad
53-4041,Subway and Streetcar Operators,10730,detailed
53-4090,Miscellaneous Rail Transportation Workers,2650,broad
53-4099,"Rail Transportation Workers, All Other",2650,detailed
53-5000,Water Transportation Workers,75180,minor
53-5010,Sailors and Marine Oilers,31290,broad
53-5011,Sailors and Marine Oilers,31290,detailed
53-5020,Ship and Boat Captains and Operators,35480,broad
53-5021,"Captains, Mates, and Pilots of Water Vessels",33370,detailed
53-5022,Motorboat Operators,2120,detailed
53-5030,Ship Engineers,8410,broad
53-5031,Ship Engineers,8410,detailed
53-6000,Other Transportation Workers,368840,minor
53-6010,Bridge and Lock Tenders,3150,broad
53-6011,Bridge and Lock Tenders,3150,detailed
53-6020,Parking Attendants,147390,broad
53-6021,Parking Attendants,147390,detailed
53-6031,Automotive and Watercraft Service Attendants,117670,detailed
53-6040,Traffic Technicians,7470,broad
53-6041,Traffic Technicians,7470,detailed
53-6050,Transportation Inspectors,30020,broad
53-6051,Transportation Inspectors,30020,detailed
53-6060,Passenger Attendants,28200,broad
53-6061,Passenger Attendants,28200,detailed
53-6098,"Aircraft Service Attendants and Transportation Workers, All Other",34940,detailed
53-7000,Material Moving Workers,7061370,minor
53-7010,Conveyor Operators and Tenders,24050,broad
53-7011,Conveyor Operators and Tenders,24050,detailed
53-7020,Crane and Tower Operators,45480,broad
53-7021,Crane and Tower Operators,45480,detailed
53-7030,Dredge Operators,1550,broad
53-7031,Dredge Operators,1550,detailed
53-7040,Hoist and Winch Operators,4800,broad
53-7041,Hoist and Winch Operators,4800,detailed
53-7050,Industrial Truck and Tractor Operators,629270,broad
53-7051,Industrial Truck and Tractor Operators,629270,detailed
53-7060,Laborers and Material Movers,6168600,broad
53-7061,Cleaners of Vehicles and Equipment,382670,detailed
53-7062,"Laborers and Freight, Stock, and Material Movers, Hand",2953170,detailed
53-7063,Machine Feeders and Offbearers,63280,detailed
53-7064,"Packers and Packagers, Hand",633640,detailed
53-7065,Stockers and Order Fillers,2135850,detailed
53-7070,Pumping Station Operators,26420,broad
53-7071,Gas Compressor and Gas Pumping Station Operators,3440,detailed
53-7072,"Pump Operators, Except Wellhead Pumpers",10000,detailed
53-7073,Wellhead Pumpers,12970,detailed
53-7080,Refuse and Recyclable Material Collectors,121330,broad
53-7081,Refuse and Recyclable Material Collectors,121330,detailed
53-7120,"Tank Car, Truck, and Ship Loaders",11620,broad
53-7121,"Tank Car, Truck, and Ship Loaders",11620,detailed
53-7190,Miscellaneous Material Moving Workers,28240,broad
53-7199,"Material Moving Workers, All Other",28240,detailed
