occ_code,occ_title,occ_group,emp_02
00-0000,All Occupations,major,127523760
11-0000,Management Occupations,major,7092460
11-1011,Chief Executives,,452400
11-1021,General and Operations Managers,,1998350
11-1031,Legislators,,64650
11-2011,Advertising and Promotions Managers,,81090
11-2021,Marketing Managers,,192080
11-2022,Sales Managers,,328060
11-2031,Public Relations Managers,,62640
11-3011,Administrative Services Managers,,306370
11-3021,Computer and Information Systems Managers,,264790
11-3031,Financial Managers,,563020
11-3040,Human Resources Managers,,193360
11-3051,Industrial Production Managers,,173960
11-3061,Purchasing Managers,,105010
11-3071,"Transportation, Storage, and Distribution Managers",,107400
11-9011,"Farm, Ranch, and Other Agricultural Managers",,5630
11-9021,Construction Managers,,208360
11-9031,"Education Administrators, Preschool and Child Care Center/Program",,52700
11-9032,"Education Administrators, Elementary and Secondary School",,204340
11-9033,"Education Administrators, Postsecondary",,96910
11-9041,Engineering Managers,,205390
11-9051,Food Service Managers,,249710
11-9061,Funeral Directors,,21740
11-9071,Gaming Managers,,3760
11-9081,Lodging Managers,,31170
11-9111,Medical and Health Services Managers,,228290
11-9121,Natural Sciences Managers,,42470
11-9131,Postmasters and Mail Superintendents,,26470
11-9141,"Property, Real Estate, and Community Association Managers",,156290
11-9151,Social and Community Service Managers,,111480
13-0000,Business and Financial Operations Occupations,major,4772120
13-1011,"Agents and Business Managers of Artists, Performers, and Athletes",,11590
13-1021,"Purchasing Agents and Buyers, Farm Products",,16570
13-1022,"Wholesale and Retail Buyers, Except Farm Products",,138380
13-1023,"Purchasing Agents, Except Wholesale, Retail, and Farm Products",,231490
13-1031,"Claims Adjusters, Examiners, and Investigators",,211960
13-1032,"Insurance Appraisers, Auto Damage",,13270
13-1041,"Compliance Officers, Except Agriculture, Construction, Health and Safety, and Transportation",,146670
13-1051,Cost Estimators,,185080
13-1061,Emergency Management Specialists,,10700
13-1071,"Employment, Recruitment, and Placement Specialists",,168550
13-1072,"Compensation, Benefits, and Job Analysis Specialists",,85880
13-1073,Training and Development Specialists,,198910
13-1111,Management Analysts,,392670
13-1121,Meeting and Convention Planners,,32380
13-2011,Accountants and Auditors,,888690
13-2021,Appraisers and Assessors of Real Estate,,57160
13-2031,Budget Analysts,,58900
13-2041,Credit Analysts,,65700
13-2051,Financial Analysts,,159920
13-2052,Personal Financial Advisors,,77010
13-2053,Insurance Underwriters,,95620
13-2061,Financial Examiners,,23890
13-2071,Loan Counselors,,29780
13-2072,Loan Officers,,218470
13-2081,"Tax Examiners, Collectors, and Revenue Agents",,69320
13-2082,Tax Preparers,,54330
15-0000,Computer and Mathematical Science Occupations,major,2772620
15-1011,"Computer and Information Scientists, Research",,24410
15-1021,Computer Programmers,,457320
15-1031,"Computer Software Engineers, Applications",,356760
15-1032,"Computer Software Engineers, Systems Software",,255040
15-1041,Computer Support Specialists,,478560
15-1051,Computer Systems Analysts,,467750
15-1061,Database Administrators,,102090
15-1071,Network and Computer Systems Administrators,,232560
15-1081,Network Systems and Data Communications Analysts,,133460
15-2011,Actuaries,,14440
15-2021,Mathematicians,,2600
15-2031,Operations Research Analysts,,56310
15-2041,Statisticians,,17820
15-2091,Mathematical Technicians,,1970
17-0000,Architecture and Engineering Occupations,major,2411260
17-1011,"Architects, Except Landscape and Naval",,87700
17-1012,Landscape Architects,,17460
17-1021,Cartographers and Photogrammetrists,,8040
17-1022,Surveyors,,53340
17-2011,Aerospace Engineers,,74210
17-2021,Agricultural Engineers,,2500
17-2031,Biomedical Engineers,,7130
17-2041,Chemical Engineers,,32110
17-2051,Civil Engineers,,207480
17-2061,Computer Hardware Engineers,,67180
17-2071,Electrical Engineers,,146180
17-2072,"Electronics Engineers, Except Computer",,126020
17-2081,Environmental Engineers,,45720
17-2111,"Health and Safety Engineers, Except Mining Safety Engineers and Inspectors",,34160
17-2112,Industrial Engineers,,151760
17-2121,Marine Engineers and Naval Architects,,4810
17-2131,Materials Engineers,,22780
17-2141,Mechanical Engineers,,203620
17-2151,"Mining and Geological Engineers, Including Mining Safety Engineers",,5050
17-2161,Nuclear Engineers,,15180
17-2171,Petroleum Engineers,,11130
17-3011,Architectural and Civil Drafters,,101190
17-3012,Electrical and Electronics Drafters,,35470
17-3013,Mechanical Drafters,,68280
17-3021,Aerospace Engineering and Operations Technicians,,14700
17-3022,Civil Engineering Technicians,,88380
17-3023,Electrical and Electronic Engineering Technicians,,194960
17-3024,Electro-Mechanical Technicians,,30360
17-3025,Environmental Engineering Technicians,,18770
17-3026,Industrial Engineering Technicians,,59700
17-3027,Mechanical Engineering Technicians,,53630
17-3031,Surveying and Mapping Technicians,,55670
19-0000,"Life, Physical, and Social Science Occupations",major,1078630
19-1010,Agricultural and Food Scientists,,14920
19-1021,Biochemists and Biophysicists,,15190
19-1022,Microbiologists,,14730
19-1023,Zoologists and Wildlife Biologists,,12970
19-1031,Conservation Scientists,,13600
19-1032,Foresters,,9760
19-1041,Epidemiologists,,3760
19-1042,"Medical Scientists, Except Epidemiologists",,53840
19-2011,Astronomers,,900
19-2012,Physicists,,11480
19-2021,Atmospheric and Space Scientists,,7210
19-2031,Chemists,,82050
19-2032,Materials Scientists,,7090
19-2041,"Environmental Scientists and Specialists, Including Health",,60380
19-2042,"Geoscientists, Except Hydrologists and Geographers",,26130
19-2043,Hydrologists,,7390
19-3011,Economists,,13290
19-3021,Market Research Analysts,,122000
19-3022,Survey Researchers,,18350
19-3031,"Clinical, Counseling, and School Psychologists",,100560
19-3032,Industrial-Organizational Psychologists,,1360
19-3041,Sociologists,,2630
19-3051,Urban and Regional Planners,,30460
19-3091,Anthropologists and Archeologists,,4410
19-3092,Geographers,,740
19-3093,Historians,,2110
19-3094,Political Scientists,,5300
19-4011,Agricultural and Food Science Technicians,,15990
19-4021,Biological Technicians,,45630
19-4031,Chemical Technicians,,67230
19-4041,Geological and Petroleum Technicians,,10690
19-4051,Nuclear Technicians,,5620
19-4091,"Environmental Science and Protection Technicians, Including Health",,26380
19-4092,Forensic Science Technicians,,7830
19-4093,Forest and Conservation Technicians,,17160
21-0000,Community and Social Services Occupations,major,1576980
21-1011,Substance Abuse and Behavioral Disorder Counselors,,63310
21-1012,"Educational, Vocational, and School Counselors",,208340
21-1013,Marriage and Family Therapists,,22130
21-1014,Mental Health Counselors,,81030
21-1015,Rehabilitation Counselors,,110580
21-1021,"Child, Family, and School Social Workers",,259990
21-1022,Medical and Public Health Social Workers,,103180
21-1023,Mental Health and Substance Abuse Social Workers,,91240
21-1091,Health Educators,,43240
21-1092,Probation Officers and Correctional Treatment Specialists,,78990
21-1093,Social and Human Service Assistants,,291410
21-2011,Clergy,,36450
21-2021,"Directors, Religious Activities and Education",,13120
23-0000,Legal Occupations,major,934850
23-1011,Lawyers,,504370
23-1021,"Administrative Law Judges, Adjudicators, and Hearing Officers",,16700
23-1022,"Arbitrators, Mediators, and Conciliators",,5090
23-1023,"Judges, Magistrate Judges, and Magistrates",,25100
23-2011,Paralegals and Legal Assistants,,193300
23-2091,Court Reporters,,15270
23-2092,Law Clerks,,41760
23-2093,"Title Examiners, Abstractors, and Searchers",,48060
25-0000,"Education, Training, and Library Occupations",major,7772470
25-1011,"Business Teachers, Postsecondary",,66520
25-1021,"Computer Science Teachers, Postsecondary",,32990
25-1022,"Mathematical Science Teachers, Postsecondary",,41140
25-1031,"Architecture Teachers, Postsecondary",,5290
25-1032,"Engineering Teachers, Postsecondary",,29310
25-1041,"Agricultural Sciences Teachers, Postsecondary",,11070
25-1042,"Biological Science Teachers, Postsecondary",,47150
25-1043,"Forestry and Conservation Science Teachers, Postsecondary",,2350
25-1051,"Atmospheric, Earth, Marine, and Space Sciences Teachers, Postsecondary",,8270
25-1052,"Chemistry Teachers, Postsecondary",,17670
25-1053,"Environmental Science Teachers, Postsecondary",,3760
25-1054,"Physics Teachers, Postsecondary",,11940
25-1061,"Anthropology and Archeology Teachers, Postsecondary",,4490
25-1062,"Area, Ethnic, and Cultural Studies Teachers, Postsecondary",,6040
25-1063,"Economics Teachers, Postsecondary",,11560
25-1064,"Geography Teachers, Postsecondary",,3920
25-1065,"Political Science Teachers, Postsecondary",,11910
25-1066,"Psychology Teachers, Postsecondary",,25790
25-1067,"Sociology Teachers, Postsecondary",,13580
25-1071,"Health Specialties Teachers, Postsecondary",,85770
25-1072,"Nursing Instructors and Teachers, Postsecondary",,36500
25-1081,"Education Teachers, Postsecondary",,42300
25-1082,"Library Science Teachers, Postsecondary",,3760
25-1111,"Criminal Justice and Law Enforcement Teachers, Postsecondary",,8870
25-1112,"Law Teachers, Postsecondary",,10260
25-1113,"Social Work Teachers, Postsecondary",,6480
25-1121,"Art, Drama, and Music Teachers, Postsecondary",,58130
25-1122,"Communications Teachers, Postsecondary",,19660
25-1123,"English Language and Literature Teachers, Postsecondary",,55150
25-1124,"Foreign Language and Literature Teachers, Postsecondary",,19730
25-1125,"History Teachers, Postsecondary",,17500
25-1126,"Philosophy and Religion Teachers, Postsecondary",,14480
25-1191,Graduate Teaching Assistants,,128470
25-1192,"Home Economics Teachers, Postsecondary",,4490
25-1193,"Recreation and Fitness Studies Teachers, Postsecondary",,14650
25-1194,"Vocational Education Teachers, Postsecondary",,119350
25-2011,"Preschool Teachers, Except Special Education",,367300
25-2012,"Kindergarten Teachers, Except Special Education",,162560
25-2021,"Elementary School Teachers, Except Special Education",,1443160
25-2022,"Middle School Teachers, Except Special and Vocational Education",,582620
25-2023,"Vocational Education Teachers, Middle School",,17730
25-2031,"Secondary School Teachers, Except Special and Vocational Education",,984600
25-2032,"Vocational Education Teachers, Secondary School",,106920
25-2041,"Special Education Teachers, Preschool, Kindergarten, and Elementary School",,211530
25-2042,"Special Education Teachers, Middle School",,89350
25-2043,"Special Education Teachers, Secondary School",,134870
25-3011,"Adult Literacy, Remedial Education, and Ged Teachers and Instructors",,61440
25-3021,Self-Enrichment Education Teachers,,136780
25-4010,"Archivists, Curators, and Museum Technicians",,20100
25-4021,Librarians,,156920
25-4031,Library Technicians,,111240
25-9011,Audio-Visual Collections Specialists,,9040
25-9021,Farm and Home Management Advisors,,12760
25-9031,Instructional Coordinators,,90350
25-9041,Teacher Assistants,,1227220
27-0000,"Arts, Design, Entertainment, Sports, and Media Occupations",major,1503680
27-1011,Art Directors,,23200
27-1013,"Fine Artists, Including Painters, Sculptors, and Illustrators",,10280
27-1014,Multi-Media Artists and Animators,,34150
27-1021,Commercial and Industrial Designers,,35270
27-1022,Fashion Designers,,10310
27-1023,Floral Designers,,66480
27-1024,Graphic Designers,,141830
27-1025,Interior Designers,,40670
27-1026,Merchandise Displayers and Window Trimmers,,53350
27-1027,Set and Exhibit Designers,,8280
27-2011,Actors,,52560
27-2012,Producers and Directors,,50780
27-2021,Athletes and Sports Competitors,,10400
27-2022,Coaches and Scouts,,87720
27-2023,"Umpires, Referees, and Other Sports Officials",,9190
27-2031,Dancers,,16580
27-2032,Choreographers,,15320
27-2041,Music Directors and Composers,,8980
27-2042,Musicians and Singers,,53940
27-3010,Announcers,,49790
27-3020,"News Analysts, Reporters and Correspondents",,61100
27-3031,Public Relations Specialists,,136360
27-3041,Editors,,106520
27-3042,Technical Writers,,44780
27-3043,Writers and Authors,,41990
27-3091,Interpreters and Translators,,18600
27-4011,Audio and Video Equipment Technicians,,35770
27-4012,Broadcast Technicians,,31520
27-4013,Radio Operators,,2510
27-4014,Sound Engineering Technicians,,11110
27-4021,Photographers,,63140
27-4031,"Camera Operators, Television, Video, and Motion Picture",,21370
27-4032,Film and Video Editors,,15180
29-0000,Healthcare Practitioner and Technical Occupations,major,6185020
29-1011,Chiropractors,,20630
29-1020,Dentists,,92460
29-1031,Dietitians and Nutritionists,,45150
29-1041,Optometrists,,23040
29-1051,Pharmacists,,219390
29-1061,Anesthesiologists,,24780
29-1062,Family and General Practitioners,,115020
29-1063,"Internists, General",,50380
29-1064,Obstetricians and Gynecologists,,19970
29-1065,"Pediatricians, General",,27320
29-1066,Psychiatrists,,19750
29-1067,Surgeons,,51580
29-1071,Physician Assistants,,61910
29-1081,Podiatrists,,7490
29-1111,Registered Nurses,,2239530
29-1121,Audiologists,,10180
29-1122,Occupational Therapists,,78580
29-1123,Physical Therapists,,130290
29-1124,Radiation Therapists,,13510
29-1125,Recreational Therapists,,26130
29-1126,Respiratory Therapists,,85350
29-1127,Speech-Language Pathologists,,87030
29-1131,Veterinarians,,42900
29-2011,Medical and Clinical Laboratory Technologists,,146480
29-2012,Medical and Clinical Laboratory Technicians,,144120
29-2021,Dental Hygienists,,148530
29-2031,Cardiovascular Technologists and Technicians,,42870
29-2032,Diagnostic Medical Sonographers,,36530
29-2033,Nuclear Medicine Technologists,,17090
29-2034,Radiologic Technologists and Technicians,,173540
29-2041,Emergency Medical Technicians and Paramedics,,178700
29-2051,Dietetic Technicians,,28910
29-2052,Pharmacy Technicians,,207380
29-2053,Psychiatric Technicians,,58600
29-2054,Respiratory Therapy Technicians,,26220
29-2055,Surgical Technologists,,72040
29-2056,Veterinary Technologists and Technicians,,54040
29-2061,Licensed Practical and Licensed Vocational Nurses,,692290
29-2071,Medical Records and Health Information Technicians,,145270
29-2081,"Opticians, Dispensing",,61790
29-2091,Orthotists and Prosthetists,,4480
29-9010,Occupational Health and Safety Specialists and Technicians,,39060
29-9091,Athletic Trainers,,13500
31-0000,Healthcare Support Occupations,major,3173400
31-1011,Home Health Aides,,569670
31-1012,"Nursing Aides, Orderlies, and Attendants",,1329310
31-1013,Psychiatric Aides,,56260
31-2011,Occupational Therapist Assistants,,17970
31-2012,Occupational Therapist Aides,,8040
31-2021,Physical Therapist Assistants,,50430
31-2022,Physical Therapist Aides,,37330
31-9011,Massage Therapists,,27160
31-9091,Dental Assistants,,268220
31-9092,Medical Assistants,,361960
31-9093,Medical Equipment Preparers,,35490
31-9094,Medical Transcriptionists,,99160
31-9095,Pharmacy Aides,,58020
31-9096,Veterinary Assistants and Laboratory Animal Caretakers,,62740
33-0000,Protective Service Occupations,major,2993490
33-1011,First-Line Supervisors/Managers of Correctional Officers,,31210
33-1012,First-Line Supervisors/Managers of Police and Detectives,,109530
33-1021,First-Line Supervisors/Managers of Fire Fighting and Prevention Workers,,60900
33-2011,Fire Fighters,,273850
33-2021,Fire Inspectors and Investigators,,12140
33-2022,Forest Fire Inspectors and Prevention Specialists,,1450
33-3011,Bailiffs,,14390
33-3012,Correctional Officers and Jailers,,400190
33-3021,Detectives and Criminal Investigators,,88460
33-3031,Fish and Game Wardens,,7080
33-3041,Parking Enforcement Workers,,10180
33-3051,Police and Sheriff's Patrol Officers,,597650
33-3052,Transit and Railroad Police,,6010
33-9011,Animal Control Workers,,10420
33-9021,Private Detectives and Investigators,,31170
33-9031,Gaming Surveillance Officers and Gaming Investigators,,8760
33-9032,Security Guards,,977650
33-9091,Crossing Guards,,73020
35-0000,Food Preparation and Serving Related Occupations,major,10067080
35-1011,Chefs and Head Cooks,,120430
35-1012,First-Line Supervisors/Managers of Food Preparation and Serving Workers,,661050
35-2011,"Cooks, Fast Food",,582630
35-2012,"Cooks, Institution and Cafeteria",,416710
35-2014,"Cooks, Restaurant",,715520
35-2015,"Cooks, Short Order",,223030
35-2021,Food Preparation Workers,,836540
35-3011,Bartenders,,453390
35-3021,"Combined Food Preparation and Serving Workers, Including Fast Food",,2000070
35-3022,"Counter Attendants, Cafeteria, Food Concession, and Coffee Shop",,466270
35-3031,Waiters and Waitresses,,2086120
35-3041,"Food Servers, Nonrestaurant",,193980
35-9011,Dining Room and Cafeteria Attendants and Bartender Helpers,,404210
35-9021,Dishwashers,,499070
35-9031,"Hosts and Hostesses, Restaurant, Lounge, and Coffee Shop",,295170
37-0000,Building and Grounds Cleaning and Maintenance Occupations,major,4262880
37-1011,First-Line Supervisors/Managers of Housekeeping and Janitorial Workers,,204710
37-1012,"First-Line Supervisors/Managers of Landscaping, Lawn Service, and Groundskeeping Workers",,95600
37-2011,"Janitors and Cleaners, Except Maids and Housekeeping Cleaners",,2052090
37-2012,Maids and Housekeeping Cleaners,,912340
37-2021,Pest Control Workers,,57370
37-3011,Landscaping and Groundskeeping Workers,,792170
37-3012,"Pesticide Handlers, Sprayers, and Applicators, Vegetation",,22000
37-3013,Tree Trimmers and Pruners,,43530
39-0000,Personal Care and Service Occupations,major,2919280
39-1011,Gaming Supervisors,,25610
39-1012,Slot Key Persons,,14380
39-1021,First-Line Supervisors/Managers of Personal Service Workers,,106680
39-2011,Animal Trainers,,6780
39-2021,Nonfarm Animal Caretakers,,86700
39-3011,Gaming Dealers,,75690
39-3012,Gaming and Sports Book Writers and Runners,,13820
39-3021,Motion Picture Projectionists,,9600
39-3031,"Ushers, Lobby Attendants, and Ticket Takers",,106050
39-3091,Amusement and Recreation Attendants,,225100
39-3092,Costume Attendants,,3660
39-3093,"Locker Room, Coatroom, and Dressing Room Attendants",,21660
39-4011,Embalmers,,6790
39-4021,Funeral Attendants,,25950
39-5011,Barbers,,18350
39-5012,"Hairdressers, Hairstylists, and Cosmetologists",,330730
39-5091,"Makeup Artists, Theatrical and Performance",,830
39-5092,Manicurists and Pedicurists,,31350
39-5093,Shampooers,,15410
39-5094,Skin Care Specialists,,15580
39-6011,Baggage Porters and Bellhops,,57650
39-6012,Concierges,,16770
39-6021,Tour Guides and Escorts,,28480
39-6022,Travel Guides,,4960
39-6031,Flight Attendants,,104360
39-6032,"Transportation Attendants, Except Flight Attendants and Baggage Porters",,26580
39-9011,Child Care Workers,,456260
39-9021,Personal and Home Care Aides,,451040
39-9031,Fitness Trainers and Aerobics Instructors,,169920
39-9032,Recreation Workers,,267930
39-9041,Residential Advisors,,48530
41-0000,Sales and Related Occupations,major,13339570
41-1011,First-Line Supervisors/Managers of Retail Sales Workers,,1197190
41-1012,First-Line Supervisors/Managers of Non-Retail Sales Workers,,325450
41-2011,Cashiers,,3375510
41-2012,Gaming Change Persons and Booth Cashiers,,32930
41-2021,Counter and Rental Clerks,,425380
41-2022,Parts Salespersons,,243170
41-2031,Retail Salespersons,,3894760
41-3011,Advertising Sales Agents,,141360
41-3021,Insurance Sales Agents,,274830
41-3031,"Securities, Commodities, and Financial Services Sales Agents",,254600
41-3041,Travel Agents,,104550
41-4011,"Sales Representatives, Wholesale and Manufacturing, Technical and Scientific Products",,371580
41-4012,"Sales Representatives, Wholesale and Manufacturing, Except Technical and Scientific Products",,1375380
41-9011,Demonstrators and Product Promoters,,101420
41-9012,Models,,2260
41-9021,Real Estate Brokers,,40810
41-9022,Real Estate Sales Agents,,125960
41-9031,Sales Engineers,,79300
41-9041,Telemarketers,,419740
41-9091,"Door-To-Door Sales Workers, News and Street Vendors, and Related Workers",,25780
43-0000,Office and Administrative Support Occupations,major,22754570
43-1011,First-Line Supervisors/Managers of Office and Administrative Support Workers,,1400240
43-2011,"Switchboard Operators, Including Answering Service",,226890
43-2021,Telephone Operators,,46420
43-3011,Bill and Account Collectors,,407280
43-3021,Billing and Posting Clerks and Machine Operators,,491000
43-3031,"Bookkeeping, Accounting, and Auditing Clerks",,1728730
43-3041,Gaming Cage Workers,,18320
43-3051,Payroll and Timekeeping Clerks,,191500
43-3061,Procurement Clerks,,73570
43-3071,Tellers,,526750
43-4011,Brokerage Clerks,,75480
43-4021,Correspondence Clerks,,32160
43-4031,"Court, Municipal, and License Clerks",,99010
43-4041,"Credit Authorizers, Checkers, and Clerks",,79400
43-4051,Customer Service Representatives,,1854750
43-4061,"Eligibility Interviewers, Government Programs",,89400
43-4071,File Clerks,,258680
43-4081,"Hotel, Motel, and Resort Desk Clerks",,176140
43-4111,"Interviewers, Except Eligibility and Loan",,190390
43-4121,"Library Assistants, Clerical",,113760
43-4131,Loan Interviewers and Clerks,,163660
43-4141,New Accounts Clerks,,97770
43-4151,Order Clerks,,327120
43-4161,"Human Resources Assistants, Except Payroll and Timekeeping",,167480
43-4171,Receptionists and Information Clerks,,1063020
43-4181,Reservation and Transportation Ticket Agents and Travel Clerks,,174170
43-5011,Cargo and Freight Agents,,59440
43-5021,Couriers and Messengers,,120900
43-5031,"Police, Fire, and Ambulance Dispatchers",,89280
43-5032,"Dispatchers, Except Police, Fire, and Ambulance",,168380
43-5041,"Meter Readers, Utilities",,52510
43-5051,Postal Service Clerks,,79760
43-5052,Postal Service Mail Carriers,,347420
43-5053,"Postal Service Mail Sorters, Processors, and Processing Machine Operators",,262440
43-5061,"Production, Planning, and Expediting Clerks",,279640
43-5071,"Shipping, Receiving, and Traffic Clerks",,792470
43-5081,Stock Clerks and Order Fillers,,1608230
43-5111,"Weighers, Measurers, Checkers, and Samplers, Recordkeeping",,77050
43-6011,Executive Secretaries and Administrative Assistants,,1407950
43-6012,Legal Secretaries,,259010
43-6013,Medical Secretaries,,336200
43-6014,"Secretaries, Except Legal, Medical, and Executive",,1796480
43-9011,Computer Operators,,172640
43-9021,Data Entry Keyers,,376970
43-9022,Word Processors and Typists,,209200
43-9031,Desktop Publishers,,34280
43-9041,Insurance Claims and Policy Processing Clerks,,252590
43-9051,"Mail Clerks and Mail Machine Operators, Except Postal Service",,161850
43-9061,"Office Clerks, General",,2857300
43-9071,"Office Machine Operators, Except Computer",,93340
43-9081,Proofreaders and Copy Markers,,25310
43-9111,Statistical Assistants,,22330
45-0000,"Farming, Fishing, and Forestry Occupations",major,451140
45-1011,"First-Line Supervisors/Managers of Farming, Fishing, and Forestry Workers",,20910
45-1012,Farm Labor Contractors,,5830
45-2011,Agricultural Inspectors,,13760
45-2021,Animal Breeders,,1590
45-2041,"Graders and Sorters, Agricultural Products",,54500
45-2091,Agricultural Equipment Operators,,21830
45-2092,"Farmworkers and Laborers, Crop, Nursery, and Greenhouse",,218020
45-2093,"Farmworkers, Farm and Ranch Animals",,38260
45-4011,Forest and Conservation Workers,,9140
45-4021,Fallers,,10180
45-4022,Logging Equipment Operators,,29060
45-4023,Log Graders and Scalers,,4730
47-0000,Construction and Extraction Occupations,major,6124600
47-1011,First-Line Supervisors/Managers of Construction Trades and Extraction Workers,,508620
47-2011,Boilermakers,,24560
47-2021,Brickmasons and Blockmasons,,109900
47-2022,Stonemasons,,12870
47-2031,Carpenters,,856750
47-2041,Carpet Installers,,38320
47-2042,"Floor Layers, Except Carpet, Wood, and Hard Tiles",,14840
47-2043,Floor Sanders and Finishers,,7740
47-2044,Tile and Marble Setters,,33550
47-2051,Cement Masons and Concrete Finishers,,177930
47-2053,Terrazzo Workers and Finishers,,6130
47-2061,Construction Laborers,,830860
47-2071,"Paving, Surfacing, and Tamping Equipment Operators",,58760
47-2072,Pile-Driver Operators,,4670
47-2073,Operating Engineers and Other Construction Equipment Operators,,343710
47-2081,Drywall and Ceiling Tile Installers,,111600
47-2082,Tapers,,33320
47-2111,Electricians,,593010
47-2121,Glaziers,,46950
47-2130,Insulation Workers,,51740
47-2141,"Painters, Construction and Maintenance",,257140
47-2142,Paperhangers,,9450
47-2151,Pipelayers,,52380
47-2152,"Plumbers, Pipefitters, and Steamfitters",,438560
47-2161,Plasterers and Stucco Masons,,54290
47-2171,Reinforcing Iron and Rebar Workers,,29540
47-2181,Roofers,,117140
47-2211,Sheet Metal Workers,,197110
47-2221,Structural Iron and Steel Workers,,74700
47-3011,"Helpers--Brickmasons, Blockmasons, Stonemasons, and Tile and Marble Setters",,60740
47-3012,Helpers--Carpenters,,97900
47-3013,Helpers--Electricians,,97690
47-3014,"Helpers--Painters, Paperhangers, Plasterers, and Stucco Masons",,31320
47-3015,"Helpers--Pipelayers, Plumbers, Pipefitters, and Steamfitters",,78570
47-3016,Helpers--Roofers,,21940
47-4011,Construction and Building Inspectors,,75190
47-4021,Elevator Installers and Repairers,,20920
47-4031,Fence Erectors,,21730
47-4041,Hazardous Materials Removal Workers,,37350
47-4051,Highway Maintenance Workers,,146290
47-4061,Rail-Track Laying and Maintenance Equipment Operators,,10450
47-4071,Septic Tank Servicers and Sewer Pipe Cleaners,,15530
47-4091,Segmental Pavers,,2100
47-5011,"Derrick Operators, Oil and Gas",,14120
47-5012,"Rotary Drill Operators, Oil and Gas",,13110
47-5013,"Service Unit Operators, Oil, Gas, and Mining",,12310
47-5021,"Earth Drillers, Except Oil and Gas",,19830
47-5031,"Explosives Workers, Ordnance Handling Experts, and Blasters",,4850
47-5041,Continuous Mining Machine Operators,,8100
47-5042,Mine Cutting and Channeling Machine Operators,,5060
47-5051,"Rock Splitters, Quarry",,2610
47-5061,"Roof Bolters, Mining",,3980
47-5071,"Roustabouts, Oil and Gas",,31960
47-5081,Helpers--Extraction Workers,,28690
49-0000,"Installation, Maintenance, and Repair Occupations",major,5215970
49-1011,"First-Line Supervisors/Managers of Mechanics, Installers, and Repairers",,433640
49-2011,"Computer, Automated Teller, and Office Machine Repairers",,135380
49-2021,Radio Mechanics,,6960
49-2022,"Telecommunications Equipment Installers and Repairers, Except Line Installers",,195680
49-2091,Avionics Technicians,,21710
49-2092,"Electric Motor, Power Tool, and Related Repairers",,28720
49-2093,"Electrical and Electronics Installers and Repairers, Transportation Equipment",,17320
49-2094,"Electrical and Electronics Repairers, Commercial and Industrial Equipment",,82320
49-2095,"Electrical and Electronics Repairers, Powerhouse, Substation, and Relay",,20040
49-2096,"Electronic Equipment Installers and Repairers, Motor Vehicles",,15200
49-2097,Electronic Home Entertainment Equipment Installers and Repairers,,30600
49-2098,Security and Fire Alarm Systems Installers,,43310
49-3011,Aircraft Mechanics and Service Technicians,,125850
49-3021,Automotive Body and Related Repairers,,175370
49-3022,Automotive Glass Installers and Repairers,,19710
49-3023,Automotive Service Technicians and Mechanics,,687380
49-3031,Bus and Truck Mechanics and Diesel Engine Specialists,,254470
49-3041,Farm Equipment Mechanics,,32330
49-3042,"Mobile Heavy Equipment Mechanics, Except Engines",,113340
49-3043,Rail Car Repairers,,13520
49-3051,Motorboat Mechanics,,18550
49-3052,Motorcycle Mechanics,,13030
49-3053,Outdoor Power Equipment and Other Small Engine Mechanics,,25170
49-3091,Bicycle Repairers,,7000
49-3092,Recreational Vehicle Service Technicians,,12490
49-3093,Tire Repairers and Changers,,81560
49-9011,Mechanical Door Repairers,,10730
49-9012,"Control and Valve Installers and Repairers, Except Mechanical Door",,36720
49-9021,"Heating, Air Conditioning, and Refrigeration Mechanics and Installers",,206870
49-9031,Home Appliance Repairers,,34750
49-9041,Industrial Machinery Mechanics,,179640
49-9042,"Maintenance and Repair Workers, General",,1212620
49-9043,"Maintenance Workers, Machinery",,90500
49-9044,Millwrights,,67900
49-9045,"Refractory Materials Repairers, Except Brickmasons",,3330
49-9051,Electrical Power-Line Installers and Repairers,,96040
49-9052,Telecommunications Line Installers and Repairers,,156160
49-9061,Camera and Photographic Equipment Repairers,,5220
49-9062,Medical Equipment Repairers,,21770
49-9063,Musical Instrument Repairers and Tuners,,4870
49-9064,Watch Repairers,,3710
49-9091,"Coin, Vending, and Amusement Machine Servicers and Repairers",,33520
49-9092,Commercial Divers,,2930
49-9093,"Fabric Menders, Except Garment",,2030
49-9094,Locksmiths and Safe Repairers,,18970
49-9095,Manufactured Building and Mobile Home Installers,,13780
49-9096,Riggers,,13770
49-9097,Signal and Track Switch Repairers,,7990
49-9098,"Helpers--Installation, Maintenance, and Repair Workers",,148770
51-0000,Production Occupations,major,10726670
51-1011,First-Line Supervisors/Managers of Production and Operating Workers,,700490
51-2011,"Aircraft Structure, Surfaces, Rigging, and Systems Assemblers",,25690
51-2021,"Coil Winders, Tapers, and Finishers",,34710
51-2022,Electrical and Electronic Equipment Assemblers,,267030
51-2023,Electromechanical Equipment Assemblers,,57500
51-2031,Engine and Other Machine Assemblers,,49280
51-2041,Structural Metal Fabricators and Fitters,,87020
51-2091,Fiberglass Laminators and Fabricators,,36470
51-2092,Team Assemblers,,1139360
51-2093,"Timing Device Assemblers, Adjusters, and Calibrators",,6230
51-3011,Bakers,,161820
51-3021,Butchers and Meat Cutters,,129840
51-3022,"Meat, Poultry, and Fish Cutters and Trimmers",,150920
51-3023,Slaughterers and Meat Packers,,126460
51-3091,"Food and Tobacco Roasting, Baking, and Drying Machine Operators and Tenders",,19180
51-3092,Food Batchmakers,,71930
51-3093,Food Cooking Machine Operators and Tenders,,34140
51-4011,"Computer-Controlled Machine Tool Operators, Metal and Plastic",,128400
51-4012,Numerical Tool and Process Control Programmers,,18910
51-4021,"Extruding and Drawing Machine Setters, Operators, and Tenders, Metal and Plastic",,96270
51-4022,"Forging Machine Setters, Operators, and Tenders, Metal and Plastic",,44920
51-4023,"Rolling Machine Setters, Operators, and Tenders, Metal and Plastic",,42270
51-4031,"Cutting, Punching, and Press Machine Setters, Operators, and Tenders, Metal and Plastic",,277410
51-4032,"Drilling and Boring Machine Tool Setters, Operators, and Tenders, Metal and Plastic",,51730
51-4033,"Grinding, Lapping, Polishing, and Buffing Machine Tool Setters, Operators, and Tenders, Metal and Plastic",,99580
51-4034,"Lathe and Turning Machine Tool Setters, Operators, and Tenders, Metal and Plastic",,72270
51-4035,"Milling and Planing Machine Setters, Operators, and Tenders, Metal and Plastic",,30340
51-4041,Machinists,,368320
51-4051,Metal-Refining Furnace Operators and Tenders,,17120
51-4052,"Pourers and Casters, Metal",,12900
51-4061,"Model Makers, Metal and Plastic",,8360
51-4062,"Patternmakers, Metal and Plastic",,6300
51-4071,Foundry Mold and Coremakers,,21960
51-4072,"Molding, Coremaking, and Casting Machine Setters, Operators, and Tenders, Metal and Plastic",,147060
51-4081,"Multiple Machine Tool Setters, Operators, and Tenders, Metal and Plastic",,96560
51-4111,Tool and Die Makers,,105210
51-4121,"Welders, Cutters, Solderers, and Brazers",,361970
51-4122,"Welding, Soldering, and Brazing Machine Setters, Operators, and Tenders",,56280
51-4191,"Heat Treating Equipment Setters, Operators, and Tenders, Metal and Plastic",,28410
51-4192,"Lay-Out Workers, Metal and Plastic",,12490
51-4193,"Plating and Coating Machine Setters, Operators, and Tenders, Metal and Plastic",,41580
51-4194,"Tool Grinders, Filers, and Sharpeners",,22700
51-5011,Bindery Workers,,88740
51-5012,Bookbinders,,7170
51-5021,Job Printers,,49080
51-5022,Prepress Technicians and Workers,,89370
51-5023,Printing Machine Operators,,189590
51-6011,Laundry and Dry-Cleaning Workers,,213840
51-6021,"Pressers, Textile, Garment, and Related Materials",,87130
51-6031,Sewing Machine Operators,,277800
51-6041,Shoe and Leather Workers and Repairers,,9860
51-6042,Shoe Machine Operators and Tenders,,6320
51-6051,"Sewers, Hand",,19180
51-6052,"Tailors, Dressmakers, and Custom Sewers",,29560
51-6061,Textile Bleaching and Dyeing Machine Operators and Tenders,,25950
51-6062,"Textile Cutting Machine Setters, Operators, and Tenders",,32970
51-6063,"Textile Knitting and Weaving Machine Setters, Operators, and Tenders",,49410
51-6064,"Textile Winding, Twisting, and Drawing Out Machine Setters, Operators, and Tenders",,62800
51-6091,"Extruding and Forming Machine Setters, Operators, and Tenders, Synthetic and Glass Fibers",,26620
51-6092,Fabric and Apparel Patternmakers,,10800
51-6093,Upholsterers,,40380
51-7011,Cabinetmakers and Bench Carpenters,,125220
51-7021,Furniture Finishers,,30110
51-7031,"Model Makers, Wood",,4350
51-7032,"Patternmakers, Wood",,4130
51-7041,"Sawing Machine Setters, Operators, and Tenders, Wood",,53520
51-7042,"Woodworking Machine Setters, Operators, and Tenders, Except Sawing",,89860
51-8011,Nuclear Power Reactor Operators,,3400
51-8012,Power Distributors and Dispatchers,,11670
51-8013,Power Plant Operators,,34390
51-8021,Stationary Engineers and Boiler Operators,,52510
51-8031,Water and Liquid Waste Treatment Plant and System Operators,,96970
51-8091,Chemical Plant and System Operators,,55910
51-8092,Gas Plant Operators,,11940
51-8093,"Petroleum Pump System Operators, Refinery Operators, and Gaugers",,38500
51-9011,Chemical Equipment Operators and Tenders,,56610
51-9012,"Separating, Filtering, Clarifying, Precipitating, and Still Machine Setters, Operators, and Tenders",,35550
51-9021,"Crushing, Grinding, and Polishing Machine Setters, Operators, and Tenders",,44370
51-9022,"Grinding and Polishing Workers, Hand",,43370
51-9023,"Mixing and Blending Machine Setters, Operators, and Tenders",,103940
51-9031,"Cutters and Trimmers, Hand",,30910
51-9032,"Cutting and Slicing Machine Setters, Operators, and Tenders",,75430
51-9041,"Extruding, Forming, Pressing, and Compacting Machine Setters, Operators, and Tenders",,71500
51-9051,"Furnace, Kiln, Oven, Drier, and Kettle Operators and Tenders",,29400
51-9061,"Inspectors, Testers, Sorters, Samplers, and Weighers",,500250
51-9071,Jewelers and Precious Stone and Metal Workers,,28970
51-9081,Dental Laboratory Technicians,,40440
51-9082,Medical Appliance Technicians,,11870
51-9083,Ophthalmic Laboratory Technicians,,32920
51-9111,Packaging and Filling Machine Operators and Tenders,,390380
51-9121,"Coating, Painting, and Spraying Machine Setters, Operators, and Tenders",,91950
51-9122,"Painters, Transportation Equipment",,45670
51-9123,"Painting, Coating, and Decorating Workers",,30830
51-9131,Photographic Process Workers,,27360
51-9132,Photographic Processing Machine Operators,,52290
51-9141,Semiconductor Processors,,43630
51-9191,Cementing and Gluing Machine Operators and Tenders,,26880
51-9192,"Cleaning, Washing, and Metal Pickling Equipment Operators and Tenders",,18010
51-9193,Cooling and Freezing Equipment Operators and Tenders,,7280
51-9194,Etchers and Engravers,,9130
51-9195,"Molders, Shapers, and Casters, Except Metal and Plastic",,36240
51-9196,"Paper Goods Machine Setters, Operators, and Tenders",,114390
51-9197,Tire Builders,,13020
51-9198,Helpers--Production Workers,,464390
53-0000,Transportation and Material Moving Occupations,major,9395000
53-1011,Aircraft Cargo Handling Supervisors,,8920
53-1021,"First-Line Supervisors/Managers of Helpers, Laborers, and Material Movers, Hand",,147180
53-1031,First-Line Supervisors/Managers of Transportation and Material-Moving Machine and Vehicle Operators,,207280
53-2011,"Airline Pilots, Copilots, and Flight Engineers",,78810
53-2012,Commercial Pilots,,19570
53-2021,Air Traffic Controllers,,23410
53-2022,Airfield Operations Specialists,,5910
53-3011,"Ambulance Drivers and Attendants, Except Emergency Medical Technicians",,17280
53-3021,"Bus Drivers, Transit and Intercity",,197090
53-3022,"Bus Drivers, School",,468790
53-3031,Driver/Sales Workers,,368730
53-3032,"Truck Drivers, Heavy and Tractor-Trailer",,1520880
53-3033,"Truck Drivers, Light Or Delivery Services",,977920
53-3041,Taxi Drivers and Chauffeurs,,125720
53-4011,Locomotive Engineers,,28250
53-4012,Locomotive Firers,,710
53-4013,"Rail Yard Engineers, Dinkey Operators, and Hostlers",,4600
53-4021,"Railroad Brake, Signal, and Switch Operators",,15030
53-4031,Railroad Conductors and Yardmasters,,38070
53-4041,Subway and Streetcar Operators,,7250
53-5011,Sailors and Marine Oilers,,25360
53-5021,"Captains, Mates, and Pilots of Water Vessels",,22530
53-5022,Motorboat Operators,,3600
53-5031,Ship Engineers,,8020
53-6011,Bridge and Lock Tenders,,3900
53-6021,Parking Lot Attendants,,108460
53-6031,Service Station Attendants,,102550
53-6041,Traffic Technicians,,5370
53-6051,Transportation Inspectors,,28340
53-7011,Conveyor Operators and Tenders,,59240
53-7021,Crane and Tower Operators,,49060
53-7031,Dredge Operators,,2850
53-7032,Excavating and Loading Machine and Dragline Operators,,67210
53-7033,"Loading Machine Operators, Underground Mining",,3200
53-7041,Hoist and Winch Operators,,8970
53-7051,Industrial Truck and Tractor Operators,,586660
53-7061,Cleaners of Vehicles and Equipment,,311070
53-7062,"Laborers and Freight, Stock, and Material Movers, Hand",,2217590
53-7063,Machine Feeders and Offbearers,,162670
53-7064,"Packers and Packagers, Hand",,927740
53-7071,Gas Compressor and Gas Pumping Station Operators,,6920
53-7072,"Pump Operators, Except Wellhead Pumpers",,12360
53-7073,Wellhead Pumpers,,10280
53-7081,Refuse and Recyclable Material Collectors,,132290
53-7111,Shuttle Car Operators,,3070
53-7121,"Tank Car, Truck, and Ship Loaders",,16960
