occ_code,occ_title,occ_group,emp_11
00-0000,All Occupations,total,128278550
11-0000,Management Occupations,major,6183820
11-1011,Chief Executives,,267370
11-1021,General and Operations Managers,,1805030
11-1031,Legislators,,62180
11-2011,Advertising and Promotions Managers,,30710
11-2021,Marketing Managers,,168410
11-2022,Sales Managers,,328230
11-2031,Public Relations and Fundraising Managers,,53200
11-3011,Administrative Services Managers,,249600
11-3021,Computer and Information Systems Managers,,300830
11-3031,Financial Managers,,477690
11-3051,Industrial Production Managers,,151850
11-3061,Purchasing Managers,,66990
11-3071,"Transportation, Storage, and Distribution Managers",,92150
11-3111,Compensation and Benefits Managers,,24580
11-3121,Human Resources Managers,,81750
11-3131,Training and Development Managers,,27150
11-9013,"Farmers, Ranchers, and Other Agricultural Managers",,3340
11-9021,Construction Managers,,195000
11-9031,"Education Administrators, Preschool and Childcare Center/Program",,49320
11-9032,"Education Administrators, Elementary and Secondary School",,222810
11-9033,"Education Administrators, Postsecondary",,113620
11-9039,"Education Administrators, All Other",,28090
11-9041,Architectural and Engineering Managers,,184530
11-9051,Food Service Managers,,183940
11-9071,Gaming Managers,,3570
11-9081,Lodging Managers,,29870
11-9111,Medical and Health Services Managers,,287560
11-9121,Natural Sciences Managers,,47510
11-9131,Postmasters and Mail Superintendents,,24410
11-9141,"Property, Real Estate, and Community Association Managers",,152380
11-9151,Social and Community Service Managers,,115550
11-9161,Emergency Management Directors,,11050
11-9199,"Managers, All Other",,343560
13-0000,Business and Financial Operations Occupations,major,6178070
13-1011,"Agents and Business Managers of Artists, Performers, and Athletes",,11950
13-1021,"Buyers and Purchasing Agents, Farm Products",,10180
13-1022,"Wholesale and Retail Buyers, Except Farm Products",,105610
13-1023,"Purchasing Agents, Except Wholesale, Retail, and Farm Products",,274540
13-1031,"Claims Adjusters, Examiners, and Investigators",,263810
13-1032,"Insurance Appraisers, Auto Damage",,10950
13-1041,Compliance Officers,,210510
13-1051,Cost Estimators,,187730
13-1074,Farm Labor Contractors,,960
13-1078,"Human Resources, Training, and Labor Relations Specialists, All Other*",,436090
13-1081,Logisticians,,112310
13-1111,Management Analysts,,538950
13-1121,"Meeting, Convention, and Event Planners*",,64020
13-1141,"Compensation, Benefits, and Job Analysis Specialists",,94710
13-1151,Training and Development Specialists,,205680
13-1161,Market Research Analysts and Marketing Specialists*,,318190
13-1199,"Business Operations Specialists, All Other*",,967250
13-2011,Accountants and Auditors,,1085150
13-2021,Appraisers and Assessors of Real Estate,,60930
13-2031,Budget Analysts,,57110
13-2041,Credit Analysts,,59140
13-2051,Financial Analysts,,226340
13-2052,Personal Financial Advisors,,161790
13-2053,Insurance Underwriters,,92840
13-2061,Financial Examiners,,28050
13-2071,Credit Counselors,,29400
13-2072,Loan Officers,,284530
13-2081,"Tax Examiners and Collectors, and Revenue Agents",,67970
13-2082,Tax Preparers,,59180
13-2099,"Financial Specialists, All Other",,152200
15-0000,Computer and Mathematical Occupations,major,3406720
15-1111,Computer and Information Research Scientists,,25160
15-1121,Computer Systems Analysts,,487740
15-1131,Computer Programmers,,320100
15-1132,"Software Developers, Applications",,539880
15-1133,"Software Developers, Systems Software",,387050
15-1141,Database Administrators,,108500
15-1142,Network and Computer Systems Administrators*,,341800
15-1150,Computer Support Specialists,,632490
15-1179,"Information Security Analysts, Web Developers, and Computer Network Architects",,272670
15-1799,"Computer Occupations, All Other*",,177630
15-2011,Actuaries,,19590
15-2021,Mathematicians,,2980
15-2031,Operations Research Analysts,,65030
15-2041,Statisticians,,23770
15-2091,Mathematical Technicians,,1060
15-2099,"Mathematical Science Occupations, All Other",,1260
17-0000,Architecture and Engineering Occupations,major,2310830
17-1011,"Architects, Except Landscape and Naval",,83590
17-1012,Landscape Architects,,15760
17-1021,Cartographers and Photogrammetrists,,11240
17-1022,Surveyors,,42020
17-2011,Aerospace Engineers,,79400
17-2021,Agricultural Engineers,,2650
17-2031,Biomedical Engineers,,16590
17-2041,Chemical Engineers,,27860
17-2051,Civil Engineers,,254130
17-2061,Computer Hardware Engineers,,71990
17-2071,Electrical Engineers,,154250
17-2072,"Electronics Engineers, Except Computer",,136310
17-2081,Environmental Engineers,,50350
17-2111,"Health and Safety Engineers, Except Mining Safety Engineers and Inspectors",,23170
17-2112,Industrial Engineers,,211490
17-2121,Marine Engineers and Naval Architects,,5470
17-2131,Materials Engineers,,22160
17-2141,Mechanical Engineers,,238260
17-2151,"Mining and Geological Engineers, Including Mining Safety Engineers",,6630
17-2161,Nuclear Engineers,,18430
17-2171,Petroleum Engineers,,30880
17-2199,"Engineers, All Other",,125590
17-3011,Architectural and Civil Drafters,,85740
17-3012,Electrical and Electronics Drafters,,28010
17-3013,Mechanical Drafters,,64090
17-3019,"Drafters, All Other",,16070
17-3021,Aerospace Engineering and Operations Technicians,,9290
17-3022,Civil Engineering Technicians,,71890
17-3023,Electrical and Electronics Engineering Technicians,,150020
17-3024,Electro-Mechanical Technicians,,16620
17-3025,Environmental Engineering Technicians,,19490
17-3026,Industrial Engineering Technicians,,63030
17-3027,Mechanical Engineering Technicians,,44760
17-3029,"Engineering Technicians, Except Drafters, All Other",,65030
17-3031,Surveying and Mapping Technicians,,48590
19-0000,"Life, Physical, and Social Science Occupations",major,1082370
19-1011,Animal Scientists,,2190
19-1012,Food Scientists and Technologists,,12040
19-1013,Soil and Plant Scientists,,11860
19-1021,Biochemists and Biophysicists,,25160
19-1022,Microbiologists,,17660
19-1023,Zoologists and Wildlife Biologists,,18380
19-1029,"Biological Scientists, All Other",,31550
19-1031,Conservation Scientists,,18910
19-1032,Foresters,,9000
19-1041,Epidemiologists,,4610
19-1042,"Medical Scientists, Except Epidemiologists",,95220
19-1099,"Life Scientists, All Other",,10020
19-2011,Astronomers,,2080
19-2012,Physicists,,16220
19-2021,Atmospheric and Space Scientists,,9640
19-2031,Chemists,,80040
19-2032,Materials Scientists,,7900
19-2041,"Environmental Scientists and Specialists, Including Health",,83090
19-2042,"Geoscientists, Except Hydrologists and Geographers",,32490
19-2043,Hydrologists,,6960
19-2099,"Physical Scientists, All Other",,25790
19-3011,Economists,,14270
19-3022,Survey Researchers,,17060
19-3031,"Clinical, Counseling, and School Psychologists",,100850
19-3032,Industrial-Organizational Psychologists,,1230
19-3039,"Psychologists, All Other",,10580
19-3041,Sociologists,,2830
19-3051,Urban and Regional Planners,,38320
19-3091,Anthropologists and Archeologists,,5370
19-3092,Geographers,,1430
19-3093,Historians,,3190
19-3094,Political Scientists,,5340
19-3099,"Social Scientists and Related Workers, All Other",,31520
19-4011,Agricultural and Food Science Technicians,,17150
19-4021,Biological Technicians,,72140
19-4031,Chemical Technicians,,59650
19-4041,Geological and Petroleum Technicians,,14680
19-4051,Nuclear Technicians,,7370
19-4061,Social Science Research Assistants,,26200
19-4091,"Environmental Science and Protection Technicians, Including Health",,30320
19-4092,Forensic Science Technicians,,12560
19-4093,Forest and Conservation Technicians,,30620
19-4099,"Life, Physical, and Social Science Technicians, All Other",,58890
21-0000,Community and Social Service Occupations,major,1890410
21-1011,Substance Abuse and Behavioral Disorder Counselors,,76600
21-1012,"Educational, Guidance, School, and Vocational Counselors",,244560
21-1013,Marriage and Family Therapists,,33990
21-1014,Mental Health Counselors,,114180
21-1015,Rehabilitation Counselors,,110690
21-1019,"Counselors, All Other",,27140
21-1021,"Child, Family, and School Social Workers",,276510
21-1022,Healthcare Social Workers,,133890
21-1023,Mental Health and Substance Abuse Social Workers,,115390
21-1029,"Social Workers, All Other",,63110
21-1091,Health Educators,,56610
21-1092,Probation Officers and Correctional Treatment Specialists,,88520
21-1093,Social and Human Service Assistants,,359860
21-1798,"Community and Social Service Specialists, All Other*",,121580
21-2011,Clergy,,42560
21-2021,"Directors, Religious Activities and Education",,17560
21-2099,"Religious Workers, All Other",,7660
23-0000,Legal Occupations,major,1002330
23-1011,Lawyers,,570950
23-1012,Judicial Law Clerks,,18300
23-1021,"Administrative Law Judges, Adjudicators, and Hearing Officers",,14460
23-1022,"Arbitrators, Mediators, and Conciliators",,6880
23-1023,"Judges, Magistrate Judges, and Magistrates",,26570
23-2011,Paralegals and Legal Assistants*,,252250
23-2091,Court Reporters,,18440
23-2093,"Title Examiners, Abstractors, and Searchers",,49760
23-2099,"Legal Support Workers, All Other",,44720
25-0000,"Education, Training, and Library Occupations",major,8409060
25-1011,"Business Teachers, Postsecondary",,82090
25-1021,"Computer Science Teachers, Postsecondary",,33510
25-1022,"Mathematical Science Teachers, Postsecondary",,53650
25-1031,"Architecture Teachers, Postsecondary",,7060
25-1032,"Engineering Teachers, Postsecondary",,33660
25-1041,"Agricultural Sciences Teachers, Postsecondary",,10170
25-1042,"Biological Science Teachers, Postsecondary",,50090
25-1043,"Forestry and Conservation Science Teachers, Postsecondary",,2520
25-1051,"Atmospheric, Earth, Marine, and Space Sciences Teachers, Postsecondary",,10660
25-1052,"Chemistry Teachers, Postsecondary",,20830
25-1053,"Environmental Science Teachers, Postsecondary",,4990
25-1054,"Physics Teachers, Postsecondary",,13630
25-1061,"Anthropology and Archeology Teachers, Postsecondary",,5790
25-1062,"Area, Ethnic, and Cultural Studies Teachers, Postsecondary",,9250
25-1063,"Economics Teachers, Postsecondary",,13300
25-1064,"Geography Teachers, Postsecondary",,4280
25-1065,"Political Science Teachers, Postsecondary",,17260
25-1066,"Psychology Teachers, Postsecondary",,37540
25-1067,"Sociology Teachers, Postsecondary",,17250
25-1069,"Social Sciences Teachers, Postsecondary, All Other",,9230
25-1071,"Health Specialties Teachers, Postsecondary",,153430
25-1072,"Nursing Instructors and Teachers, Postsecondary",,55930
25-1081,"Education Teachers, Postsecondary",,63330
25-1082,"Library Science Teachers, Postsecondary",,4410
25-1111,"Criminal Justice and Law Enforcement Teachers, Postsecondary",,14630
25-1112,"Law Teachers, Postsecondary",,14980
25-1113,"Social Work Teachers, Postsecondary",,9970
25-1121,"Art, Drama, and Music Teachers, Postsecondary",,90030
25-1122,"Communications Teachers, Postsecondary",,29610
25-1123,"English Language and Literature Teachers, Postsecondary",,72700
25-1124,"Foreign Language and Literature Teachers, Postsecondary",,29010
25-1125,"History Teachers, Postsecondary",,23470
25-1126,"Philosophy and Religion Teachers, Postsecondary",,21930
25-1191,Graduate Teaching Assistants,,110130
25-1192,"Home Economics Teachers, Postsecondary",,5490
25-1193,"Recreation and Fitness Studies Teachers, Postsecondary",,18660
25-1194,"Vocational Education Teachers, Postsecondary",,125160
25-1199,"Postsecondary Teachers, All Other",,182130
25-2011,"Preschool Teachers, Except Special Education",,349430
25-2012,"Kindergarten Teachers, Except Special Education",,164910
25-2021,"Elementary School Teachers, Except Special Education",,1415590
25-2022,"Middle School Teachers, Except Special and Career/Technical Education",,642820
25-2023,"Career/Technical Education Teachers, Middle School",,16870
25-2031,"Secondary School Teachers, Except Special and Career/Technical Education",,1004850
25-2032,"Career/Technical Education Teachers, Secondary School",,88210
25-2041,"Special Education Teachers, Preschool, Kindergarten, and Elementary School*",,220220
25-2053,"Special Education Teachers, Middle School",,100590
25-2054,"Special Education Teachers, Secondary School",,132960
25-3011,Adult Basic and Secondary Education and Literacy Teachers and Instructors,,67770
25-3021,Self-Enrichment Education Teachers,,169200
25-3999,"Teachers and Instructors, All Other*",,827800
25-4011,Archivists,,5460
25-4012,Curators,,10340
25-4013,Museum Technicians and Conservators,,10470
25-4021,Librarians,,145710
25-4031,Library Technicians,,106560
25-9011,Audio-Visual and Multimedia Collections Specialists,,8800
25-9021,Farm and Home Management Advisors,,10500
25-9031,Instructional Coordinators,,130230
25-9041,Teacher Assistants,,1214090
25-9099,"Education, Training, and Library Workers, All Other",,103960
27-0000,"Arts, Design, Entertainment, Sports, and Media Occupations",major,1725670
27-1011,Art Directors,,30680
27-1012,Craft Artists,,4810
27-1013,"Fine Artists, Including Painters, Sculptors, and Illustrators",,11830
27-1014,Multimedia Artists and Animators,,28400
27-1019,"Artists and Related Workers, All Other",,7250
27-1021,Commercial and Industrial Designers,,28710
27-1022,Fashion Designers,,16010
27-1023,Floral Designers,,47180
27-1024,Graphic Designers,,191550
27-1025,Interior Designers,,40950
27-1026,Merchandise Displayers and Window Trimmers,,67290
27-1027,Set and Exhibit Designers,,8510
27-1029,"Designers, All Other",,8070
27-2011,Actors,,60830
27-2012,Producers and Directors,,82880
27-2021,Athletes and Sports Competitors,,12630
27-2022,Coaches and Scouts,,193810
27-2023,"Umpires, Referees, and Other Sports Officials",,15630
27-2031,Dancers,,11240
27-2032,Choreographers,,10870
27-2041,Music Directors and Composers,,25290
27-2042,Musicians and Singers,,42530
27-2099,"Entertainers and Performers, Sports and Related Workers, All Other",,17920
27-3011,Radio and Television Announcers,,31680
27-3012,Public Address System and Other Announcers,,7770
27-3021,Broadcast News Analysts,,5200
27-3022,Reporters and Correspondents,,45270
27-3031,Public Relations Specialists,,212510
27-3041,Editors,,98990
27-3042,Technical Writers,,45120
27-3043,Writers and Authors,,40930
27-3091,Interpreters and Translators,,47950
27-3099,"Media and Communication Workers, All Other",,23610
27-4011,Audio and Video Equipment Technicians,,49180
27-4012,Broadcast Technicians,,30360
27-4013,Radio Operators,,1220
27-4014,Sound Engineering Technicians,,14930
27-4021,Photographers,,54410
27-4031,"Camera Operators, Television, Video, and Motion Picture",,16270
27-4032,Film and Video Editors,,20730
27-4099,"Media and Communication Equipment Workers, All Other",,14690
29-0000,Healthcare Practitioners and Technical Occupations,major,7514980
29-1011,Chiropractors,,27510
29-1021,"Dentists, General",,90950
29-1022,Oral and Maxillofacial Surgeons,,5800
29-1023,Orthodontists,,5040
29-1024,Prosthodontists,,560
29-1029,"Dentists, All Other Specialists",,4850
29-1031,Dietitians and Nutritionists,,56130
29-1041,Optometrists,,27950
29-1051,Pharmacists,,272320
29-1061,Anesthesiologists,,33310
29-1062,Family and General Practitioners,,101800
29-1063,"Internists, General",,46740
29-1064,Obstetricians and Gynecologists,,20540
29-1065,"Pediatricians, General",,29640
29-1066,Psychiatrists,,23140
29-1067,Surgeons,,42340
29-1069,"Physicians and Surgeons, All Other",,305590
29-1071,Physician Assistants,,83540
29-1081,Podiatrists,,9210
29-1111,Registered Nurses*,,2724570
29-1122,Occupational Therapists,,103570
29-1123,Physical Therapists,,185440
29-1124,Radiation Therapists,,18380
29-1125,Recreational Therapists,,19650
29-1126,Respiratory Therapists,,113980
29-1127,Speech-Language Pathologists,,117210
29-1128,"Therapists, All Other*",,15720
29-1131,Veterinarians,,55410
29-1181,Audiologists,,12490
29-1199,"Health Diagnosing and Treating Practitioners, All Other",,32300
29-2011,Medical and Clinical Laboratory Technologists,,165220
29-2012,Medical and Clinical Laboratory Technicians,,156860
29-2021,Dental Hygienists,,184110
29-2031,Cardiovascular Technologists and Technicians,,50410
29-2032,Diagnostic Medical Sonographers,,54760
29-2033,Nuclear Medicine Technologists,,21200
29-2037,Radiologic Technologists and Technicians*,,220540
29-2041,Emergency Medical Technicians and Paramedics,,229340
29-2051,Dietetic Technicians,,23490
29-2052,Pharmacy Technicians,,343550
29-2053,Psychiatric Technicians,,69840
29-2054,Respiratory Therapy Technicians,,13940
29-2055,Surgical Technologists,,94490
29-2056,Veterinary Technologists and Technicians,,78800
29-2061,Licensed Practical and Licensed Vocational Nurses,,729140
29-2071,Medical Records and Health Information Technicians,,180280
29-2081,"Opticians, Dispensing",,60680
29-2091,Orthotists and Prosthetists,,6860
29-2799,"Health Technologists and Technicians, All Other*",,103120
29-9011,Occupational Health and Safety Specialists,,57950
29-9012,Occupational Health and Safety Technicians,,11090
29-9091,Athletic Trainers,,18240
29-9799,"Healthcare Practitioners and Technical Workers, All Other*",,55450
31-0000,Healthcare Support Occupations,major,3954070
31-1011,Home Health Aides,,924650
31-1012,"Nursing Aides, Orderlies, and Attendants*",,1466700
31-1013,Psychiatric Aides,,71570
31-2011,Occupational Therapy Assistants,,29130
31-2012,Occupational Therapy Aides,,7090
31-2021,Physical Therapist Assistants,,67550
31-2022,Physical Therapist Aides,,47640
31-9011,Massage Therapists,,63810
31-9091,Dental Assistants,,296810
31-9092,Medical Assistants,,539220
31-9093,Medical Equipment Preparers,,49560
31-9094,Medical Transcriptionists,,76570
31-9095,Pharmacy Aides,,45130
31-9096,Veterinary Assistants and Laboratory Animal Caretakers,,72530
31-9799,"Healthcare Support Workers, All Other*",,196100
33-0000,Protective Service Occupations,major,3202500
33-1011,First-Line Supervisors of Correctional Officers,,40980
33-1012,First-Line Supervisors of Police and Detectives,,102040
33-1021,First-Line Supervisors of Fire Fighting and Prevention Workers,,58210
33-1099,"First-Line Supervisors of Protective Service Workers, All Other",,55910
33-2011,Firefighters,,304080
33-2021,Fire Inspectors and Investigators,,12560
33-2022,Forest Fire Inspectors and Prevention Specialists,,1530
33-3011,Bailiffs,,16730
33-3012,Correctional Officers and Jailers,,448740
33-3021,Detectives and Criminal Investigators,,111930
33-3031,Fish and Game Wardens,,7180
33-3041,Parking Enforcement Workers,,9310
33-3051,Police and Sheriff's Patrol Officers,,636410
33-3052,Transit and Railroad Police,,3890
33-9011,Animal Control Workers,,14960
33-9021,Private Detectives and Investigators,,26080
33-9031,Gaming Surveillance Officers and Gaming Investigators,,7580
33-9032,Security Guards,,1032940
33-9091,Crossing Guards,,68520
33-9092,"Lifeguards, Ski Patrol, and Other Recreational Protective Service Workers",,123140
33-9093,Transportation Security Screeners* (federal only),,45320
33-9099,"Protective Service Workers, All Other *",,74470
35-0000,Food Preparation and Serving Related Occupations,major,11218710
35-1011,Chefs and Head Cooks,,90300
35-1012,First-Line Supervisors of Food Preparation and Serving Workers,,787540
35-2011,"Cooks, Fast Food",,502450
35-2012,"Cooks, Institution and Cafeteria",,396970
35-2013,"Cooks, Private Household",,370
35-2014,"Cooks, Restaurant",,947060
35-2015,"Cooks, Short Order",,168320
35-2019,"Cooks, All Other",,20700
35-2021,Food Preparation Workers,,775140
35-3011,Bartenders,,512230
35-3021,"Combined Food Preparation and Serving Workers, Including Fast Food",,2799430
35-3022,"Counter Attendants, Cafeteria, Food Concession, and Coffee Shop",,441830
35-3031,Waiters and Waitresses,,2289010
35-3041,"Food Servers, Nonrestaurant",,221000
35-9011,Dining Room and Cafeteria Attendants and Bartender Helpers,,391290
35-9021,Dishwashers,,504280
35-9031,"Hosts and Hostesses, Restaurant, Lounge, and Coffee Shop",,329070
35-9099,"Food Preparation and Serving Related Workers, All Other",,41730
37-0000,Building and Grounds Cleaning and Maintenance Occupations,major,4191750
37-1011,First-Line Supervisors of Housekeeping and Janitorial Workers,,171960
37-1012,"First-Line Supervisors of Landscaping, Lawn Service, and Groundskeeping Workers",,100460
37-2011,"Janitors and Cleaners, Except Maids and Housekeeping Cleaners",,2068460
37-2012,Maids and Housekeeping Cleaners,,877980
37-2019,"Building Cleaning Workers, All Other",,12370
37-2021,Pest Control Workers,,62270
37-3011,Landscaping and Groundskeeping Workers,,821750
37-3012,"Pesticide Handlers, Sprayers, and Applicators, Vegetation",,23540
37-3013,Tree Trimmers and Pruners,,38530
37-3019,"Grounds Maintenance Workers, All Other",,14430
39-0000,Personal Care and Service Occupations,major,3619250
39-1011,Gaming Supervisors,,23080
39-1012,Slot Supervisors,,8570
39-1021,First-Line Supervisors of Personal Service Workers,,136520
39-2011,Animal Trainers,,10530
39-2021,Nonfarm Animal Caretakers,,144240
39-3011,Gaming Dealers,,88370
39-3012,Gaming and Sports Book Writers and Runners,,12800
39-3019,"Gaming Service Workers, All Other",,10270
39-3021,Motion Picture Projectionists,,8890
39-3031,"Ushers, Lobby Attendants, and Ticket Takers",,105560
39-3091,Amusement and Recreation Attendants,,253110
39-3092,Costume Attendants,,5460
39-3093,"Locker Room, Coatroom, and Dressing Room Attendants",,18410
39-3099,"Entertainment Attendants and Related Workers, All Other",,22500
39-4011,Embalmers,,6360
39-4021,Funeral Attendants,,30940
39-4831,"Funeral Service Managers, Directors, Morticians, and Undertakers",,29760
39-5011,Barbers,,10430
39-5012,"Hairdressers, Hairstylists, and Cosmetologists",,357030
39-5091,"Makeup Artists, Theatrical and Performance",,2040
39-5092,Manicurists and Pedicurists,,56270
39-5093,Shampooers,,13240
39-5094,Skincare Specialists,,31450
39-6011,Baggage Porters and Bellhops,,44130
39-6012,Concierges,,22650
39-7011,Tour Guides and Escorts,,30730
39-7012,Travel Guides,,4110
39-9011,Childcare Workers,,631240
39-9021,Personal Care Aides,,820600
39-9031,Fitness Trainers and Aerobics Instructors,,231500
39-9032,Recreation Workers,,301840
39-9041,Residential Advisors,,76450
39-9099,"Personal Care and Service Workers, All Other",,70170
41-0000,Sales and Related Occupations,major,13646450
41-1011,First-Line Supervisors of Retail Sales Workers,,1197390
41-1012,First-Line Supervisors of Non-Retail Sales Workers,,235630
41-2011,Cashiers,,3314870
41-2012,Gaming Change Persons and Booth Cashiers,,20970
41-2021,Counter and Rental Clerks,,420070
41-2022,Parts Salespersons,,208800
41-2031,Retail Salespersons,,4270550
41-3011,Advertising Sales Agents,,144760
41-3021,Insurance Sales Agents,,321780
41-3031,"Securities, Commodities, and Financial Services Sales Agents",,307020
41-3041,Travel Agents,,67490
41-3099,"Sales Representatives, Services, All Other",,596480
41-4011,"Sales Representatives, Wholesale and Manufacturing, Technical and Scientific Products",,375500
41-4012,"Sales Representatives, Wholesale and Manufacturing, Except Technical and Scientific Products",,1390480
41-9011,Demonstrators and Product Promoters,,72620
41-9012,Models,,2760
41-9021,Real Estate Brokers,,38200
41-9022,Real Estate Sales Agents,,158340
41-9031,Sales Engineers,,65580
41-9041,Telemarketers,,258060
41-9091,"Door-to-Door Sales Workers, News and Street Vendors, and Related Workers",,6910
41-9799,"Sales and Related Workers, All Other*",,172170
43-0000,Office and Administrative Support Occupations,major,21384330
43-1011,First-Line Supervisors of Office and Administrative Support Workers,,1364720
43-2011,"Switchboard Operators, Including Answering Service",,132680
43-2021,Telephone Operators,,14890
43-2099,"Communications Equipment Operators, All Other",,2580
43-3011,Bill and Account Collectors,,390800
43-3021,Billing and Posting Clerks,,485820
43-3031,"Bookkeeping, Accounting, and Auditing Clerks",,1643470
43-3041,Gaming Cage Workers,,15690
43-3051,Payroll and Timekeeping Clerks,,176320
43-3061,Procurement Clerks,,70540
43-3071,Tellers,,544150
43-4011,Brokerage Clerks,,60720
43-4021,Correspondence Clerks,,8680
43-4031,"Court, Municipal, and License Clerks",,121290
43-4041,"Credit Authorizers, Checkers, and Clerks",,51240
43-4051,Customer Service Representatives,,2212820
43-4061,"Eligibility Interviewers, Government Programs",,120610
43-4071,File Clerks,,165250
43-4081,"Hotel, Motel, and Resort Desk Clerks",,224430
43-4111,"Interviewers, Except Eligibility and Loan",,200150
43-4121,"Library Assistants, Clerical",,109440
43-4131,Loan Interviewers and Clerks,,186240
43-4141,New Accounts Clerks,,60830
43-4151,Order Clerks,,215390
43-4161,"Human Resources Assistants, Except Payroll and Timekeeping",,145780
43-4171,Receptionists and Information Clerks,,973800
43-4181,Reservation and Transportation Ticket Agents and Travel Clerks,,126790
43-4199,"Information and Record Clerks, All Other",,192910
43-5011,Cargo and Freight Agents,,80570
43-5021,Couriers and Messengers,,83250
43-5031,"Police, Fire, and Ambulance Dispatchers",,97100
43-5032,"Dispatchers, Except Police, Fire, and Ambulance",,182310
43-5041,"Meter Readers, Utilities",,40630
43-5051,Postal Service Clerks,,65040
43-5052,Postal Service Mail Carriers,,315330
43-5053,"Postal Service Mail Sorters, Processors, and Processing Machine Operators",,139700
43-5061,"Production, Planning, and Expediting Clerks",,272910
43-5071,"Shipping, Receiving, and Traffic Clerks",,687940
43-5081,Stock Clerks and Order Fillers,,1782800
43-5111,"Weighers, Measurers, Checkers, and Samplers, Recordkeeping",,68090
43-6011,Executive Secretaries and Executive Administrative Assistants,,952030
43-6012,Legal Secretaries,,220680
43-6013,Medical Secretaries,,502850
43-6014,"Secretaries and Administrative Assistants, Except Legal, Medical, and Executive",,1955570
43-9011,Computer Operators,,77280
43-9021,Data Entry Keyers,,211200
43-9022,Word Processors and Typists,,96330
43-9031,Desktop Publishers,,18620
43-9041,Insurance Claims and Policy Processing Clerks,,218630
43-9051,"Mail Clerks and Mail Machine Operators, Except Postal Service",,115010
43-9061,"Office Clerks, General",,2828140
43-9071,"Office Machine Operators, Except Computer",,66280
43-9081,Proofreaders and Copy Markers,,11270
43-9111,Statistical Assistants,,14780
43-9799,"Office and Administrative Support Workers, All Other*",,261990
45-0000,"Farming, Fishing, and Forestry Occupations",major,409590
45-1011,"First-Line Supervisors of Farming, Fishing, and Forestry Workers",,18920
45-2011,Agricultural Inspectors,,13780
45-2021,Animal Breeders,,1460
45-2041,"Graders and Sorters, Agricultural Products",,40970
45-2091,Agricultural Equipment Operators,,22680
45-2092,"Farmworkers and Laborers, Crop, Nursery, and Greenhouse",,233280
45-2093,"Farmworkers, Farm, Ranch, and Aquacultural Animals",,29790
45-2099,"Agricultural Workers, All Other",,6710
45-3011,Fishers and Related Fishing Workers,,640
45-4011,Forest and Conservation Workers,,8250
45-4021,Fallers,,5020
45-4022,Logging Equipment Operators,,22470
45-4023,Log Graders and Scalers,,2810
45-4029,"Logging Workers, All Other",,2760
47-0000,Construction and Extraction Occupations,major,4956770
47-1011,First-Line Supervisors of Construction Trades and Extraction Workers,,459830
47-2011,Boilermakers,,18850
47-2021,Brickmasons and Blockmasons,,62560
47-2022,Stonemasons,,11950
47-2031,Carpenters,,578910
47-2041,Carpet Installers,,24670
47-2042,"Floor Layers, Except Carpet, Wood, and Hard Tiles",,9660
47-2043,Floor Sanders and Finishers,,4970
47-2044,Tile and Marble Setters,,28630
47-2051,Cement Masons and Concrete Finishers,,135330
47-2053,Terrazzo Workers and Finishers,,3500
47-2061,Construction Laborers,,779370
47-2071,"Paving, Surfacing, and Tamping Equipment Operators",,54120
47-2072,Pile-Driver Operators,,3830
47-2073,Operating Engineers and Other Construction Equipment Operators,,335410
47-2081,Drywall and Ceiling Tile Installers,,75520
47-2082,Tapers,,15340
47-2111,Electricians,,512290
47-2121,Glaziers,,41960
47-2131,"Insulation Workers, Floor, Ceiling, and Wall",,24170
47-2132,"Insulation Workers, Mechanical",,28600
47-2141,"Painters, Construction and Maintenance",,184820
47-2142,Paperhangers,,4230
47-2151,Pipelayers,,43570
47-2152,"Plumbers, Pipefitters, and Steamfitters",,349320
47-2161,Plasterers and Stucco Masons,,22810
47-2171,Reinforcing Iron and Rebar Workers,,15730
47-2181,Roofers,,95840
47-2211,Sheet Metal Workers,,130670
47-2221,Structural Iron and Steel Workers,,56920
47-3011,"Helpers--Brickmasons, Blockmasons, Stonemasons, and Tile and Marble Setters",,26750
47-3012,Helpers--Carpenters,,40160
47-3013,Helpers--Electricians,,65300
47-3014,"Helpers--Painters, Paperhangers, Plasterers, and Stucco Masons",,10980
47-3015,"Helpers--Pipelayers, Plumbers, Pipefitters, and Steamfitters",,51420
47-3016,Helpers--Roofers,,12540
47-3019,"Helpers, Construction Trades, All Other",,19020
47-4011,Construction and Building Inspectors,,89620
47-4021,Elevator Installers and Repairers,,20440
47-4031,Fence Erectors,,21000
47-4041,Hazardous Materials Removal Workers,,36270
47-4051,Highway Maintenance Workers,,143760
47-4061,Rail-Track Laying and Maintenance Equipment Operators,,15590
47-4071,Septic Tank Servicers and Sewer Pipe Cleaners,,24940
47-4091,Segmental Pavers,,1330
47-4799,"Construction and Related Workers, All Other*",,39160
47-5011,"Derrick Operators, Oil and Gas",,19480
47-5012,"Rotary Drill Operators, Oil and Gas",,21650
47-5013,"Service Unit Operators, Oil, Gas, and Mining",,46880
47-5021,"Earth Drillers, Except Oil and Gas",,17020
47-5031,"Explosives Workers, Ordnance Handling Experts, and Blasters",,5210
47-5041,Continuous Mining Machine Operators,,12280
47-5042,Mine Cutting and Channeling Machine Operators,,5850
47-5049,"Mining Machine Operators, All Other",,2980
47-5051,"Rock Splitters, Quarry",,3600
47-5061,"Roof Bolters, Mining",,6060
47-5071,"Roustabouts, Oil and Gas",,51540
47-5081,Helpers--Extraction Workers,,23970
47-5099,"Extraction Workers, All Other",,8590
49-0000,"Installation, Maintenance, and Repair Occupations",major,4988980
49-1011,"First-Line Supervisors of Mechanics, Installers, and Repairers",,418530
49-2011,"Computer, Automated Teller, and Office Machine Repairers",,111690
49-2021,"Radio, Cellular, and Tower Equipment Installers and Repairs",,12920
49-2022,"Telecommunications Equipment Installers and Repairers, Except Line Installers",,199240
49-2091,Avionics Technicians,,17070
49-2092,"Electric Motor, Power Tool, and Related Repairers",,18710
49-2093,"Electrical and Electronics Installers and Repairers, Transportation Equipment",,14410
49-2094,"Electrical and Electronics Repairers, Commercial and Industrial Equipment",,67220
49-2095,"Electrical and Electronics Repairers, Powerhouse, Substation, and Relay",,23850
49-2096,"Electronic Equipment Installers and Repairers, Motor Vehicles",,13610
49-2097,Electronic Home Entertainment Equipment Installers and Repairers,,27580
49-2098,Security and Fire Alarm Systems Installers,,56330
49-3011,Aircraft Mechanics and Service Technicians,,117320
49-3021,Automotive Body and Related Repairers,,131040
49-3022,Automotive Glass Installers and Repairers,,13690
49-3023,Automotive Service Technicians and Mechanics,,589750
49-3031,Bus and Truck Mechanics and Diesel Engine Specialists,,222940
49-3041,Farm Equipment Mechanics and Service Technicians,,32100
49-3042,"Mobile Heavy Equipment Mechanics, Except Engines",,109810
49-3043,Rail Car Repairers,,19480
49-3051,Motorboat Mechanics and Service Technicians,,16770
49-3052,Motorcycle Mechanics,,15010
49-3053,Outdoor Power Equipment and Other Small Engine Mechanics,,26610
49-3091,Bicycle Repairers,,9950
49-3092,Recreational Vehicle Service Technicians,,10110
49-3093,Tire Repairers and Changers,,94740
49-9011,Mechanical Door Repairers,,14620
49-9012,"Control and Valve Installers and Repairers, Except Mechanical Door",,42450
49-9021,"Heating, Air Conditioning, and Refrigeration Mechanics and Installers",,231160
49-9031,Home Appliance Repairers,,34770
49-9041,Industrial Machinery Mechanics,,292470
49-9043,"Maintenance Workers, Machinery",,77980
49-9044,Millwrights,,37730
49-9045,"Refractory Materials Repairers, Except Brickmasons",,2040
49-9051,Electrical Power-Line Installers and Repairers,,105570
49-9052,Telecommunications Line Installers and Repairers,,148930
49-9061,Camera and Photographic Equipment Repairers,,2650
49-9062,Medical Equipment Repairers,,34710
49-9063,Musical Instrument Repairers and Tuners,,6850
49-9064,Watch Repairers,,2480
49-9069,"Precision Instrument and Equipment Repairers, All Other",,12230
49-9071,"Maintenance and Repair Workers, General",,1225450
49-9091,"Coin, Vending, and Amusement Machine Servicers and Repairers",,36940
49-9092,Commercial Divers,,3760
49-9093,"Fabric Menders, Except Garment",,760
49-9094,Locksmiths and Safe Repairers,,16200
49-9095,Manufactured Building and Mobile Home Installers,,4320
49-9096,Riggers,,13750
49-9097,Signal and Track Switch Repairers,,8300
49-9098,"Helpers--Installation, Maintenance, and Repair Workers",,122820
49-9799,"Installation, Maintenance, and Repair Workers, All Other*",,119580
51-0000,Production Occupations,major,8365980
51-1011,First-Line Supervisors of Production and Operating Workers,,559350
51-2011,"Aircraft Structure, Surfaces, Rigging, and Systems Assemblers",,36570
51-2021,"Coil Winders, Tapers, and Finishers",,13670
51-2022,Electrical and Electronic Equipment Assemblers,,187920
51-2023,Electromechanical Equipment Assemblers,,50320
51-2031,Engine and Other Machine Assemblers,,36670
51-2041,Structural Metal Fabricators and Fitters,,76050
51-2091,Fiberglass Laminators and Fabricators,,19070
51-2092,Team Assemblers,,952300
51-2093,Timing Device Assemblers and Adjusters,,1000
51-2099,"Assemblers and Fabricators, All Other",,265260
51-3011,Bakers,,149910
51-3021,Butchers and Meat Cutters,,130720
51-3022,"Meat, Poultry, and Fish Cutters and Trimmers",,164650
51-3023,Slaughterers and Meat Packers,,80110
51-3091,"Food and Tobacco Roasting, Baking, and Drying Machine Operators and Tenders",,18890
51-3092,Food Batchmakers,,100210
51-3093,Food Cooking Machine Operators and Tenders,,31020
51-4011,"Computer-Controlled Machine Tool Operators, Metal and Plastic",,128870
51-4012,"Computer Numerically Controlled Machine Tool Programmers, Metal and Plastic",,20370
51-4021,"Extruding and Drawing Machine Setters, Operators, and Tenders, Metal and Plastic",,75170
51-4022,"Forging Machine Setters, Operators, and Tenders, Metal and Plastic",,21790
51-4023,"Rolling Machine Setters, Operators, and Tenders, Metal and Plastic",,35180
51-4031,"Cutting, Punching, and Press Machine Setters, Operators, and Tenders, Metal and Plastic",,181160
51-4032,"Drilling and Boring Machine Tool Setters, Operators, and Tenders, Metal and Plastic",,21560
51-4033,"Grinding, Lapping, Polishing, and Buffing Machine Tool Setters, Operators, and Tenders, Metal and Plastic",,70450
51-4034,"Lathe and Turning Machine Tool Setters, Operators, and Tenders, Metal and Plastic",,39930
51-4035,"Milling and Planing Machine Setters, Operators, and Tenders, Metal and Plastic",,21700
51-4041,Machinists,,368510
51-4051,Metal-Refining Furnace Operators and Tenders,,18050
51-4052,"Pourers and Casters, Metal",,11070
51-4061,"Model Makers, Metal and Plastic",,5780
51-4062,"Patternmakers, Metal and Plastic",,4290
51-4071,Foundry Mold and Coremakers,,11680
51-4072,"Molding, Coremaking, and Casting Machine Setters, Operators, and Tenders, Metal and Plastic",,118300
51-4081,"Multiple Machine Tool Setters, Operators, and Tenders, Metal and Plastic",,77290
51-4111,Tool and Die Makers,,70320
51-4121,"Welders, Cutters, Solderers, and Brazers",,316290
51-4122,"Welding, Soldering, and Brazing Machine Setters, Operators, and Tenders",,40350
51-4191,"Heat Treating Equipment Setters, Operators, and Tenders, Metal and Plastic",,20770
51-4192,"Layout Workers, Metal and Plastic",,9600
51-4193,"Plating and Coating Machine Setters, Operators, and Tenders, Metal and Plastic",,31150
51-4194,"Tool Grinders, Filers, and Sharpeners",,11860
51-4199,"Metal Workers and Plastic Workers, All Other",,21720
51-5111,Prepress Technicians and Workers,,43430
51-5112,Printing Press Operators,,179220
51-5113,Print Binding and Finishing Workers,,53980
51-6011,Laundry and Dry-Cleaning Workers,,201180
51-6021,"Pressers, Textile, Garment, and Related Materials",,52790
51-6031,Sewing Machine Operators,,142860
51-6041,Shoe and Leather Workers and Repairers,,5360
51-6042,Shoe Machine Operators and Tenders,,3510
51-6051,"Sewers, Hand",,5460
51-6052,"Tailors, Dressmakers, and Custom Sewers",,25530
51-6061,Textile Bleaching and Dyeing Machine Operators and Tenders,,11870
51-6062,"Textile Cutting Machine Setters, Operators, and Tenders",,15980
51-6063,"Textile Knitting and Weaving Machine Setters, Operators, and Tenders",,21160
51-6064,"Textile Winding, Twisting, and Drawing Out Machine Setters, Operators, and Tenders",,27400
51-6091,"Extruding and Forming Machine Setters, Operators, and Tenders, Synthetic and Glass Fibers",,16050
51-6092,Fabric and Apparel Patternmakers,,6410
51-6093,Upholsterers,,28260
51-6099,"Textile, Apparel, and Furnishings Workers, All Other",,13980
51-7011,Cabinetmakers and Bench Carpenters,,81260
51-7021,Furniture Finishers,,14850
51-7031,"Model Makers, Wood",,1370
51-7032,"Patternmakers, Wood",,820
51-7041,"Sawing Machine Setters, Operators, and Tenders, Wood",,37620
51-7042,"Woodworking Machine Setters, Operators, and Tenders, Except Sawing",,58730
51-7099,"Woodworkers, All Other",,7600
51-8011,Nuclear Power Reactor Operators,,6240
51-8012,Power Distributors and Dispatchers,,11600
51-8013,Power Plant Operators,,39980
51-8021,Stationary Engineers and Boiler Operators,,34580
51-8031,Water and Wastewater Treatment Plant and System Operators,,109190
51-8091,Chemical Plant and System Operators,,40580
51-8092,Gas Plant Operators,,11750
51-8093,"Petroleum Pump System Operators, Refinery Operators, and Gaugers",,41570
51-8099,"Plant and System Operators, All Other",,11740
51-9011,Chemical Equipment Operators and Tenders,,49020
51-9012,"Separating, Filtering, Clarifying, Precipitating, and Still Machine Setters, Operators, and Tenders",,39660
51-9021,"Crushing, Grinding, and Polishing Machine Setters, Operators, and Tenders",,31540
51-9022,"Grinding and Polishing Workers, Hand",,27630
51-9023,"Mixing and Blending Machine Setters, Operators, and Tenders",,118700
51-9031,"Cutters and Trimmers, Hand",,14670
51-9032,"Cutting and Slicing Machine Setters, Operators, and Tenders",,59430
51-9041,"Extruding, Forming, Pressing, and Compacting Machine Setters, Operators, and Tenders",,66330
51-9051,"Furnace, Kiln, Oven, Drier, and Kettle Operators and Tenders",,18940
51-9061,"Inspectors, Testers, Sorters, Samplers, and Weighers",,434170
51-9071,Jewelers and Precious Stone and Metal Workers,,21640
51-9081,Dental Laboratory Technicians,,37600
51-9082,Medical Appliance Technicians,,13390
51-9083,Ophthalmic Laboratory Technicians,,27630
51-9111,Packaging and Filling Machine Operators and Tenders,,354810
51-9121,"Coating, Painting, and Spraying Machine Setters, Operators, and Tenders",,77090
51-9122,"Painters, Transportation Equipment",,44730
51-9123,"Painting, Coating, and Decorating Workers",,19370
51-9141,Semiconductor Processors,,22070
51-9151,Photographic Process Workers and Processing Machine Operators,,50570
51-9191,Adhesive Bonding Machine Operators and Tenders,,16040
51-9192,"Cleaning, Washing, and Metal Pickling Equipment Operators and Tenders",,16430
51-9193,Cooling and Freezing Equipment Operators and Tenders,,8080
51-9194,Etchers and Engravers,,8260
51-9195,"Molders, Shapers, and Casters, Except Metal and Plastic",,30600
51-9196,"Paper Goods Machine Setters, Operators, and Tenders",,93290
51-9197,Tire Builders,,16690
51-9198,Helpers--Production Workers,,420910
51-9399,"Production Workers, All Other*",,235910
53-0000,Transportation and Material Moving Occupations,major,8635940
53-1011,Aircraft Cargo Handling Supervisors,,6710
53-1021,"First-Line Supervisors of Helpers, Laborers, and Material Movers, Hand",,166560
53-1031,First-Line Supervisors of Transportation and Material-Moving Machine and Vehicle Operators,,198690
53-2011,"Airline Pilots, Copilots, and Flight Engineers",,68350
53-2012,Commercial Pilots,,31630
53-2021,Air Traffic Controllers,,23580
53-2022,Airfield Operations Specialists,,6060
53-2031,Flight Attendants,,87190
53-3011,"Ambulance Drivers and Attendants, Except Emergency Medical Technicians",,18080
53-3021,"Bus Drivers, Transit and Intercity",,176190
53-3022,"Bus Drivers, School or Special Client",,477400
53-3031,Driver/Sales Workers,,387950
53-3032,Heavy and Tractor-Trailer Truck Drivers,,1508620
53-3033,Light Truck or Delivery Services Drivers,,771210
53-3041,Taxi Drivers and Chauffeurs,,166890
53-3099,"Motor Vehicle Operators, All Other",,61600
53-4011,Locomotive Engineers,,38790
53-4012,Locomotive Firers,,1670
53-4013,"Rail Yard Engineers, Dinkey Operators, and Hostlers",,5060
53-4021,"Railroad Brake, Signal, and Switch Operators",,23830
53-4031,Railroad Conductors and Yardmasters,,44280
53-4041,Subway and Streetcar Operators,,5920
53-4099,"Rail Transportation Workers, All Other",,2400
53-5011,Sailors and Marine Oilers,,31280
53-5021,"Captains, Mates, and Pilots of Water Vessels",,30220
53-5022,Motorboat Operators,,2550
53-5031,Ship Engineers,,10010
53-6011,Bridge and Lock Tenders,,3420
53-6021,Parking Lot Attendants,,126160
53-6031,Automotive and Watercraft Service Attendants,,102090
53-6041,Traffic Technicians,,6280
53-6051,Transportation Inspectors,,24810
53-6061,"Transportation Attendants, Except Flight Attendants",,27040
53-6099,"Transportation Workers, All Other",,30180
53-7011,Conveyor Operators and Tenders,,37200
53-7021,Crane and Tower Operators,,41070
53-7031,Dredge Operators,,1590
53-7032,Excavating and Loading Machine and Dragline Operators,,47530
53-7033,"Loading Machine Operators, Underground Mining",,2290
53-7041,Hoist and Winch Operators,,3320
53-7051,Industrial Truck and Tractor Operators,,503290
53-7061,Cleaners of Vehicles and Equipment,,290780
53-7062,"Laborers and Freight, Stock, and Material Movers, Hand",,2063580
53-7063,Machine Feeders and Offbearers,,110950
53-7064,"Packers and Packagers, Hand",,666860
53-7071,Gas Compressor and Gas Pumping Station Operators,,3870
53-7072,"Pump Operators, Except Wellhead Pumpers",,12150
53-7073,Wellhead Pumpers,,13190
53-7081,Refuse and Recyclable Material Collectors,,123160
53-7111,Mine Shuttle Car Operators,,3080
53-7121,"Tank Car, Truck, and Ship Loaders",,10960
53-7199,"Material Moving Workers, All Other",,28370
