occ_code,occ_title,occ_group,emp_13
00-0000,All Occupations,total,132588810
11-0000,Management Occupations,major,6542950
11-1000,Top Executives,minor,2278260
11-1010,Chief Executives,broad,248760
11-1011,Chief Executives,detailed,248760
11-1020,General and Operations Managers,broad,1973700
11-1021,General and Operations Managers,detailed,1973700
11-1030,Legislators,broad,55800
11-1031,Legislators,detailed,55800
11-2000,"Advertising, Marketing, Promotions, Public Relations, and Sales Managers",minor,608470
11-2010,Advertising and Promotions Managers,broad,28530
11-2011,Advertising and Promotions Managers,detailed,28530
11-2020,Marketing and Sales Managers,broad,526220
11-2021,Marketing Managers,detailed,174010
11-2022,Sales Managers,detailed,352220
11-2030,Public Relations and Fundraising Managers,broad,53730
11-2031,Public Relations and Fundraising Managers,detailed,53730
11-3000,Operations Specialties Managers,minor,1582020
11-3010,Administrative Services Managers,broad,269500
11-3011,Administrative Services Managers,detailed,269500
11-3020,Computer and Information Systems Managers,broad,319080
11-3021,Computer and Information Systems Managers,detailed,319080
11-3030,Financial Managers,broad,499320
11-3031,Financial Managers,detailed,499320
11-3050,Industrial Production Managers,broad,165340
11-3051,Industrial Production Managers,detailed,165340
11-3060,Purchasing Managers,broad,69620
11-3061,Purchasing Managers,detailed,69620
11-3070,"Transportation, Storage, and Distribution Managers",broad,102610
11-3071,"Transportation, Storage, and Distribution Managers",detailed,102610
11-3110,Compensation and Benefits Managers,broad,17570
11-3111,Compensation and Benefits Managers,detailed,17570
11-3120,Human Resources Managers,broad,110650
11-3121,Human Resources Managers,detailed,110650
11-3130,Training and Development Managers,broad,28340
11-3131,Training and Development Managers,detailed,28340
11-9000,Other Management Occupations,minor,2074200
11-9010,"Farmers, Ranchers, and Other Agricultural Managers",broad,3770
11-9013,"Farmers, Ranchers, and Other Agricultural Managers",detailed,3770
11-9020,Construction Managers,broad,213720
11-9021,Construction Managers,detailed,213720
11-9030,Education Administrators,broad,431540
11-9031,"Education Administrators, Preschool and Childcare Center/Program",detailed,47560
11-9032,"Education Administrators, Elementary and Secondary School",detailed,226760
11-9033,"Education Administrators, Postsecondary",detailed,126340
11-9039,"Education Administrators, All Other",detailed,30880
11-9040,Architectural and Engineering Managers,broad,183430
11-9041,Architectural and Engineering Managers,detailed,183430
11-9050,Food Service Managers,broad,191030
11-9051,Food Service Managers,detailed,191030
11-9060,Funeral Service Managers,broad,8810
11-9061,Funeral Service Managers,detailed,8810
11-9070,Gaming Managers,broad,4460
11-9071,Gaming Managers,detailed,4460
11-9080,Lodging Managers,broad,30950
11-9081,Lodging Managers,detailed,30950
11-9110,Medical and Health Services Managers,broad,300180
11-9111,Medical and Health Services Managers,detailed,300180
11-9120,Natural Sciences Managers,broad,51900
11-9121,Natural Sciences Managers,detailed,51900
11-9130,Postmasters and Mail Superintendents,broad,17930
11-9131,Postmasters and Mail Superintendents,detailed,17930
11-9140,"Property, Real Estate, and Community Association Managers",broad,165960
11-9141,"Property, Real Estate, and Community Association Managers",detailed,165960
11-9150,Social and Community Service Managers,broad,115330
11-9151,Social and Community Service Managers,detailed,115330
11-9160,Emergency Management Directors,broad,9800
11-9161,Emergency Management Directors,detailed,9800
11-9190,Miscellaneous Managers,broad,345390
11-9199,"Managers, All Other",detailed,345390
13-0000,Business and Financial Operations Occupations,major,6658090
13-1000,Business Operations Specialists,minor,4137510
13-1010,"Agents and Business Managers of Artists, Performers, and Athletes",broad,11680
13-1011,"Agents and Business Managers of Artists, Performers, and Athletes",detailed,11680
13-1020,Buyers and Purchasing Agents,broad,408060
13-1021,"Buyers and Purchasing Agents, Farm Products",detailed,11290
13-1022,"Wholesale and Retail Buyers, Except Farm Products",detailed,112290
13-1023,"Purchasing Agents, Except Wholesale, Retail, and Farm Products",detailed,284480
13-1030,"Claims Adjusters, Appraisers, Examiners, and Investigators",broad,288680
13-1031,"Claims Adjusters, Examiners, and Investigators",detailed,275500
13-1032,"Insurance Appraisers, Auto Damage",detailed,13180
13-1040,Compliance Officers,broad,236090
13-1041,Compliance Officers,detailed,236090
13-1050,Cost Estimators,broad,202600
13-1051,Cost Estimators,detailed,202600
13-1070,Human Resources Workers,broad,503940
13-1071,Human Resources Specialists,detailed,426570
13-1074,Farm Labor Contractors,detailed,1210
13-1075,Labor Relations Specialists,detailed,76160
13-1080,Logisticians,broad,120340
13-1081,Logisticians,detailed,120340
13-1110,Management Analysts,broad,567840
13-1111,Management Analysts,detailed,567840
13-1120,"Meeting, Convention, and Event Planners",broad,73290
13-1121,"Meeting, Convention, and Event Planners",detailed,73290
13-1130,Fundraisers,broad,50530
13-1131,Fundraisers,detailed,50530
13-1140,"Compensation, Benefits, and Job Analysis Specialists",broad,81520
13-1141,"Compensation, Benefits, and Job Analysis Specialists",detailed,81520
13-1150,Training and Development Specialists,broad,224110
13-1151,Training and Development Specialists,detailed,224110
13-1160,Market Research Analysts and Marketing Specialists,broad,430350
13-1161,Market Research Analysts and Marketing Specialists,detailed,430350
13-1190,Miscellaneous Business Operations Specialists,broad,938480
13-1199,"Business Operations Specialists, All Other",detailed,938480
13-2000,Financial Specialists,minor,2520580
13-2010,Accountants and Auditors,broad,1168330
13-2011,Accountants and Auditors,detailed,1168330
13-2020,Appraisers and Assessors of Real Estate,broad,60210
13-2021,Appraisers and Assessors of Real Estate,detailed,60210
13-2030,Budget Analysts,broad,58740
13-2031,Budget Analysts,detailed,58740
13-2040,Credit Analysts,broad,66490
13-2041,Credit Analysts,detailed,66490
13-2050,Financial Analysts and Advisors,broad,526630
13-2051,Financial Analysts,detailed,250670
13-2052,Personal Financial Advisors,detailed,183420
13-2053,Insurance Underwriters,detailed,92540
13-2060,Financial Examiners,broad,30680
13-2061,Financial Examiners,detailed,30680
13-2070,Credit Counselors and Loan Officers,broad,329570
13-2071,Credit Counselors,detailed,27710
13-2072,Loan Officers,detailed,301860
13-2080,"Tax Examiners, Collectors and Preparers, and Revenue Agents",broad,132600
13-2081,"Tax Examiners and Collectors, and Revenue Agents",detailed,64790
13-2082,Tax Preparers,detailed,67810
13-2090,Miscellaneous Financial Specialists,broad,147330
13-2099,"Financial Specialists, All Other",detailed,147330
15-0000,Computer and Mathematical Occupations,major,3696180
15-1100,Computer Occupations,minor,3573120
15-1110,Computer and Information Research Scientists,broad,24380
15-1111,Computer and Information Research Scientists,detailed,24380
15-1120,Computer and Information Analysts,broad,585120
15-1121,Computer Systems Analysts,detailed,507100
15-1122,Information Security Analysts,detailed,78020
15-1130,Software Developers and Programmers,broad,1442500
15-1131,Computer Programmers,detailed,312340
15-1132,"Software Developers, Applications",detailed,643830
15-1133,"Software Developers, Systems Software",detailed,373510
15-1134,Web Developers,detailed,112820
15-1140,Database and Systems Administrators and Network Architects,broad,618480
15-1141,Database Administrators,detailed,114910
15-1142,Network and Computer Systems Administrators,detailed,362310
15-1143,Computer Network Architects,detailed,141270
15-1150,Computer Support Specialists,broad,706360
15-1151,Computer User Support Specialists,detailed,541250
15-1152,Computer Network Support Specialists,detailed,165100
15-1190,Miscellaneous Computer Occupations,broad,196280
15-1199,"Computer Occupations, All Other",detailed,196280
15-2000,Mathematical Science Occupations,minor,123070
15-2010,Actuaries,broad,20080
15-2011,Actuaries,detailed,20080
15-2020,Mathematicians,broad,3030
15-2021,Mathematicians,detailed,3030
15-2030,Operations Research Analysts,broad,72680
15-2031,Operations Research Analysts,detailed,72680
15-2040,Statisticians,broad,24950
15-2041,Statisticians,detailed,24950
15-2090,Miscellaneous Mathematical Science Occupations,broad,2330
15-2091,Mathematical Technicians,detailed,1080
15-2099,"Mathematical Science Occupations, All Other",detailed,1240
17-0000,Architecture and Engineering Occupations,major,2380840
17-1000,"Architects, Surveyors, and Cartographers",minor,153200
17-1010,"Architects, Except Naval",broad,100550
17-1011,"Architects, Except Landscape and Naval",detailed,84210
17-1012,Landscape Architects,detailed,16330
17-1020,"Surveyors, Cartographers, and Photogrammetrists",broad,52650
17-1021,Cartographers and Photogrammetrists,detailed,11290
17-1022,Surveyors,detailed,41360
17-2000,Engineers,minor,1547580
17-2010,Aerospace Engineers,broad,71500
17-2011,Aerospace Engineers,detailed,71500
17-2020,Agricultural Engineers,broad,2590
17-2021,Agricultural Engineers,detailed,2590
17-2030,Biomedical Engineers,broad,19890
17-2031,Biomedical Engineers,detailed,19890
17-2040,Chemical Engineers,broad,33300
17-2041,Chemical Engineers,detailed,33300
17-2050,Civil Engineers,broad,262170
17-2051,Civil Engineers,detailed,262170
17-2060,Computer Hardware Engineers,broad,77670
17-2061,Computer Hardware Engineers,detailed,77670
17-2070,Electrical and Electronics Engineers,broad,303450
17-2071,Electrical Engineers,detailed,168100
17-2072,"Electronics Engineers, Except Computer",detailed,135350
17-2080,Environmental Engineers,broad,53020
17-2081,Environmental Engineers,detailed,53020
17-2110,"Industrial Engineers, Including Health and Safety",broad,254430
17-2111,"Health and Safety Engineers, Except Mining Safety Engineers and Inspectors",detailed,23850
17-2112,Industrial Engineers,detailed,230580
17-2120,Marine Engineers and Naval Architects,broad,6640
17-2121,Marine Engineers and Naval Architects,detailed,6640
17-2130,Materials Engineers,broad,24190
17-2131,Materials Engineers,detailed,24190
17-2140,Mechanical Engineers,broad,258630
17-2141,Mechanical Engineers,detailed,258630
17-2150,"Mining and Geological Engineers, Including Mining Safety Engineers",broad,7990
17-2151,"Mining and Geological Engineers, Including Mining Safety Engineers",detailed,7990
17-2160,Nuclear Engineers,broad,16400
17-2161,Nuclear Engineers,detailed,16400
17-2170,Petroleum Engineers,broad,34910
17-2171,Petroleum Engineers,detailed,34910
17-2190,Miscellaneous Engineers,broad,120810
17-2199,"Engineers, All Other",detailed,120810
17-3000,"Drafters, Engineering Technicians, and Mapping Technicians",minor,680070
17-3010,Drafters,broad,196460
17-3011,Architectural and Civil Drafters,detailed,88860
17-3012,Electrical and Electronics Drafters,detailed,29600
17-3013,Mechanical Drafters,detailed,63180
17-3019,"Drafters, All Other",detailed,14820
17-3020,"Engineering Technicians, Except Drafters",broad,435650
17-3021,Aerospace Engineering and Operations Technicians,detailed,10540
17-3022,Civil Engineering Technicians,detailed,69830
17-3023,Electrical and Electronics Engineering Technicians,detailed,141150
17-3024,Electro-Mechanical Technicians,detailed,15540
17-3025,Environmental Engineering Technicians,detailed,18020
17-3026,Industrial Engineering Technicians,detailed,68520
17-3027,Mechanical Engineering Technicians,detailed,46090
17-3029,"Engineering Technicians, Except Drafters, All Other",detailed,65960
17-3030,Surveying and Mapping Technicians,broad,47950
17-3031,Surveying and Mapping Technicians,detailed,47950
19-0000,"Life, Physical, and Social Science Occupations",major,1135030
19-1000,Life Scientists,minor,277080
19-1010,Agricultural and Food Scientists,broad,30490
19-1011,Animal Scientists,detailed,2320
19-1012,Food Scientists and Technologists,detailed,15010
19-1013,Soil and Plant Scientists,detailed,13160
19-1020,Biological Scientists,broad,100620
19-1021,Biochemists and Biophysicists,detailed,29110
19-1022,Microbiologists,detailed,19880
19-1023,Zoologists and Wildlife Biologists,detailed,18530
19-1029,"Biological Scientists, All Other",detailed,33100
19-1030,Conservation Scientists and Foresters,broad,27810
19-1031,Conservation Scientists,detailed,18590
19-1032,Foresters,detailed,9220
19-1040,Medical Scientists,broad,109620
19-1041,Epidemiologists,detailed,5350
19-1042,"Medical Scientists, Except Epidemiologists",detailed,104280
19-1090,Miscellaneous Life Scientists,broad,8550
19-1099,"Life Scientists, All Other",detailed,8550
19-2000,Physical Scientists,minor,276740
19-2010,Astronomers and Physicists,broad,19090
19-2011,Astronomers,detailed,1750
19-2012,Physicists,detailed,17340
19-2020,Atmospheric and Space Scientists,broad,10800
19-2021,Atmospheric and Space Scientists,detailed,10800
19-2030,Chemists and Materials Scientists,broad,94950
19-2031,Chemists,detailed,87560
19-2032,Materials Scientists,detailed,7400
19-2040,Environmental Scientists and Geoscientists,broad,128610
19-2041,"Environmental Scientists and Specialists, Including Health",detailed,87380
19-2042,"Geoscientists, Except Hydrologists and Geographers",detailed,34690
19-2043,Hydrologists,detailed,6540
19-2090,Miscellaneous Physical Scientists,broad,23290
19-2099,"Physical Scientists, All Other",detailed,23290
19-3000,Social Scientists and Related Workers,minor,237770
19-3010,Economists,broad,17230
19-3011,Economists,detailed,17230
19-3020,Survey Researchers,broad,17370
19-3022,Survey Researchers,detailed,17370
19-3030,Psychologists,broad,116390
19-3031,"Clinical, Counseling, and School Psychologists",detailed,104480
19-3032,Industrial-Organizational Psychologists,detailed,1040
19-3039,"Psychologists, All Other",detailed,10870
19-3040,Sociologists,broad,2690
19-3041,Sociologists,detailed,2690
19-3050,Urban and Regional Planners,broad,35940
19-3051,Urban and Regional Planners,detailed,35940
19-3090,Miscellaneous Social Scientists and Related Workers,broad,48160
19-3091,Anthropologists and Archeologists,detailed,6560
19-3092,Geographers,detailed,1480
19-3093,Historians,detailed,3200
19-3094,Political Scientists,detailed,5570
19-3099,"Social Scientists and Related Workers, All Other",detailed,31360
19-4000,"Life, Physical, and Social Science Technicians",minor,343440
19-4010,Agricultural and Food Science Technicians,broad,19390
19-4011,Agricultural and Food Science Technicians,detailed,19390
19-4020,Biological Technicians,broad,71590
19-4021,Biological Technicians,detailed,71590
19-4030,Chemical Technicians,broad,63880
19-4031,Chemical Technicians,detailed,63880
19-4040,Geological and Petroleum Technicians,broad,15190
19-4041,Geological and Petroleum Technicians,detailed,15190
19-4050,Nuclear Technicians,broad,6930
19-4051,Nuclear Technicians,detailed,6930
19-4060,Social Science Research Assistants,broad,26830
19-4061,Social Science Research Assistants,detailed,26830
19-4090,"Miscellaneous Life, Physical, and Social Science Technicians",broad,139630
19-4091,"Environmental Science and Protection Technicians, Including Health",detailed,34510
19-4092,Forensic Science Technicians,detailed,13430
19-4093,Forest and Conservation Technicians,detailed,29740
19-4099,"Life, Physical, and Social Science Technicians, All Other",detailed,61950
21-0000,Community and Social Service Occupations,major,1901730
21-1000,"Counselors, Social Workers, and Other Community and Social Service Specialists",minor,1830190
21-1010,Counselors,broad,601300
21-1011,Substance Abuse and Behavioral Disorder Counselors,detailed,83120
21-1012,"Educational, Guidance, School, and Vocational Counselors",detailed,241870
21-1013,Marriage and Family Therapists,detailed,29060
21-1014,Mental Health Counselors,detailed,115580
21-1015,Rehabilitation Counselors,detailed,103840
21-1019,"Counselors, All Other",detailed,27830
21-1020,Social Workers,broad,591240
21-1021,"Child, Family, and School Social Workers",detailed,276760
21-1022,Healthcare Social Workers,detailed,141830
21-1023,Mental Health and Substance Abuse Social Workers,detailed,110010
21-1029,"Social Workers, All Other",detailed,62640
21-1090,Miscellaneous Community and Social Service Specialists,broad,637660
21-1091,Health Educators,detailed,56720
21-1092,Probation Officers and Correctional Treatment Specialists,detailed,86810
21-1093,Social and Human Service Assistants,detailed,355500
21-1094,Community Health Workers,detailed,45800
21-1099,"Community and Social Service Specialists, All Other",detailed,92830
21-2000,Religious Workers,minor,71540
21-2010,Clergy,broad,45020
21-2011,Clergy,detailed,45020
21-2020,"Directors, Religious Activities and Education",broad,18600
21-2021,"Directors, Religious Activities and Education",detailed,18600
21-2090,Miscellaneous Religious Workers,broad,7920
21-2099,"Religious Workers, All Other",detailed,7920
23-0000,Legal Occupations,major,1041700
23-1000,"Lawyers, Judges, and Related Workers",minor,651840
23-1010,Lawyers and Judicial Law Clerks,broad,603560
23-1011,Lawyers,detailed,592670
23-1012,Judicial Law Clerks,detailed,10890
23-1020,"Judges, Magistrates, and Other Judicial Workers",broad,48280
23-1021,"Administrative Law Judges, Adjudicators, and Hearing Officers",detailed,14270
23-1022,"Arbitrators, Mediators, and Conciliators",detailed,6830
23-1023,"Judges, Magistrate Judges, and Magistrates",detailed,27190
23-2000,Legal Support Workers,minor,389860
23-2010,Paralegals and Legal Assistants,broad,271320
23-2011,Paralegals and Legal Assistants,detailed,271320
23-2090,Miscellaneous Legal Support Workers,broad,118540
23-2091,Court Reporters,detailed,19200
23-2093,"Title Examiners, Abstractors, and Searchers",detailed,53640
23-2099,"Legal Support Workers, All Other",detailed,45700
25-0000,"Education, Training, and Library Occupations",major,8400640
25-1000,Postsecondary Teachers,minor,1511280
25-1010,"Business Teachers, Postsecondary",broad,85220
25-1011,"Business Teachers, Postsecondary",detailed,85220
25-1020,"Math and Computer Teachers, Postsecondary",broad,89740
25-1021,"Computer Science Teachers, Postsecondary",detailed,35770
25-1022,"Mathematical Science Teachers, Postsecondary",detailed,53970
25-1030,"Engineering and Architecture Teachers, Postsecondary",broad,42210
25-1031,"Architecture Teachers, Postsecondary",detailed,7340
25-1032,"Engineering Teachers, Postsecondary",detailed,34870
25-1040,"Life Sciences Teachers, Postsecondary",broad,62500
25-1041,"Agricultural Sciences Teachers, Postsecondary",detailed,10120
25-1042,"Biological Science Teachers, Postsecondary",detailed,50230
25-1043,"Forestry and Conservation Science Teachers, Postsecondary",detailed,2140
25-1050,"Physical Sciences Teachers, Postsecondary",broad,50650
25-1051,"Atmospheric, Earth, Marine, and Space Sciences Teachers, Postsecondary",detailed,10690
25-1052,"Chemistry Teachers, Postsecondary",detailed,20820
25-1053,"Environmental Science Teachers, Postsecondary",detailed,5130
25-1054,"Physics Teachers, Postsecondary",detailed,14010
25-1060,"Social Sciences Teachers, Postsecondary",broad,119940
25-1061,"Anthropology and Archeology Teachers, Postsecondary",detailed,5920
25-1062,"Area, Ethnic, and Cultural Studies Teachers, Postsecondary",detailed,9700
25-1063,"Economics Teachers, Postsecondary",detailed,13600
25-1064,"Geography Teachers, Postsecondary",detailed,4400
25-1065,"Political Science Teachers, Postsecondary",detailed,17660
25-1066,"Psychology Teachers, Postsecondary",detailed,40380
25-1067,"Sociology Teachers, Postsecondary",detailed,17200
25-1069,"Social Sciences Teachers, Postsecondary, All Other",detailed,11080
25-1070,"Health Teachers, Postsecondary",broad,220120
25-1071,"Health Specialties Teachers, Postsecondary",detailed,163850
25-1072,"Nursing Instructors and Teachers, Postsecondary",detailed,56270
25-1080,"Education and Library Science Teachers, Postsecondary",broad,67860
25-1081,"Education Teachers, Postsecondary",detailed,63190
25-1082,"Library Science Teachers, Postsecondary",detailed,4670
25-1110,"Law, Criminal Justice, and Social Work Teachers, Postsecondary",broad,41240
25-1111,"Criminal Justice and Law Enforcement Teachers, Postsecondary",detailed,14870
25-1112,"Law Teachers, Postsecondary",detailed,15600
25-1113,"Social Work Teachers, Postsecondary",detailed,10780
25-1120,"Arts, Communications, and Humanities Teachers, Postsecondary",broad,275820
25-1121,"Art, Drama, and Music Teachers, Postsecondary",detailed,92930
25-1122,"Communications Teachers, Postsecondary",detailed,29920
25-1123,"English Language and Literature Teachers, Postsecondary",detailed,75320
25-1124,"Foreign Language and Literature Teachers, Postsecondary",detailed,30590
25-1125,"History Teachers, Postsecondary",detailed,23640
25-1126,"Philosophy and Religion Teachers, Postsecondary",detailed,23430
25-1190,Miscellaneous Postsecondary Teachers,broad,455970
25-1191,Graduate Teaching Assistants,detailed,118820
25-1192,"Home Economics Teachers, Postsecondary",detailed,3870
25-1193,"Recreation and Fitness Studies Teachers, Postsecondary",detailed,18820
25-1194,"Vocational Education Teachers, Postsecondary",detailed,121360
25-1199,"Postsecondary Teachers, All Other",detailed,193110
25-2000,"Preschool, Primary, Secondary, and Special Education School Teachers",minor,4024430
25-2010,Preschool and Kindergarten Teachers,broad,510540
25-2011,"Preschool Teachers, Except Special Education",detailed,352730
25-2012,"Kindergarten Teachers, Except Special Education",detailed,157800
25-2020,Elementary and Middle School Teachers,broad,1984360
25-2021,"Elementary School Teachers, Except Special Education",detailed,1344240
25-2022,"Middle School Teachers, Except Special and Career/Technical Education",detailed,621970
25-2023,"Career/Technical Education Teachers, Middle School",detailed,18150
25-2030,Secondary School Teachers,broad,1031750
25-2031,"Secondary School Teachers, Except Special and Career/Technical Education",detailed,946730
25-2032,"Career/Technical Education Teachers, Secondary School",detailed,85020
25-2050,Special Education Teachers,broad,497780
25-2051,"Special Education Teachers, Preschool",detailed,24420
25-2052,"Special Education Teachers, Kindergarten and Elementary School",detailed,198350
25-2053,"Special Education Teachers, Middle School",detailed,96770
25-2054,"Special Education Teachers, Secondary School",detailed,133490
25-2059,"Special Education Teachers, All Other",detailed,44750
25-3000,Other Teachers and Instructors,minor,1157660
25-3010,Adult Basic and Secondary Education and Literacy Teachers and Instructors,broad,69880
25-3011,Adult Basic and Secondary Education and Literacy Teachers and Instructors,detailed,69880
25-3020,Self-Enrichment Education Teachers,broad,187180
25-3021,Self-Enrichment Education Teachers,detailed,187180
25-3090,Miscellaneous Teachers and Instructors,broad,900610
25-3098,Substitute Teachers,detailed,630320
25-3099,"Teachers and Instructors, All Other, Except Substitute Teachers",detailed,270290
25-4000,"Librarians, Curators, and Archivists",minor,258820
25-4010,"Archivists, Curators, and Museum Technicians",broad,26330
25-4011,Archivists,detailed,5560
25-4012,Curators,detailed,10910
25-4013,Museum Technicians and Conservators,detailed,9860
25-4020,Librarians,broad,136510
25-4021,Librarians,detailed,136510
25-4030,Library Technicians,broad,95980
25-4031,Library Technicians,detailed,95980
25-9000,"Other Education, Training, and Library Occupations",minor,1448450
25-9010,Audio-Visual and Multimedia Collections Specialists,broad,8840
25-9011,Audio-Visual and Multimedia Collections Specialists,detailed,8840
25-9020,Farm and Home Management Advisors,broad,9120
25-9021,Farm and Home Management Advisors,detailed,9120
25-9030,Instructional Coordinators,broad,133840
25-9031,Instructional Coordinators,detailed,133840
25-9040,Teacher Assistants,broad,1190720
25-9041,Teacher Assistants,detailed,1190720
25-9090,"Miscellaneous Education, Training, and Library Workers",broad,105930
25-9099,"Education, Training, and Library Workers, All Other",detailed,105930
27-0000,"Arts, Design, Entertainment, Sports, and Media Occupations",major,1758310
27-1000,Art and Design Workers,minor,507370
27-1010,Artists and Related Workers,broad,87240
27-1011,Art Directors,detailed,32250
27-1012,Craft Artists,detailed,4750
27-1013,"Fine Artists, Including Painters, Sculptors, and Illustrators",detailed,11980
27-1014,Multimedia Artists and Animators,detailed,30790
27-1019,"Artists and Related Workers, All Other",detailed,7470
27-1020,Designers,broad,420130
27-1021,Commercial and Industrial Designers,detailed,28540
27-1022,Fashion Designers,detailed,17370
27-1023,Floral Designers,detailed,46490
27-1024,Graphic Designers,detailed,194360
27-1025,Interior Designers,detailed,43710
27-1026,Merchandise Displayers and Window Trimmers,detailed,72590
27-1027,Set and Exhibit Designers,detailed,9750
27-1029,"Designers, All Other",detailed,7330
27-2000,"Entertainers and Performers, Sports and Related Workers",minor,488570
27-2010,"Actors, Producers, and Directors",broad,155740
27-2011,Actors,detailed,63230
27-2012,Producers and Directors,detailed,92510
27-2020,"Athletes, Coaches, Umpires, and Related Workers",broad,236100
27-2021,Athletes and Sports Competitors,detailed,13880
27-2022,Coaches and Scouts,detailed,206080
27-2023,"Umpires, Referees, and Other Sports Officials",detailed,16140
27-2030,Dancers and Choreographers,broad,17840
27-2031,Dancers,detailed,11540
27-2032,Choreographers,detailed,6300
27-2040,"Musicians, Singers, and Related Workers",broad,62450
27-2041,Music Directors and Composers,detailed,23190
27-2042,Musicians and Singers,detailed,39260
27-2090,"Miscellaneous Entertainers and Performers, Sports and Related Workers",broad,16440
27-2099,"Entertainers and Performers, Sports and Related Workers, All Other",detailed,16440
27-3000,Media and Communication Workers,minor,553780
27-3010,Announcers,broad,38010
27-3011,Radio and Television Announcers,detailed,30530
27-3012,Public Address System and Other Announcers,detailed,7480
27-3020,"News Analysts, Reporters and Correspondents",broad,48460
27-3021,Broadcast News Analysts,detailed,4820
27-3022,Reporters and Correspondents,detailed,43630
27-3030,Public Relations Specialists,broad,202530
27-3031,Public Relations Specialists,detailed,202530
27-3040,Writers and Editors,broad,189680
27-3041,Editors,detailed,98790
27-3042,Technical Writers,detailed,47300
27-3043,Writers and Authors,detailed,43590
27-3090,Miscellaneous Media and Communication Workers,broad,75110
27-3091,Interpreters and Translators,detailed,49060
27-3099,"Media and Communication Workers, All Other",detailed,26040
27-4000,Media and Communication Equipment Workers,minor,208580
27-4010,Broadcast and Sound Engineering Technicians and Radio Operators,broad,98880
27-4011,Audio and Video Equipment Technicians,detailed,56440
27-4012,Broadcast Technicians,detailed,27800
27-4013,Radio Operators,detailed,1160
27-4014,Sound Engineering Technicians,detailed,13480
27-4020,Photographers,broad,54830
27-4021,Photographers,detailed,54830
27-4030,"Television, Video, and Motion Picture Camera Operators and Editors",broad,38780
27-4031,"Camera Operators, Television, Video, and Motion Picture",detailed,16860
27-4032,Film and Video Editors,detailed,21920
27-4090,Miscellaneous Media and Communication Equipment Workers,broad,16090
27-4099,"Media and Communication Equipment Workers, All Other",detailed,16090
29-0000,Healthcare Practitioners and Technical Occupations,major,7755810
29-1000,Health Diagnosing and Treating Practitioners,minor,4761110
29-1010,Chiropractors,broad,28850
29-1011,Chiropractors,detailed,28850
29-1020,Dentists,broad,112300
29-1021,"Dentists, General",detailed,96000
29-1022,Oral and Maxillofacial Surgeons,detailed,5280
29-1023,Orthodontists,detailed,5570
29-1024,Prosthodontists,detailed,290
29-1029,"Dentists, All Other Specialists",detailed,5160
29-1030,Dietitians and Nutritionists,broad,59530
29-1031,Dietitians and Nutritionists,detailed,59530
29-1040,Optometrists,broad,32040
29-1041,Optometrists,detailed,32040
29-1050,Pharmacists,broad,287420
29-1051,Pharmacists,detailed,287420
29-1060,Physicians and Surgeons,broad,623380
29-1061,Anesthesiologists,detailed,30200
29-1062,Family and General Practitioners,detailed,120860
29-1063,"Internists, General",detailed,46410
29-1064,Obstetricians and Gynecologists,detailed,21730
29-1065,"Pediatricians, General",detailed,30890
29-1066,Psychiatrists,detailed,25040
29-1067,Surgeons,detailed,41030
29-1069,"Physicians and Surgeons, All Other",detailed,307220
29-1070,Physician Assistants,broad,88110
29-1071,Physician Assistants,detailed,88110
29-1080,Podiatrists,broad,8850
29-1081,Podiatrists,detailed,8850
29-1120,Therapists,broad,600660
29-1122,Occupational Therapists,detailed,108410
29-1123,Physical Therapists,detailed,195670
29-1124,Radiation Therapists,detailed,16950
29-1125,Recreational Therapists,detailed,18640
29-1126,Respiratory Therapists,detailed,118640
29-1127,Speech-Language Pathologists,detailed,125050
29-1128,Exercise Physiologists,detailed,6010
29-1129,"Therapists, All Other",detailed,11280
29-1130,Veterinarians,broad,59230
29-1131,Veterinarians,detailed,59230
29-1140,Registered Nurses,broad,2661890
29-1141,Registered Nurses,detailed,2661890
29-1150,Nurse Anesthetists,broad,35430
29-1151,Nurse Anesthetists,detailed,35430
29-1160,Nurse Midwives,broad,5460
29-1161,Nurse Midwives,detailed,5460
29-1170,Nurse Practitioners,broad,113370
29-1171,Nurse Practitioners,detailed,113370
29-1180,Audiologists,broad,11550
29-1181,Audiologists,detailed,11550
29-1190,Miscellaneous Health Diagnosing and Treating Practitioners,broad,33070
29-1199,"Health Diagnosing and Treating Practitioners, All Other",detailed,33070
29-2000,Health Technologists and Technicians,minor,2849330
29-2010,Clinical Laboratory Technologists and Technicians,broad,319720
29-2011,Medical and Clinical Laboratory Technologists,detailed,162630
29-2012,Medical and Clinical Laboratory Technicians,detailed,157080
29-2020,Dental Hygienists,broad,192330
29-2021,Dental Hygienists,detailed,192330
29-2030,Diagnostic Related Technologists and Technicians,broad,355290
29-2031,Cardiovascular Technologists and Technicians,detailed,51010
29-2032,Diagnostic Medical Sonographers,detailed,58250
29-2033,Nuclear Medicine Technologists,detailed,20020
29-2034,Radiologic Technologists,detailed,194000
29-2035,Magnetic Resonance Imaging Technologists,detailed,32000
29-2040,Emergency Medical Technicians and Paramedics,broad,237660
29-2041,Emergency Medical Technicians and Paramedics,detailed,237660
29-2050,Health Practitioner Support Technologists and Technicians,broad,687480
29-2051,Dietetic Technicians,detailed,26420
29-2052,Pharmacy Technicians,detailed,362690
29-2053,Psychiatric Technicians,detailed,66760
29-2054,Respiratory Therapy Technicians,detailed,12070
29-2055,Surgical Technologists,detailed,97930
29-2056,Veterinary Technologists and Technicians,detailed,87870
29-2057,Ophthalmic Medical Technicians,detailed,33740
29-2060,Licensed Practical and Licensed Vocational Nurses,broad,705200
29-2061,Licensed Practical and Licensed Vocational Nurses,detailed,705200
29-2070,Medical Records and Health Information Technicians,broad,180760
29-2071,Medical Records and Health Information Technicians,detailed,180760
29-2080,"Opticians, Dispensing",broad,68390
29-2081,"Opticians, Dispensing",detailed,68390
29-2090,Miscellaneous Health Technologists and Technicians,broad,102500
29-2091,Orthotists and Prosthetists,detailed,8330
29-2092,Hearing Aid Specialists,detailed,5170
29-2099,"Health Technologists and Technicians, All Other",detailed,88990
29-9000,Other Healthcare Practitioners and Technical Occupations,minor,145370
29-9010,Occupational Health and Safety Specialists and Technicians,broad,76490
29-9011,Occupational Health and Safety Specialists,detailed,62830
29-9012,Occupational Health and Safety Technicians,detailed,13660
29-9090,Miscellaneous Health Practitioners and Technical Workers,broad,68880
29-9091,Athletic Trainers,detailed,22340
29-9092,Genetic Counselors,detailed,1980
29-9099,"Healthcare Practitioners and Technical Workers, All Other",detailed,44560
31-0000,Healthcare Support Occupations,major,3924390
31-1000,"Nursing, Psychiatric, and Home Health Aides",minor,2361910
31-1010,"Nursing, Psychiatric, and Home Health Aides",broad,2361910
31-1011,Home Health Aides,detailed,806710
31-1013,Psychiatric Aides,detailed,75340
31-1014,Nursing Assistants,detailed,1427830
31-1015,Orderlies,detailed,52030
31-2000,Occupational Therapy and Physical Therapist Assistants and Aides,minor,160430
31-2010,Occupational Therapy Assistants and Aides,broad,39160
31-2011,Occupational Therapy Assistants,detailed,30450
31-2012,Occupational Therapy Aides,detailed,8710
31-2020,Physical Therapist Assistants and Aides,broad,121270
31-2021,Physical Therapist Assistants,detailed,72640
31-2022,Physical Therapist Aides,detailed,48630
31-9000,Other Healthcare Support Occupations,minor,1402060
31-9010,Massage Therapists,broad,79040
31-9011,Massage Therapists,detailed,79040
31-9090,Miscellaneous Healthcare Support Occupations,broad,1323010
31-9091,Dental Assistants,detailed,309540
31-9092,Medical Assistants,detailed,571690
31-9093,Medical Equipment Preparers,detailed,51300
31-9094,Medical Transcriptionists,detailed,68350
31-9095,Pharmacy Aides,detailed,42250
31-9096,Veterinary Assistants and Laboratory Animal Caretakers,detailed,71800
31-9097,Phlebotomists,detailed,108210
31-9099,"Healthcare Support Workers, All Other",detailed,99880
33-0000,Protective Service Occupations,major,3257690
33-1000,Supervisors of Protective Service Workers,minor,270500
33-1010,First-Line Supervisors of Law Enforcement Workers,broad,146300
33-1011,First-Line Supervisors of Correctional Officers,detailed,44980
33-1012,First-Line Supervisors of Police and Detectives,detailed,101320
33-1020,First-Line Supervisors of Fire Fighting and Prevention Workers,broad,59700
33-1021,First-Line Supervisors of Fire Fighting and Prevention Workers,detailed,59700
33-1090,"Miscellaneous First-Line Supervisors, Protective Service Workers",broad,64510
33-1099,"First-Line Supervisors of Protective Service Workers, All Other",detailed,64510
33-2000,Fire Fighting and Prevention Workers,minor,316120
33-2010,Firefighters,broad,302870
33-2011,Firefighters,detailed,302870
33-2020,Fire Inspectors,broad,13250
33-2021,Fire Inspectors and Investigators,detailed,11520
33-2022,Forest Fire Inspectors and Prevention Specialists,detailed,1730
33-3000,Law Enforcement Workers,minor,1213870
33-3010,"Bailiffs, Correctional Officers, and Jailers",broad,449050
33-3011,Bailiffs,detailed,16360
33-3012,Correctional Officers and Jailers,detailed,432680
33-3020,Detectives and Criminal Investigators,broad,109960
33-3021,Detectives and Criminal Investigators,detailed,109960
33-3030,Fish and Game Wardens,broad,6640
33-3031,Fish and Game Wardens,detailed,6640
33-3040,Parking Enforcement Workers,broad,8790
33-3041,Parking Enforcement Workers,detailed,8790
33-3050,Police Officers,broad,639440
33-3051,Police and Sheriff's Patrol Officers,detailed,635380
33-3052,Transit and Railroad Police,detailed,4060
33-9000,Other Protective Service Workers,minor,1457200
33-9010,Animal Control Workers,broad,13590
33-9011,Animal Control Workers,detailed,13590
33-9020,Private Detectives and Investigators,broad,25820
33-9021,Private Detectives and Investigators,detailed,25820
33-9030,Security Guards and Gaming Surveillance Officers,broad,1076980
33-9031,Gaming Surveillance Officers and Gaming Investigators,detailed,10260
33-9032,Security Guards,detailed,1066730
33-9090,Miscellaneous Protective Service Workers,broad,340810
33-9091,Crossing Guards,detailed,68050
33-9092,"Lifeguards, Ski Patrol, and Other Recreational Protective Service Workers",detailed,130700
33-9093,Transportation Security Screeners,detailed,45790
33-9099,"Protective Service Workers, All Other",detailed,96260
35-0000,Food Preparation and Serving Related Occupations,major,11914590
35-1000,Supervisors of Food Preparation and Serving Workers,minor,950270
35-1010,Supervisors of Food Preparation and Serving Workers,broad,950270
35-1011,Chefs and Head Cooks,detailed,107730
35-1012,First-Line Supervisors of Food Preparation and Serving Workers,detailed,842540
35-2000,Cooks and Food Preparation Workers,minor,2978730
35-2010,Cooks,broad,2154650
35-2011,"Cooks, Fast Food",detailed,507940
35-2012,"Cooks, Institution and Cafeteria",detailed,399940
35-2013,"Cooks, Private Household",detailed,590
35-2014,"Cooks, Restaurant",detailed,1057550
35-2015,"Cooks, Short Order",detailed,167480
35-2019,"Cooks, All Other",detailed,21160
35-2020,Food Preparation Workers,broad,824080
35-2021,Food Preparation Workers,detailed,824080
35-3000,Food and Beverage Serving Workers,minor,6678930
35-3010,Bartenders,broad,555560
35-3011,Bartenders,detailed,555560
35-3020,Fast Food and Counter Workers,broad,3474600
35-3021,"Combined Food Preparation and Serving Workers, Including Fast Food",detailed,3022880
35-3022,"Counter Attendants, Cafeteria, Food Concession, and Coffee Shop",detailed,451730
35-3030,Waiters and Waitresses,broad,2403960
35-3031,Waiters and Waitresses,detailed,2403960
35-3040,"Food Servers, Nonrestaurant",broad,244820
35-3041,"Food Servers, Nonrestaurant",detailed,244820
35-9000,Other Food Preparation and Serving Related Workers,minor,1306660
35-9010,Dining Room and Cafeteria Attendants and Bartender Helpers,broad,409700
35-9011,Dining Room and Cafeteria Attendants and Bartender Helpers,detailed,409700
35-9020,Dishwashers,broad,498110
35-9021,Dishwashers,detailed,498110
35-9030,"Hosts and Hostesses, Restaurant, Lounge, and Coffee Shop",broad,360970
35-9031,"Hosts and Hostesses, Restaurant, Lounge, and Coffee Shop",detailed,360970
35-9090,Miscellaneous Food Preparation and Serving Related Workers,broad,37880
35-9099,"Food Preparation and Serving Related Workers, All Other",detailed,37880
37-0000,Building and Grounds Cleaning and Maintenance Occupations,major,4291410
37-1000,Supervisors of Building and Grounds Cleaning and Maintenance Workers,minor,269540
37-1010,First-Line Supervisors of Building and Grounds Cleaning and Maintenance Workers,broad,269540
37-1011,First-Line Supervisors of Housekeeping and Janitorial Workers,detailed,169920
37-1012,"First-Line Supervisors of Landscaping, Lawn Service, and Groundskeeping Workers",detailed,99620
37-2000,Building Cleaning and Pest Control Workers,minor,3099520
37-2010,Building Cleaning Workers,broad,3035070
37-2011,"Janitors and Cleaners, Except Maids and Housekeeping Cleaners",detailed,2101810
37-2012,Maids and Housekeeping Cleaners,detailed,917470
37-2019,"Building Cleaning Workers, All Other",detailed,15790
37-2020,Pest Control Workers,broad,64450
37-2021,Pest Control Workers,detailed,64450
37-3000,Grounds Maintenance Workers,minor,922350
37-3010,Grounds Maintenance Workers,broad,922350
37-3011,Landscaping and Groundskeeping Workers,detailed,839780
37-3012,"Pesticide Handlers, Sprayers, and Applicators, Vegetation",detailed,22830
37-3013,Tree Trimmers and Pruners,detailed,40720
37-3019,"Grounds Maintenance Workers, All Other",detailed,19030
39-0000,Personal Care and Service Occupations,major,3986740
39-1000,Supervisors of Personal Care and Service Workers,minor,183180
39-1010,First-Line Supervisors of Gaming Workers,broad,32880
39-1011,Gaming Supervisors,detailed,25150
39-1012,Slot Supervisors,detailed,7730
39-1020,First-Line Supervisors of Personal Service Workers,broad,150300
39-1021,First-Line Supervisors of Personal Service Workers,detailed,150300
39-2000,Animal Care and Service Workers,minor,164960
39-2010,Animal Trainers,broad,10610
39-2011,Animal Trainers,detailed,10610
39-2020,Nonfarm Animal Caretakers,broad,154350
39-2021,Nonfarm Animal Caretakers,detailed,154350
39-3000,Entertainment Attendants and Related Workers,minor,534830
39-3010,Gaming Services Workers,broad,125300
39-3011,Gaming Dealers,detailed,98790
39-3012,Gaming and Sports Book Writers and Runners,detailed,12760
39-3019,"Gaming Service Workers, All Other",detailed,13750
39-3020,Motion Picture Projectionists,broad,7630
39-3021,Motion Picture Projectionists,detailed,7630
39-3030,"Ushers, Lobby Attendants, and Ticket Takers",broad,106770
39-3031,"Ushers, Lobby Attendants, and Ticket Takers",detailed,106770
39-3090,Miscellaneous Entertainment Attendants and Related Workers,broad,295130
39-3091,Amusement and Recreation Attendants,detailed,260680
39-3092,Costume Attendants,detailed,5900
39-3093,"Locker Room, Coatroom, and Dressing Room Attendants",detailed,18910
39-3099,"Entertainment Attendants and Related Workers, All Other",detailed,9640
39-4000,Funeral Service Workers,minor,62080
39-4010,Embalmers,broad,4390
39-4011,Embalmers,detailed,4390
39-4020,Funeral Attendants,broad,33400
39-4021,Funeral Attendants,detailed,33400
39-4030,"Morticians, Undertakers, and Funeral Directors",broad,24280
39-4031,"Morticians, Undertakers, and Funeral Directors",detailed,24280
39-5000,Personal Appearance Workers,minor,490050
39-5010,"Barbers, Hairdressers, Hairstylists and Cosmetologists",broad,367070
39-5011,Barbers,detailed,15100
39-5012,"Hairdressers, Hairstylists, and Cosmetologists",detailed,351960
39-5090,Miscellaneous Personal Appearance Workers,broad,122980
39-5091,"Makeup Artists, Theatrical and Performance",detailed,2440
39-5092,Manicurists and Pedicurists,detailed,71220
39-5093,Shampooers,detailed,15650
39-5094,Skincare Specialists,detailed,33680
39-6000,"Baggage Porters, Bellhops, and Concierges",minor,73980
39-6010,"Baggage Porters, Bellhops, and Concierges",broad,73980
39-6011,Baggage Porters and Bellhops,detailed,43790
39-6012,Concierges,detailed,30190
39-7000,Tour and Travel Guides,minor,38780
39-7010,Tour and Travel Guides,broad,38780
39-7011,Tour Guides and Escorts,detailed,34530
39-7012,Travel Guides,detailed,4250
39-9000,Other Personal Care and Service Workers,minor,2438890
39-9010,Childcare Workers,broad,597900
39-9011,Childcare Workers,detailed,597900
39-9020,Personal Care Aides,broad,1135470
39-9021,Personal Care Aides,detailed,1135470
39-9030,Recreation and Fitness Workers,broad,555470
39-9031,Fitness Trainers and Aerobics Instructors,detailed,238170
39-9032,Recreation Workers,detailed,317310
39-9040,Residential Advisors,broad,88220
39-9041,Residential Advisors,detailed,88220
39-9090,Miscellaneous Personal Care and Service Workers,broad,61820
39-9099,"Personal Care and Service Workers, All Other",detailed,61820
41-0000,Sales and Related Occupations,major,14068190
41-1000,Supervisors of Sales Workers,minor,1459330
41-1010,First-Line Supervisors of Sales Workers,broad,1459330
41-1011,First-Line Supervisors of Retail Sales Workers,detailed,1213550
41-1012,First-Line Supervisors of Non-Retail Sales Workers,detailed,245780
41-2000,Retail Sales Workers,minor,8500690
41-2010,Cashiers,broad,3363530
41-2011,Cashiers,detailed,3343470
41-2012,Gaming Change Persons and Booth Cashiers,detailed,20060
41-2020,Counter and Rental Clerks and Parts Salespersons,broad,651970
41-2021,Counter and Rental Clerks,detailed,430700
41-2022,Parts Salespersons,detailed,221270
41-2030,Retail Salespersons,broad,4485180
41-2031,Retail Salespersons,detailed,4485180
41-3000,"Sales Representatives, Services",minor,1653600
41-3010,Advertising Sales Agents,broad,148770
41-3011,Advertising Sales Agents,detailed,148770
41-3020,Insurance Sales Agents,broad,354460
41-3021,Insurance Sales Agents,detailed,354460
41-3030,"Securities, Commodities, and Financial Services Sales Agents",broad,325140
41-3031,"Securities, Commodities, and Financial Services Sales Agents",detailed,325140
41-3040,Travel Agents,broad,64250
41-3041,Travel Agents,detailed,64250
41-3090,"Miscellaneous Sales Representatives, Services",broad,760980
41-3099,"Sales Representatives, Services, All Other",detailed,760980
41-4000,"Sales Representatives, Wholesale and Manufacturing",minor,1756600
41-4010,"Sales Representatives, Wholesale and Manufacturing",broad,1756600
41-4011,"Sales Representatives, Wholesale and Manufacturing, Technical and Scientific Products",detailed,352830
41-4012,"Sales Representatives, Wholesale and Manufacturing, Except Technical and Scientific Products",detailed,1403770
41-9000,Other Sales and Related Workers,minor,697970
41-9010,"Models, Demonstrators, and Product Promoters",broad,82330
41-9011,Demonstrators and Product Promoters,detailed,76870
41-9012,Models,detailed,5470
41-9020,Real Estate Brokers and Sales Agents,broad,197820
41-9021,Real Estate Brokers,detailed,38970
41-9022,Real Estate Sales Agents,detailed,158850
41-9030,Sales Engineers,broad,65730
41-9031,Sales Engineers,detailed,65730
41-9040,Telemarketers,broad,231900
41-9041,Telemarketers,detailed,231900
41-9090,Miscellaneous Sales and Related Workers,broad,120180
41-9091,"Door-to-Door Sales Workers, News and Street Vendors, and Related Workers",detailed,6090
41-9099,"Sales and Related Workers, All Other",detailed,114100
43-0000,Office and Administrative Support Occupations,major,21442800
43-1000,Supervisors of Office and Administrative Support Workers,minor,1366510
43-1010,First-Line Supervisors of Office and Administrative Support Workers,broad,1366510
43-1011,First-Line Supervisors of Office and Administrative Support Workers,detailed,1366510
43-2000,Communications Equipment Operators,minor,130890
43-2010,"Switchboard Operators, Including Answering Service",broad,118060
43-2011,"Switchboard Operators, Including Answering Service",detailed,118060
43-2020,Telephone Operators,broad,10280
43-2021,Telephone Operators,detailed,10280
43-2090,Miscellaneous Communications Equipment Operators,broad,2550
43-2099,"Communications Equipment Operators, All Other",detailed,2550
43-3000,Financial Clerks,minor,3274960
43-3010,Bill and Account Collectors,broad,368850
43-3011,Bill and Account Collectors,detailed,368850
43-3020,Billing and Posting Clerks,broad,493840
43-3021,Billing and Posting Clerks,detailed,493840
43-3030,"Bookkeeping, Accounting, and Auditing Clerks",broad,1586380
43-3031,"Bookkeeping, Accounting, and Auditing Clerks",detailed,1586380
43-3040,Gaming Cage Workers,broad,17360
43-3041,Gaming Cage Workers,detailed,17360
43-3050,Payroll and Timekeeping Clerks,broad,170400
43-3051,Payroll and Timekeeping Clerks,detailed,170400
43-3060,Procurement Clerks,broad,68690
43-3061,Procurement Clerks,detailed,68690
43-3070,Tellers,broad,527680
43-3071,Tellers,detailed,527680
43-3090,Miscellaneous Financial Clerks,broad,41770
43-3099,"Financial Clerks, All Other",detailed,41770
43-4000,Information and Record Clerks,minor,5344530
43-4010,Brokerage Clerks,broad,60300
43-4011,Brokerage Clerks,detailed,60300
43-4020,Correspondence Clerks,broad,7800
43-4021,Correspondence Clerks,detailed,7800
43-4030,"Court, Municipal, and License Clerks",broad,127170
43-4031,"Court, Municipal, and License Clerks",detailed,127170
43-4040,"Credit Authorizers, Checkers, and Clerks",broad,50240
43-4041,"Credit Authorizers, Checkers, and Clerks",detailed,50240
43-4050,Customer Service Representatives,broad,2389580
43-4051,Customer Service Representatives,detailed,2389580
43-4060,"Eligibility Interviewers, Government Programs",broad,123920
43-4061,"Eligibility Interviewers, Government Programs",detailed,123920
43-4070,File Clerks,broad,152920
43-4071,File Clerks,detailed,152920
43-4080,"Hotel, Motel, and Resort Desk Clerks",broad,234750
43-4081,"Hotel, Motel, and Resort Desk Clerks",detailed,234750
43-4110,"Interviewers, Except Eligibility and Loan",broad,192360
43-4111,"Interviewers, Except Eligibility and Loan",detailed,192360
43-4120,"Library Assistants, Clerical",broad,101990
43-4121,"Library Assistants, Clerical",detailed,101990
43-4130,Loan Interviewers and Clerks,broad,213270
43-4131,Loan Interviewers and Clerks,detailed,213270
43-4140,New Accounts Clerks,broad,56990
43-4141,New Accounts Clerks,detailed,56990
43-4150,Order Clerks,broad,200210
43-4151,Order Clerks,detailed,200210
43-4160,"Human Resources Assistants, Except Payroll and Timekeeping",broad,136960
43-4161,"Human Resources Assistants, Except Payroll and Timekeeping",detailed,136960
43-4170,Receptionists and Information Clerks,broad,973580
43-4171,Receptionists and Information Clerks,detailed,973580
43-4180,Reservation and Transportation Ticket Agents and Travel Clerks,broad,141900
43-4181,Reservation and Transportation Ticket Agents and Travel Clerks,detailed,141900
43-4190,Miscellaneous Information and Record Clerks,broad,180570
43-4199,"Information and Record Clerks, All Other",detailed,180570
43-5000,"Material Recording, Scheduling, Dispatching, and Distributing Workers",minor,3798670
43-5010,Cargo and Freight Agents,broad,73760
43-5011,Cargo and Freight Agents,detailed,73760
43-5020,Couriers and Messengers,broad,74060
43-5021,Couriers and Messengers,detailed,74060
43-5030,Dispatchers,broad,282130
43-5031,"Police, Fire, and Ambulance Dispatchers",detailed,96860
43-5032,"Dispatchers, Except Police, Fire, and Ambulance",detailed,185270
43-5040,"Meter Readers, Utilities",broad,37950
43-5041,"Meter Readers, Utilities",detailed,37950
43-5050,Postal Service Workers,broad,500980
43-5051,Postal Service Clerks,detailed,71910
43-5052,Postal Service Mail Carriers,detailed,307490
43-5053,"Postal Service Mail Sorters, Processors, and Processing Machine Operators",detailed,121580
43-5060,"Production, Planning, and Expediting Clerks",broad,281930
43-5061,"Production, Planning, and Expediting Clerks",detailed,281930
43-5070,"Shipping, Receiving, and Traffic Clerks",broad,677450
43-5071,"Shipping, Receiving, and Traffic Clerks",detailed,677450
43-5080,Stock Clerks and Order Fillers,broad,1800410
43-5081,Stock Clerks and Order Fillers,detailed,1800410
43-5110,"Weighers, Measurers, Checkers, and Samplers, Recordkeeping",broad,69990
43-5111,"Weighers, Measurers, Checkers, and Samplers, Recordkeeping",detailed,69990
43-6000,Secretaries and Administrative Assistants,minor,3647870
43-6010,Secretaries and Administrative Assistants,broad,3647870
43-6011,Executive Secretaries and Executive Administrative Assistants,detailed,755210
43-6012,Legal Secretaries,detailed,220680
43-6013,Medical Secretaries,detailed,512970
43-6014,"Secretaries and Administrative Assistants, Except Legal, Medical, and Executive",detailed,2159000
43-9000,Other Office and Administrative Support Workers,minor,3879380
43-9010,Computer Operators,broad,67450
43-9011,Computer Operators,detailed,67450
43-9020,Data Entry and Information Processing Workers,broad,295850
43-9021,Data Entry Keyers,detailed,207660
43-9022,Word Processors and Typists,detailed,88200
43-9030,Desktop Publishers,broad,14360
43-9031,Desktop Publishers,detailed,14360
43-9040,Insurance Claims and Policy Processing Clerks,broad,236160
43-9041,Insurance Claims and Policy Processing Clerks,detailed,236160
43-9050,"Mail Clerks and Mail Machine Operators, Except Postal Service",broad,99140
43-9051,"Mail Clerks and Mail Machine Operators, Except Postal Service",detailed,99140
43-9060,"Office Clerks, General",broad,2832010
43-9061,"Office Clerks, General",detailed,2832010
43-9070,"Office Machine Operators, Except Computer",broad,66840
43-9071,"Office Machine Operators, Except Computer",detailed,66840
43-9080,Proofreaders and Copy Markers,broad,11260
43-9081,Proofreaders and Copy Markers,detailed,11260
43-9110,Statistical Assistants,broad,15640
43-9111,Statistical Assistants,detailed,15640
43-9190,Miscellaneous Office and Administrative Support Workers,broad,240670
43-9199,"Office and Administrative Support Workers, All Other",detailed,240670
45-0000,"Farming, Fishing, and Forestry Occupations",major,435250
45-1000,"Supervisors of Farming, Fishing, and Forestry Workers",minor,18540
45-1010,"First-Line Supervisors of Farming, Fishing, and Forestry Workers",broad,18540
45-1011,"First-Line Supervisors of Farming, Fishing, and Forestry Workers",detailed,18540
45-2000,Agricultural Workers,minor,373350
45-2010,Agricultural Inspectors,broad,13740
45-2011,Agricultural Inspectors,detailed,13740
45-2020,Animal Breeders,broad,1240
45-2021,Animal Breeders,detailed,1240
45-2040,"Graders and Sorters, Agricultural Products",broad,38120
45-2041,"Graders and Sorters, Agricultural Products",detailed,38120
45-2090,Miscellaneous Agricultural Workers,broad,320250
45-2091,Agricultural Equipment Operators,detailed,22650
45-2092,"Farmworkers and Laborers, Crop, Nursery, and Greenhouse",detailed,261720
45-2093,"Farmworkers, Farm, Ranch, and Aquacultural Animals",detailed,31000
45-2099,"Agricultural Workers, All Other",detailed,4870
45-3000,Fishing and Hunting Workers,minor,560
45-3010,Fishers and Related Fishing Workers,broad,480
45-3011,Fishers and Related Fishing Workers,detailed,480
45-4000,"Forest, Conservation, and Logging Workers",minor,42800
45-4010,Forest and Conservation Workers,broad,6940
45-4011,Forest and Conservation Workers,detailed,6940
45-4020,Logging Workers,broad,35870
45-4021,Fallers,detailed,5790
45-4022,Logging Equipment Operators,detailed,24490
45-4023,Log Graders and Scalers,detailed,2780
45-4029,"Logging Workers, All Other",detailed,2810
47-0000,Construction and Extraction Occupations,major,5088030
47-1000,Supervisors of Construction and Extraction Workers,minor,467130
47-1010,First-Line Supervisors of Construction Trades and Extraction Workers,broad,467130
47-1011,First-Line Supervisors of Construction Trades and Extraction Workers,detailed,467130
47-2000,Construction Trades Workers,minor,3760870
47-2010,Boilermakers,broad,15950
47-2011,Boilermakers,detailed,15950
47-2020,"Brickmasons, Blockmasons, and Stonemasons",broad,69150
47-2021,Brickmasons and Blockmasons,detailed,58730
47-2022,Stonemasons,detailed,10410
47-2030,Carpenters,broad,580570
47-2031,Carpenters,detailed,580570
47-2040,"Carpet, Floor, and Tile Installers and Finishers",broad,68950
47-2041,Carpet Installers,detailed,24640
47-2042,"Floor Layers, Except Carpet, Wood, and Hard Tiles",detailed,10020
47-2043,Floor Sanders and Finishers,detailed,4200
47-2044,Tile and Marble Setters,detailed,30090
47-2050,"Cement Masons, Concrete Finishers, and Terrazzo Workers",broad,145120
47-2051,Cement Masons and Concrete Finishers,detailed,141910
47-2053,Terrazzo Workers and Finishers,detailed,3220
47-2060,Construction Laborers,broad,824970
47-2061,Construction Laborers,detailed,824970
47-2070,Construction Equipment Operators,broad,400280
47-2071,"Paving, Surfacing, and Tamping Equipment Operators",detailed,55720
47-2072,Pile-Driver Operators,detailed,3620
47-2073,Operating Engineers and Other Construction Equipment Operators,detailed,340950
47-2080,"Drywall Installers, Ceiling Tile Installers, and Tapers",broad,96080
47-2081,Drywall and Ceiling Tile Installers,detailed,79950
47-2082,Tapers,detailed,16120
47-2110,Electricians,broad,542680
47-2111,Electricians,detailed,542680
47-2120,Glaziers,broad,44050
47-2121,Glaziers,detailed,44050
47-2130,Insulation Workers,broad,51600
47-2131,"Insulation Workers, Floor, Ceiling, and Wall",detailed,23850
47-2132,"Insulation Workers, Mechanical",detailed,27740
47-2140,Painters and Paperhangers,broad,196350
47-2141,"Painters, Construction and Maintenance",detailed,192890
47-2142,Paperhangers,detailed,3460
47-2150,"Pipelayers, Plumbers, Pipefitters, and Steamfitters",broad,392460
47-2151,Pipelayers,detailed,41080
47-2152,"Plumbers, Pipefitters, and Steamfitters",detailed,351380
47-2160,Plasterers and Stucco Masons,broad,20600
47-2161,Plasterers and Stucco Masons,detailed,20600
47-2170,Reinforcing Iron and Rebar Workers,broad,17280
47-2171,Reinforcing Iron and Rebar Workers,detailed,17280
47-2180,Roofers,broad,99060
47-2181,Roofers,detailed,99060
47-2210,Sheet Metal Workers,broad,134110
47-2211,Sheet Metal Workers,detailed,134110
47-2220,Structural Iron and Steel Workers,broad,57480
47-2221,Structural Iron and Steel Workers,detailed,57480
47-2230,Solar Photovoltaic Installers,broad,4130
47-2231,Solar Photovoltaic Installers,detailed,4130
47-3000,"Helpers, Construction Trades",minor,216320
47-3010,"Helpers, Construction Trades",broad,216320
47-3011,"Helpers--Brickmasons, Blockmasons, Stonemasons, and Tile and Marble Setters",detailed,24280
47-3012,Helpers--Carpenters,detailed,37400
47-3013,Helpers--Electricians,detailed,63660
47-3014,"Helpers--Painters, Paperhangers, Plasterers, and Stucco Masons",detailed,11640
47-3015,"Helpers--Pipelayers, Plumbers, Pipefitters, and Steamfitters",detailed,47160
47-3016,Helpers--Roofers,detailed,13130
47-3019,"Helpers, Construction Trades, All Other",detailed,19050
47-4000,Other Construction and Related Workers,minor,379760
47-4010,Construction and Building Inspectors,broad,87620
47-4011,Construction and Building Inspectors,detailed,87620
47-4020,Elevator Installers and Repairers,broad,21270
47-4021,Elevator Installers and Repairers,detailed,21270
47-4030,Fence Erectors,broad,19960
47-4031,Fence Erectors,detailed,19960
47-4040,Hazardous Materials Removal Workers,broad,40290
47-4041,Hazardous Materials Removal Workers,detailed,40290
47-4050,Highway Maintenance Workers,broad,139070
47-4051,Highway Maintenance Workers,detailed,139070
47-4060,Rail-Track Laying and Maintenance Equipment Operators,broad,15590
47-4061,Rail-Track Laying and Maintenance Equipment Operators,detailed,15590
47-4070,Septic Tank Servicers and Sewer Pipe Cleaners,broad,24030
47-4071,Septic Tank Servicers and Sewer Pipe Cleaners,detailed,24030
47-4090,Miscellaneous Construction and Related Workers,broad,31920
47-4091,Segmental Pavers,detailed,1110
47-4099,"Construction and Related Workers, All Other",detailed,30810
47-5000,Extraction Workers,minor,263940
47-5010,"Derrick, Rotary Drill, and Service Unit Operators, Oil, Gas, and Mining",broad,108790
47-5011,"Derrick Operators, Oil and Gas",detailed,22400
47-5012,"Rotary Drill Operators, Oil and Gas",detailed,27130
47-5013,"Service Unit Operators, Oil, Gas, and Mining",detailed,59260
47-5020,"Earth Drillers, Except Oil and Gas",broad,17620
47-5021,"Earth Drillers, Except Oil and Gas",detailed,17620
47-5030,"Explosives Workers, Ordnance Handling Experts, and Blasters",broad,6540
47-5031,"Explosives Workers, Ordnance Handling Experts, and Blasters",detailed,6540
47-5040,Mining Machine Operators,broad,21780
47-5041,Continuous Mining Machine Operators,detailed,12180
47-5042,Mine Cutting and Channeling Machine Operators,detailed,6850
47-5049,"Mining Machine Operators, All Other",detailed,2740
47-5050,"Rock Splitters, Quarry",broad,4130
47-5051,"Rock Splitters, Quarry",detailed,4130
47-5060,"Roof Bolters, Mining",broad,5880
47-5061,"Roof Bolters, Mining",detailed,5880
47-5070,"Roustabouts, Oil and Gas",broad,68230
47-5071,"Roustabouts, Oil and Gas",detailed,68230
47-5080,Helpers--Extraction Workers,broad,23020
47-5081,Helpers--Extraction Workers,detailed,23020
47-5090,Miscellaneous Extraction Workers,broad,7960
47-5099,"Extraction Workers, All Other",detailed,7960
49-0000,"Installation, Maintenance, and Repair Occupations",major,5138130
49-1000,"Supervisors of Installation, Maintenance, and Repair Workers",minor,428620
49-1010,"First-Line Supervisors of Mechanics, Installers, and Repairers",broad,428620
49-1011,"First-Line Supervisors of Mechanics, Installers, and Repairers",detailed,428620
49-2000,"Electrical and Electronic Equipment Mechanics, Installers, and Repairers",minor,570200
49-2010,"Computer, Automated Teller, and Office Machine Repairers",broad,110850
49-2011,"Computer, Automated Teller, and Office Machine Repairers",detailed,110850
49-2020,Radio and Telecommunications Equipment Installers and Repairers,broad,223440
49-2021,"Radio, Cellular, and Tower Equipment Installers and Repairers",detailed,14090
49-2022,"Telecommunications Equipment Installers and Repairers, Except Line Installers",detailed,209350
49-2090,"Miscellaneous Electrical and Electronic Equipment Mechanics, Installers, and Repairers",broad,235910
49-2091,Avionics Technicians,detailed,17310
49-2092,"Electric Motor, Power Tool, and Related Repairers",detailed,18490
49-2093,"Electrical and Electronics Installers and Repairers, Transportation Equipment",detailed,15340
49-2094,"Electrical and Electronics Repairers, Commercial and Industrial Equipment",detailed,67410
49-2095,"Electrical and Electronics Repairers, Powerhouse, Substation, and Relay",detailed,23210
49-2096,"Electronic Equipment Installers and Repairers, Motor Vehicles",detailed,11900
49-2097,Electronic Home Entertainment Equipment Installers and Repairers,detailed,26960
49-2098,Security and Fire Alarm Systems Installers,detailed,55300
49-3000,"Vehicle and Mobile Equipment Mechanics, Installers, and Repairers",minor,1463720
49-3010,Aircraft Mechanics and Service Technicians,broad,115410
49-3011,Aircraft Mechanics and Service Technicians,detailed,115410
49-3020,Automotive Technicians and Repairers,broad,755550
49-3021,Automotive Body and Related Repairers,detailed,134650
49-3022,Automotive Glass Installers and Repairers,detailed,15910
49-3023,Automotive Service Technicians and Mechanics,detailed,604990
49-3030,Bus and Truck Mechanics and Diesel Engine Specialists,broad,238150
49-3031,Bus and Truck Mechanics and Diesel Engine Specialists,detailed,238150
49-3040,Heavy Vehicle and Mobile Equipment Service Technicians and Mechanics,broad,170720
49-3041,Farm Equipment Mechanics and Service Technicians,detailed,34840
49-3042,"Mobile Heavy Equipment Mechanics, Except Engines",detailed,116590
49-3043,Rail Car Repairers,detailed,19290
49-3050,Small Engine Mechanics,broad,62860
49-3051,Motorboat Mechanics and Service Technicians,detailed,19650
49-3052,Motorcycle Mechanics,detailed,14960
49-3053,Outdoor Power Equipment and Other Small Engine Mechanics,detailed,28250
49-3090,"Miscellaneous Vehicle and Mobile Equipment Mechanics, Installers, and Repairers",broad,121020
49-3091,Bicycle Repairers,detailed,10450
49-3092,Recreational Vehicle Service Technicians,detailed,11200
49-3093,Tire Repairers and Changers,detailed,99370
49-9000,"Other Installation, Maintenance, and Repair Occupations",minor,2675590
49-9010,Control and Valve Installers and Repairers,broad,57990
49-9011,Mechanical Door Repairers,detailed,17050
49-9012,"Control and Valve Installers and Repairers, Except Mechanical Door",detailed,40940
49-9020,"Heating, Air Conditioning, and Refrigeration Mechanics and Installers",broad,251700
49-9021,"Heating, Air Conditioning, and Refrigeration Mechanics and Installers",detailed,251700
49-9030,Home Appliance Repairers,broad,32920
49-9031,Home Appliance Repairers,detailed,32920
49-9040,"Industrial Machinery Installation, Repair, and Maintenance Workers",broad,436800
49-9041,Industrial Machinery Mechanics,detailed,306860
49-9043,"Maintenance Workers, Machinery",detailed,89510
49-9044,Millwrights,detailed,38680
49-9045,"Refractory Materials Repairers, Except Brickmasons",detailed,1750
49-9050,Line Installers and Repairers,broad,231400
49-9051,Electrical Power-Line Installers and Repairers,detailed,111350
49-9052,Telecommunications Line Installers and Repairers,detailed,120050
49-9060,Precision Instrument and Equipment Repairers,broad,64730
49-9061,Camera and Photographic Equipment Repairers,detailed,3180
49-9062,Medical Equipment Repairers,detailed,40090
49-9063,Musical Instrument Repairers and Tuners,detailed,7240
49-9064,Watch Repairers,detailed,2840
49-9069,"Precision Instrument and Equipment Repairers, All Other",detailed,11390
49-9070,"Maintenance and Repair Workers, General",broad,1249080
49-9071,"Maintenance and Repair Workers, General",detailed,1249080
49-9080,Wind Turbine Service Technicians,broad,3290
49-9081,Wind Turbine Service Technicians,detailed,3290
49-9090,"Miscellaneous Installation, Maintenance, and Repair Workers",broad,347690
49-9091,"Coin, Vending, and Amusement Machine Servicers and Repairers",detailed,33250
49-9092,Commercial Divers,detailed,3600
49-9093,"Fabric Menders, Except Garment",detailed,800
49-9094,Locksmiths and Safe Repairers,detailed,17400
49-9095,Manufactured Building and Mobile Home Installers,detailed,3510
49-9096,Riggers,detailed,17330
49-9097,Signal and Track Switch Repairers,detailed,7960
49-9098,"Helpers--Installation, Maintenance, and Repair Workers",detailed,127820
49-9099,"Installation, Maintenance, and Repair Workers, All Other",detailed,136010
51-0000,Production Occupations,major,8765180
51-1000,Supervisors of Production Workers,minor,580620
51-1010,First-Line Supervisors of Production and Operating Workers,broad,580620
51-1011,First-Line Supervisors of Production and Operating Workers,detailed,580620
51-2000,Assemblers and Fabricators,minor,1757500
51-2010,"Aircraft Structure, Surfaces, Rigging, and Systems Assemblers",broad,42810
51-2011,"Aircraft Structure, Surfaces, Rigging, and Systems Assemblers",detailed,42810
51-2020,"Electrical, Electronics, and Electromechanical Assemblers",broad,267950
51-2021,"Coil Winders, Tapers, and Finishers",detailed,14590
51-2022,Electrical and Electronic Equipment Assemblers,detailed,203880
51-2023,Electromechanical Equipment Assemblers,detailed,49480
51-2030,Engine and Other Machine Assemblers,broad,39620
51-2031,Engine and Other Machine Assemblers,detailed,39620
51-2040,Structural Metal Fabricators and Fitters,broad,77860
51-2041,Structural Metal Fabricators and Fitters,detailed,77860
51-2090,Miscellaneous Assemblers and Fabricators,broad,1329260
51-2091,Fiberglass Laminators and Fabricators,detailed,18800
51-2092,Team Assemblers,detailed,1058100
51-2093,Timing Device Assemblers and Adjusters,detailed,1460
51-2099,"Assemblers and Fabricators, All Other",detailed,250900
51-3000,Food Processing Workers,minor,753020
51-3010,Bakers,broad,165270
51-3011,Bakers,detailed,165270
51-3020,"Butchers and Other Meat, Poultry, and Fish Processing Workers",broad,381890
51-3021,Butchers and Meat Cutters,detailed,138900
51-3022,"Meat, Poultry, and Fish Cutters and Trimmers",detailed,160920
51-3023,Slaughterers and Meat Packers,detailed,82070
51-3090,Miscellaneous Food Processing Workers,broad,205860
51-3091,"Food and Tobacco Roasting, Baking, and Drying Machine Operators and Tenders",detailed,18750
51-3092,Food Batchmakers,detailed,109660
51-3093,Food Cooking Machine Operators and Tenders,detailed,34040
51-3099,"Food Processing Workers, All Other",detailed,43400
51-4000,Metal Workers and Plastic Workers,minor,1887930
51-4010,Computer Control Programmers and Operators,broad,164270
51-4011,"Computer-Controlled Machine Tool Operators, Metal and Plastic",detailed,139930
51-4012,"Computer Numerically Controlled Machine Tool Programmers, Metal and Plastic",detailed,24340
51-4020,"Forming Machine Setters, Operators, and Tenders, Metal and Plastic",broad,128250
51-4021,"Extruding and Drawing Machine Setters, Operators, and Tenders, Metal and Plastic",detailed,73140
51-4022,"Forging Machine Setters, Operators, and Tenders, Metal and Plastic",detailed,22570
51-4023,"Rolling Machine Setters, Operators, and Tenders, Metal and Plastic",detailed,32550
51-4030,"Machine Tool Cutting Setters, Operators, and Tenders, Metal and Plastic",broad,344000
51-4031,"Cutting, Punching, and Press Machine Setters, Operators, and Tenders, Metal and Plastic",detailed,187640
51-4032,"Drilling and Boring Machine Tool Setters, Operators, and Tenders, Metal and Plastic",detailed,19880
51-4033,"Grinding, Lapping, Polishing, and Buffing Machine Tool Setters, Operators, and Tenders, Metal and Plastic",detailed,70910
51-4034,"Lathe and Turning Machine Tool Setters, Operators, and Tenders, Metal and Plastic",detailed,41730
51-4035,"Milling and Planing Machine Setters, Operators, and Tenders, Metal and Plastic",detailed,23850
51-4040,Machinists,broad,391130
51-4041,Machinists,detailed,391130
51-4050,"Metal Furnace Operators, Tenders, Pourers, and Casters",broad,32250
51-4051,Metal-Refining Furnace Operators and Tenders,detailed,21930
51-4052,"Pourers and Casters, Metal",detailed,10320
51-4060,"Model Makers and Patternmakers, Metal and Plastic",broad,10360
51-4061,"Model Makers, Metal and Plastic",detailed,6200
51-4062,"Patternmakers, Metal and Plastic",detailed,4160
51-4070,"Molders and Molding Machine Setters, Operators, and Tenders, Metal and Plastic",broad,137910
51-4071,Foundry Mold and Coremakers,detailed,13100
51-4072,"Molding, Coremaking, and Casting Machine Setters, Operators, and Tenders, Metal and Plastic",detailed,124810
51-4080,"Multiple Machine Tool Setters, Operators, and Tenders, Metal and Plastic",broad,93100
51-4081,"Multiple Machine Tool Setters, Operators, and Tenders, Metal and Plastic",detailed,93100
51-4110,Tool and Die Makers,broad,78700
51-4111,Tool and Die Makers,detailed,78700
51-4120,"Welding, Soldering, and Brazing Workers",broad,403100
51-4121,"Welders, Cutters, Solderers, and Brazers",detailed,352250
51-4122,"Welding, Soldering, and Brazing Machine Setters, Operators, and Tenders",detailed,50860
51-4190,Miscellaneous Metal Workers and Plastic Workers,broad,104850
51-4191,"Heat Treating Equipment Setters, Operators, and Tenders, Metal and Plastic",detailed,21500
51-4192,"Layout Workers, Metal and Plastic",detailed,13420
51-4193,"Plating and Coating Machine Setters, Operators, and Tenders, Metal and Plastic",detailed,36120
51-4194,"Tool Grinders, Filers, and Sharpeners",detailed,11540
51-4199,"Metal Workers and Plastic Workers, All Other",detailed,22270
51-5100,Printing Workers,minor,256620
51-5110,Printing Workers,broad,256620
51-5111,Prepress Technicians and Workers,detailed,38000
51-5112,Printing Press Operators,detailed,166620
51-5113,Print Binding and Finishing Workers,detailed,52000
51-6000,"Textile, Apparel, and Furnishings Workers",minor,573650
51-6010,Laundry and Dry-Cleaning Workers,broad,197650
51-6011,Laundry and Dry-Cleaning Workers,detailed,197650
51-6020,"Pressers, Textile, Garment, and Related Materials",broad,51520
51-6021,"Pressers, Textile, Garment, and Related Materials",detailed,51520
51-6030,Sewing Machine Operators,broad,143370
51-6031,Sewing Machine Operators,detailed,143370
51-6040,Shoe and Leather Workers,broad,10760
51-6041,Shoe and Leather Workers and Repairers,detailed,6460
51-6042,Shoe Machine Operators and Tenders,detailed,4300
51-6050,"Tailors, Dressmakers, and Sewers",broad,27100
51-6051,"Sewers, Hand",detailed,5700
51-6052,"Tailors, Dressmakers, and Custom Sewers",detailed,21400
51-6060,"Textile Machine Setters, Operators, and Tenders",broad,75060
51-6061,Textile Bleaching and Dyeing Machine Operators and Tenders,detailed,11680
51-6062,"Textile Cutting Machine Setters, Operators, and Tenders",detailed,15160
51-6063,"Textile Knitting and Weaving Machine Setters, Operators, and Tenders",detailed,22200
51-6064,"Textile Winding, Twisting, and Drawing Out Machine Setters, Operators, and Tenders",detailed,26020
51-6090,"Miscellaneous Textile, Apparel, and Furnishings Workers",broad,68180
51-6091,"Extruding and Forming Machine Setters, Operators, and Tenders, Synthetic and Glass Fibers",detailed,18890
51-6092,Fabric and Apparel Patternmakers,detailed,6060
51-6093,Upholsterers,detailed,28790
51-6099,"Textile, Apparel, and Furnishings Workers, All Other",detailed,14440
51-7000,Woodworkers,minor,215240
51-7010,Cabinetmakers and Bench Carpenters,broad,82770
51-7011,Cabinetmakers and Bench Carpenters,detailed,82770
51-7020,Furniture Finishers,broad,14470
51-7021,Furniture Finishers,detailed,14470
51-7030,"Model Makers and Patternmakers, Wood",broad,2110
51-7031,"Model Makers, Wood",detailed,1240
51-7032,"Patternmakers, Wood",detailed,870
51-7040,"Woodworking Machine Setters, Operators, and Tenders",broad,108750
51-7041,"Sawing Machine Setters, Operators, and Tenders, Wood",detailed,42210
51-7042,"Woodworking Machine Setters, Operators, and Tenders, Except Sawing",detailed,66540
51-7090,Miscellaneous Woodworkers,broad,7150
51-7099,"Woodworkers, All Other",detailed,7150
51-8000,Plant and System Operators,minor,310600
51-8010,"Power Plant Operators, Distributors, and Dispatchers",broad,58860
51-8011,Nuclear Power Reactor Operators,detailed,7790
51-8012,Power Distributors and Dispatchers,detailed,11260
51-8013,Power Plant Operators,detailed,39810
51-8020,Stationary Engineers and Boiler Operators,broad,35960
51-8021,Stationary Engineers and Boiler Operators,detailed,35960
51-8030,Water and Wastewater Treatment Plant and System Operators,broad,110230
51-8031,Water and Wastewater Treatment Plant and System Operators,detailed,110230
51-8090,Miscellaneous Plant and System Operators,broad,105550
51-8091,Chemical Plant and System Operators,detailed,38890
51-8092,Gas Plant Operators,detailed,13890
51-8093,"Petroleum Pump System Operators, Refinery Operators, and Gaugers",detailed,41390
51-8099,"Plant and System Operators, All Other",detailed,11390
51-9000,Other Production Occupations,minor,2430000
51-9010,"Chemical Processing Machine Setters, Operators, and Tenders",broad,102950
51-9011,Chemical Equipment Operators and Tenders,detailed,60450
51-9012,"Separating, Filtering, Clarifying, Precipitating, and Still Machine Setters, Operators, and Tenders",detailed,42510
51-9020,"Crushing, Grinding, Polishing, Mixing, and Blending Workers",broad,179200
51-9021,"Crushing, Grinding, and Polishing Machine Setters, Operators, and Tenders",detailed,30580
51-9022,"Grinding and Polishing Workers, Hand",detailed,31240
51-9023,"Mixing and Blending Machine Setters, Operators, and Tenders",detailed,117390
51-9030,Cutting Workers,broad,73240
51-9031,"Cutters and Trimmers, Hand",detailed,13800
51-9032,"Cutting and Slicing Machine Setters, Operators, and Tenders",detailed,59450
51-9040,"Extruding, Forming, Pressing, and Compacting Machine Setters, Operators, and Tenders",broad,69740
51-9041,"Extruding, Forming, Pressing, and Compacting Machine Setters, Operators, and Tenders",detailed,69740
51-9050,"Furnace, Kiln, Oven, Drier, and Kettle Operators and Tenders",broad,19840
51-9051,"Furnace, Kiln, Oven, Drier, and Kettle Operators and Tenders",detailed,19840
51-9060,"Inspectors, Testers, Sorters, Samplers, and Weighers",broad,471750
51-9061,"Inspectors, Testers, Sorters, Samplers, and Weighers",detailed,471750
51-9070,Jewelers and Precious Stone and Metal Workers,broad,22890
51-9071,Jewelers and Precious Stone and Metal Workers,detailed,22890
51-9080,"Medical, Dental, and Ophthalmic Laboratory Technicians",broad,78870
51-9081,Dental Laboratory Technicians,detailed,36790
51-9082,Medical Appliance Technicians,detailed,13320
51-9083,Ophthalmic Laboratory Technicians,detailed,28760
51-9110,Packaging and Filling Machine Operators and Tenders,broad,372210
51-9111,Packaging and Filling Machine Operators and Tenders,detailed,372210
51-9120,Painting Workers,broad,149780
51-9121,"Coating, Painting, and Spraying Machine Setters, Operators, and Tenders",detailed,87070
51-9122,"Painters, Transportation Equipment",detailed,46770
51-9123,"Painting, Coating, and Decorating Workers",detailed,15930
51-9140,Semiconductor Processors,broad,22750
51-9141,Semiconductor Processors,detailed,22750
51-9150,Photographic Process Workers and Processing Machine Operators,broad,37130
51-9151,Photographic Process Workers and Processing Machine Operators,detailed,37130
51-9190,Miscellaneous Production Workers,broad,829640
51-9191,Adhesive Bonding Machine Operators and Tenders,detailed,18280
51-9192,"Cleaning, Washing, and Metal Pickling Equipment Operators and Tenders",detailed,16460
51-9193,Cooling and Freezing Equipment Operators and Tenders,detailed,7660
51-9194,Etchers and Engravers,detailed,8570
51-9195,"Molders, Shapers, and Casters, Except Metal and Plastic",detailed,32920
51-9196,"Paper Goods Machine Setters, Operators, and Tenders",detailed,94910
51-9197,Tire Builders,detailed,17570
51-9198,Helpers--Production Workers,detailed,426670
51-9199,"Production Workers, All Other",detailed,206600
53-0000,Transportation and Material Moving Occupations,major,9005120
53-1000,Supervisors of Transportation and Material Moving Workers,minor,371250
53-1010,Aircraft Cargo Handling Supervisors,broad,6270
53-1011,Aircraft Cargo Handling Supervisors,detailed,6270
53-1020,"First-Line Supervisors of Helpers, Laborers, and Material Movers, Hand",broad,167190
53-1021,"First-Line Supervisors of Helpers, Laborers, and Material Movers, Hand",detailed,167190
53-1030,First-Line Supervisors of Transportation and Material-Moving Machine and Vehicle Operators,broad,197800
53-1031,First-Line Supervisors of Transportation and Material-Moving Machine and Vehicle Operators,detailed,197800
53-2000,Air Transportation Workers,minor,234220
53-2010,Aircraft Pilots and Flight Engineers,broad,110370
53-2011,"Airline Pilots, Copilots, and Flight Engineers",detailed,73030
53-2012,Commercial Pilots,detailed,37340
53-2020,Air Traffic Controllers and Airfield Operations Specialists,broad,30310
53-2021,Air Traffic Controllers,detailed,23060
53-2022,Airfield Operations Specialists,detailed,7250
53-2030,Flight Attendants,broad,93550
53-2031,Flight Attendants,detailed,93550
53-3000,Motor Vehicle Operators,minor,3664240
53-3010,"Ambulance Drivers and Attendants, Except Emergency Medical Technicians",broad,18380
53-3011,"Ambulance Drivers and Attendants, Except Emergency Medical Technicians",detailed,18380
53-3020,Bus Drivers,broad,653940
53-3021,"Bus Drivers, Transit and Intercity",detailed,157830
53-3022,"Bus Drivers, School or Special Client",detailed,496110
53-3030,Driver/Sales Workers and Truck Drivers,broad,2758700
53-3031,Driver/Sales Workers,detailed,396470
53-3032,Heavy and Tractor-Trailer Truck Drivers,detailed,1585300
53-3033,Light Truck or Delivery Services Drivers,detailed,776930
53-3040,Taxi Drivers and Chauffeurs,broad,170030
53-3041,Taxi Drivers and Chauffeurs,detailed,170030
53-3090,Miscellaneous Motor Vehicle Operators,broad,63200
53-3099,"Motor Vehicle Operators, All Other",detailed,63200
53-4000,Rail Transportation Workers,minor,123420
53-4010,Locomotive Engineers and Operators,broad,43870
53-4011,Locomotive Engineers,detailed,36860
53-4012,Locomotive Firers,detailed,1880
53-4013,"Rail Yard Engineers, Dinkey Operators, and Hostlers",detailed,5140
53-4020,"Railroad Brake, Signal, and Switch Operators",broad,23950
53-4021,"Railroad Brake, Signal, and Switch Operators",detailed,23950
53-4030,Railroad Conductors and Yardmasters,broad,43100
53-4031,Railroad Conductors and Yardmasters,detailed,43100
53-4040,Subway and Streetcar Operators,broad,8930
53-4041,Subway and Streetcar Operators,detailed,8930
53-4090,Miscellaneous Rail Transportation Workers,broad,3570
53-4099,"Rail Transportation Workers, All Other",detailed,3570
53-5000,Water Transportation Workers,minor,72440
53-5010,Sailors and Marine Oilers,broad,28810
53-5011,Sailors and Marine Oilers,detailed,28810
53-5020,Ship and Boat Captains and Operators,broad,33700
53-5021,"Captains, Mates, and Pilots of Water Vessels",detailed,30290
53-5022,Motorboat Operators,detailed,3400
53-5030,Ship Engineers,broad,9930
53-5031,Ship Engineers,detailed,9930
53-6000,Other Transportation Workers,minor,338080
53-6010,Bridge and Lock Tenders,broad,3170
53-6011,Bridge and Lock Tenders,detailed,3170
53-6020,Parking Lot Attendants,broad,130190
53-6021,Parking Lot Attendants,detailed,130190
53-6030,Automotive and Watercraft Service Attendants,broad,112970
53-6031,Automotive and Watercraft Service Attendants,detailed,112970
53-6040,Traffic Technicians,broad,6220
53-6041,Traffic Technicians,detailed,6220
53-6050,Transportation Inspectors,broad,23970
53-6051,Transportation Inspectors,detailed,23970
53-6060,"Transportation Attendants, Except Flight Attendants",broad,21280
53-6061,"Transportation Attendants, Except Flight Attendants",detailed,21280
53-6090,Miscellaneous Transportation Workers,broad,40290
53-6099,"Transportation Workers, All Other",detailed,40290
53-7000,Material Moving Workers,minor,4201450
53-7010,Conveyor Operators and Tenders,broad,40760
53-7011,Conveyor Operators and Tenders,detailed,40760
53-7020,Crane and Tower Operators,broad,41580
53-7021,Crane and Tower Operators,detailed,41580
53-7030,"Dredge, Excavating, and Loading Machine Operators",broad,49710
53-7031,Dredge Operators,detailed,1750
53-7032,Excavating and Loading Machine and Dragline Operators,detailed,44780
53-7033,"Loading Machine Operators, Underground Mining",detailed,3180
53-7040,Hoist and Winch Operators,broad,2980
53-7041,Hoist and Winch Operators,detailed,2980
53-7050,Industrial Truck and Tractor Operators,broad,504560
53-7051,Industrial Truck and Tractor Operators,detailed,504560
53-7060,"Laborers and Material Movers, Hand",broad,3374770
53-7061,Cleaners of Vehicles and Equipment,detailed,311940
53-7062,"Laborers and Freight, Stock, and Material Movers, Hand",detailed,2284650
53-7063,Machine Feeders and Offbearers,detailed,106160
53-7064,"Packers and Packagers, Hand",detailed,672020
53-7070,Pumping Station Operators,broad,31090
53-7071,Gas Compressor and Gas Pumping Station Operators,detailed,4520
53-7072,"Pump Operators, Except Wellhead Pumpers",detailed,13170
53-7073,Wellhead Pumpers,detailed,13410
53-7080,Refuse and Recyclable Material Collectors,broad,116460
53-7081,Refuse and Recyclable Material Collectors,detailed,116460
53-7110,Mine Shuttle Car Operators,broad,2730
53-7111,Mine Shuttle Car Operators,detailed,2730
53-7120,"Tank Car, Truck, and Ship Loaders",broad,12560
53-7121,"Tank Car, Truck, and Ship Loaders",detailed,12560
53-7190,Miscellaneous Material Moving Workers,broad,24250
53-7199,"Material Moving Workers, All Other",detailed,24250
