occ_code,occ_title,occ_group,emp_10
00-0000,All Occupations,total,127097160
11-0000,Management Occupations,major,6022860
11-1011,Chief Executives,,273500
11-1021,General and Operations Managers,,1708080
11-1031,Legislators,,65710
11-2011,Advertising and Promotions Managers,,32240
11-2021,Marketing Managers,,164590
11-2022,Sales Managers,,319300
11-2031,Public Relations and Fundraising Managers,,53460
11-3011,Administrative Services Managers,,240320
11-3021,Computer and Information Systems Managers,,288660
11-3031,Financial Managers,,478940
11-3051,Industrial Production Managers,,143310
11-3061,Purchasing Managers,,65220
11-3071,"Transportation, Storage, and Distribution Managers",,90280
11-3111,Compensation and Benefits Managers,,29830
11-3121,Human Resources Managers,,67700
11-3131,Training and Development Managers,,28070
11-9013,"Farmers, Ranchers, and Other Agricultural Managers",,3680
11-9021,Construction Managers,,191430
11-9031,"Education Administrators, Preschool and Childcare Center/Program",,50700
11-9032,"Education Administrators, Elementary and Secondary School",,222270
11-9033,"Education Administrators, Postsecondary",,110360
11-9039,"Education Administrators, All Other",,28100
11-9041,Architectural and Engineering Managers,,174720
11-9051,Food Service Managers,,186830
11-9071,Gaming Managers,,3230
11-9081,Lodging Managers,,29920
11-9111,Medical and Health Services Managers,,282990
11-9121,Natural Sciences Managers,,45920
11-9131,Postmasters and Mail Superintendents,,25160
11-9141,"Property, Real Estate, and Community Association Managers",,147110
11-9151,Social and Community Service Managers,,116480
11-9161,Emergency Management Directors,,11800
11-9199,"Managers, All Other",,342960
13-0000,Business and Financial Operations Occupations,major,6090910
13-1011,"Agents and Business Managers of Artists, Performers, and Athletes",,11790
13-1021,"Buyers and Purchasing Agents, Farm Products",,10250
13-1022,"Wholesale and Retail Buyers, Except Farm Products",,108220
13-1023,"Purchasing Agents, Except Wholesale, Retail, and Farm Products",,272370
13-1031,"Claims Adjusters, Examiners, and Investigators",,262540
13-1032,"Insurance Appraisers, Auto Damage",,10280
13-1041,Compliance Officers,,204000
13-1051,Cost Estimators,,183790
13-1074,Farm Labor Contractors,,830
13-1078,"Human Resources, Training, and Labor Relations Specialists, All Other*",,417880
13-1081,Logisticians,,104800
13-1111,Management Analysts,,536310
13-1121,"Meeting, Convention, and Event Planners*",,56950
13-1141,"Compensation, Benefits, and Job Analysis Specialists",,102830
13-1151,Training and Development Specialists,,203870
13-1161,Market Research Analysts and Marketing Specialists*,,261780
13-1199,"Business Operations Specialists, All Other*",,993980
13-2011,Accountants and Auditors,,1072490
13-2021,Appraisers and Assessors of Real Estate,,62560
13-2031,Budget Analysts,,58290
13-2041,Credit Analysts,,62680
13-2051,Financial Analysts,,220810
13-2052,Personal Financial Advisors,,155360
13-2053,Insurance Underwriters,,95350
13-2061,Financial Examiners,,27860
13-2071,Credit Counselors,,29560
13-2072,Loan Officers,,283330
13-2081,"Tax Examiners and Collectors, and Revenue Agents",,68530
13-2082,Tax Preparers,,56990
13-2099,"Financial Specialists, All Other",,154640
15-0000,Computer and Mathematical Occupations,major,3283950
15-1111,Computer and Information Research Scientists,,24900
15-1121,Computer Systems Analysts,,495800
15-1131,Computer Programmers,,333620
15-1132,"Software Developers, Applications",,499280
15-1133,"Software Developers, Systems Software",,378920
15-1141,Database Administrators,,104080
15-1142,Network and Computer Systems Administrators*,,333210
15-1150,Computer Support Specialists,,579270
15-1179,"Information Security Analysts, Web Developers, and Computer Network Architects",,243330
15-1799,"Computer Occupations, All Other*",,183110
15-2011,Actuaries,,18320
15-2021,Mathematicians,,2830
15-2031,Operations Research Analysts,,62210
15-2041,Statisticians,,22830
15-2091,Mathematical Technicians,,960
15-2099,"Mathematical Science Occupations, All Other",,1290
17-0000,Architecture and Engineering Occupations,major,2305530
17-1011,"Architects, Except Landscape and Naval",,87700
17-1012,Landscape Architects,,16680
17-1021,Cartographers and Photogrammetrists,,11670
17-1022,Surveyors,,43950
17-2011,Aerospace Engineers,,78450
17-2021,Agricultural Engineers,,2520
17-2031,Biomedical Engineers,,15280
17-2041,Chemical Engineers,,28720
17-2051,Civil Engineers,,249120
17-2061,Computer Hardware Engineers,,66960
17-2071,Electrical Engineers,,148770
17-2072,"Electronics Engineers, Except Computer",,133660
17-2081,Environmental Engineers,,49800
17-2111,"Health and Safety Engineers, Except Mining Safety Engineers and Inspectors",,23390
17-2112,Industrial Engineers,,202990
17-2121,Marine Engineers and Naval Architects,,5720
17-2131,Materials Engineers,,21830
17-2141,Mechanical Engineers,,234400
17-2151,"Mining and Geological Engineers, Including Mining Safety Engineers",,6270
17-2161,Nuclear Engineers,,18610
17-2171,Petroleum Engineers,,28210
17-2199,"Engineers, All Other",,139610
17-3011,Architectural and Civil Drafters,,89670
17-3012,Electrical and Electronics Drafters,,27960
17-3013,Mechanical Drafters,,64440
17-3019,"Drafters, All Other",,15210
17-3021,Aerospace Engineering and Operations Technicians,,8480
17-3022,Civil Engineering Technicians,,77050
17-3023,Electrical and Electronics Engineering Technicians,,147750
17-3024,Electro-Mechanical Technicians,,15970
17-3025,Environmental Engineering Technicians,,18450
17-3026,Industrial Engineering Technicians,,61630
17-3027,Mechanical Engineering Technicians,,44170
17-3029,"Engineering Technicians, Except Drafters, All Other",,66560
17-3031,Surveying and Mapping Technicians,,53870
19-0000,"Life, Physical, and Social Science Occupations",major,1064510
19-1011,Animal Scientists,,2440
19-1012,Food Scientists and Technologists,,10480
19-1013,Soil and Plant Scientists,,12120
19-1021,Biochemists and Biophysicists,,22800
19-1022,Microbiologists,,18330
19-1023,Zoologists and Wildlife Biologists,,17440
19-1029,"Biological Scientists, All Other",,30430
19-1031,Conservation Scientists,,18880
19-1032,Foresters,,9470
19-1041,Epidemiologists,,4710
19-1042,"Medical Scientists, Except Epidemiologists",,93560
19-1099,"Life Scientists, All Other",,10610
19-2011,Astronomers,,1840
19-2012,Physicists,,16860
19-2021,Atmospheric and Space Scientists,,8640
19-2031,Chemists,,80180
19-2032,Materials Scientists,,8390
19-2041,"Environmental Scientists and Specialists, Including Health",,81690
19-2042,"Geoscientists, Except Hydrologists and Geographers",,30830
19-2043,Hydrologists,,6910
19-2099,"Physical Scientists, All Other",,24690
19-3011,Economists,,13250
19-3022,Survey Researchers,,17850
19-3031,"Clinical, Counseling, and School Psychologists",,100700
19-3032,Industrial-Organizational Psychologists,,1420
19-3039,"Psychologists, All Other",,10690
19-3041,Sociologists,,3710
19-3051,Urban and Regional Planners,,38830
19-3091,Anthropologists and Archeologists,,5100
19-3092,Geographers,,1300
19-3093,Historians,,3320
19-3094,Political Scientists,,4470
19-3099,"Social Scientists and Related Workers, All Other",,28420
19-4011,Agricultural and Food Science Technicians,,16890
19-4021,Biological Technicians,,72940
19-4031,Chemical Technicians,,59440
19-4041,Geological and Petroleum Technicians,,13560
19-4051,Nuclear Technicians,,6960
19-4061,Social Science Research Assistants,,25830
19-4091,"Environmental Science and Protection Technicians, Including Health",,28480
19-4092,Forensic Science Technicians,,12390
19-4093,Forest and Conservation Technicians,,32290
19-4099,"Life, Physical, and Social Science Technicians, All Other",,55360
21-0000,Community and Social Service Occupations,major,1901180
21-1011,Substance Abuse and Behavioral Disorder Counselors,,77940
21-1012,"Educational, Guidance, School, and Vocational Counselors",,246890
21-1013,Marriage and Family Therapists,,33050
21-1014,Mental Health Counselors,,110300
21-1015,Rehabilitation Counselors,,111490
21-1019,"Counselors, All Other",,28140
21-1021,"Child, Family, and School Social Workers",,276100
21-1022,Healthcare Social Workers,,143080
21-1023,Mental Health and Substance Abuse Social Workers,,119960
21-1029,"Social Workers, All Other",,69920
21-1091,Health Educators,,58150
21-1092,Probation Officers and Correctional Treatment Specialists,,89900
21-1093,Social and Human Service Assistants,,357500
21-1798,"Community and Social Service Specialists, All Other*",,112010
21-2011,Clergy,,42820
21-2021,"Directors, Religious Activities and Education",,16840
21-2099,"Religious Workers, All Other",,7090
23-0000,Legal Occupations,major,992650
23-1011,Lawyers,,561350
23-1012,Judicial Law Clerks,,25150
23-1021,"Administrative Law Judges, Adjudicators, and Hearing Officers",,14310
23-1022,"Arbitrators, Mediators, and Conciliators",,6920
23-1023,"Judges, Magistrate Judges, and Magistrates",,25900
23-2011,Paralegals and Legal Assistants*,,247940
23-2091,Court Reporters,,18430
23-2093,"Title Examiners, Abstractors, and Searchers",,50490
23-2099,"Legal Support Workers, All Other",,42160
25-0000,"Education, Training, and Library Occupations",major,8457870
25-1011,"Business Teachers, Postsecondary",,79070
25-1021,"Computer Science Teachers, Postsecondary",,33080
25-1022,"Mathematical Science Teachers, Postsecondary",,51980
25-1031,"Architecture Teachers, Postsecondary",,7620
25-1032,"Engineering Teachers, Postsecondary",,34400
25-1041,"Agricultural Sciences Teachers, Postsecondary",,10600
25-1042,"Biological Science Teachers, Postsecondary",,54540
25-1043,"Forestry and Conservation Science Teachers, Postsecondary",,2410
25-1051,"Atmospheric, Earth, Marine, and Space Sciences Teachers, Postsecondary",,10680
25-1052,"Chemistry Teachers, Postsecondary",,21150
25-1053,"Environmental Science Teachers, Postsecondary",,5090
25-1054,"Physics Teachers, Postsecondary",,13500
25-1061,"Anthropology and Archeology Teachers, Postsecondary",,5850
25-1062,"Area, Ethnic, and Cultural Studies Teachers, Postsecondary",,8980
25-1063,"Economics Teachers, Postsecondary",,13020
25-1064,"Geography Teachers, Postsecondary",,4250
25-1065,"Political Science Teachers, Postsecondary",,15930
25-1066,"Psychology Teachers, Postsecondary",,34350
25-1067,"Sociology Teachers, Postsecondary",,17430
25-1069,"Social Sciences Teachers, Postsecondary, All Other",,7410
25-1071,"Health Specialties Teachers, Postsecondary",,144780
25-1072,"Nursing Instructors and Teachers, Postsecondary",,54050
25-1081,"Education Teachers, Postsecondary",,61450
25-1082,"Library Science Teachers, Postsecondary",,4370
25-1111,"Criminal Justice and Law Enforcement Teachers, Postsecondary",,13860
25-1112,"Law Teachers, Postsecondary",,14620
25-1113,"Social Work Teachers, Postsecondary",,9370
25-1121,"Art, Drama, and Music Teachers, Postsecondary",,86860
25-1122,"Communications Teachers, Postsecondary",,28590
25-1123,"English Language and Literature Teachers, Postsecondary",,69880
25-1124,"Foreign Language and Literature Teachers, Postsecondary",,28100
25-1125,"History Teachers, Postsecondary",,23240
25-1126,"Philosophy and Religion Teachers, Postsecondary",,21250
25-1191,Graduate Teaching Assistants,,107790
25-1192,"Home Economics Teachers, Postsecondary",,5910
25-1193,"Recreation and Fitness Studies Teachers, Postsecondary",,17720
25-1194,"Vocational Education Teachers, Postsecondary",,120290
25-1199,"Postsecondary Teachers, All Other",,183160
25-2011,"Preschool Teachers, Except Special Education",,369380
25-2012,"Kindergarten Teachers, Except Special Education",,173330
25-2021,"Elementary School Teachers, Except Special Education",,1485600
25-2022,"Middle School Teachers, Except Special and Career/Technical Education",,655090
25-2023,"Career/Technical Education Teachers, Middle School",,14600
25-2031,"Secondary School Teachers, Except Special and Career/Technical Education",,1053140
25-2032,"Career/Technical Education Teachers, Secondary School",,91690
25-2041,"Special Education Teachers, Preschool, Kindergarten, and Elementary School*",,226920
25-2053,"Special Education Teachers, Middle School",,100510
25-2054,"Special Education Teachers, Secondary School",,141420
25-3011,Adult Basic and Secondary Education and Literacy Teachers and Instructors,,68510
25-3021,Self-Enrichment Education Teachers,,160990
25-3999,"Teachers and Instructors, All Other*",,710230
25-4011,Archivists,,5030
25-4012,Curators,,10550
25-4013,Museum Technicians and Conservators,,10390
25-4021,Librarians,,148240
25-4031,Library Technicians,,109240
25-9011,Audio-Visual and Multimedia Collections Specialists,,7740
25-9021,Farm and Home Management Advisors,,10670
25-9031,Instructional Coordinators,,128780
25-9041,Teacher Assistants,,1249380
25-9099,"Education, Training, and Library Workers, All Other",,99820
27-0000,"Arts, Design, Entertainment, Sports, and Media Occupations",major,1716640
27-1011,Art Directors,,29700
27-1012,Craft Artists,,4790
27-1013,"Fine Artists, Including Painters, Sculptors, and Illustrators",,10320
27-1014,Multimedia Artists and Animators,,26560
27-1019,"Artists and Related Workers, All Other",,7560
27-1021,Commercial and Industrial Designers,,28670
27-1022,Fashion Designers,,15060
27-1023,Floral Designers,,47850
27-1024,Graphic Designers,,192240
27-1025,Interior Designers,,40120
27-1026,Merchandise Displayers and Window Trimmers,,64330
27-1027,Set and Exhibit Designers,,8120
27-1029,"Designers, All Other",,8560
27-2011,Actors,,54740
27-2012,Producers and Directors,,83520
27-2021,Athletes and Sports Competitors,,12660
27-2022,Coaches and Scouts,,184280
27-2023,"Umpires, Referees, and Other Sports Officials",,15250
27-2031,Dancers,,11200
27-2032,Choreographers,,12390
27-2041,Music Directors and Composers,,20640
27-2042,Musicians and Singers,,43350
27-2099,"Entertainers and Performers, Sports and Related Workers, All Other",,23510
27-3011,Radio and Television Announcers,,32520
27-3012,Public Address System and Other Announcers,,7580
27-3021,Broadcast News Analysts,,5670
27-3022,Reporters and Correspondents,,45130
27-3031,Public Relations Specialists,,225590
27-3041,Editors,,99160
27-3042,Technical Writers,,43990
27-3043,Writers and Authors,,40980
27-3091,Interpreters and Translators,,44200
27-3099,"Media and Communication Workers, All Other",,23740
27-4011,Audio and Video Equipment Technicians,,47510
27-4012,Broadcast Technicians,,30520
27-4013,Radio Operators,,920
27-4014,Sound Engineering Technicians,,15650
27-4021,Photographers,,54550
27-4031,"Camera Operators, Television, Video, and Motion Picture",,16760
27-4032,Film and Video Editors,,19930
27-4099,"Media and Communication Equipment Workers, All Other",,16820
29-0000,Healthcare Practitioners and Technical Occupations,major,7346580
29-1011,Chiropractors,,26250
29-1021,"Dentists, General",,87700
29-1022,Oral and Maxillofacial Surgeons,,5330
29-1023,Orthodontists,,5580
29-1024,Prosthodontists,,670
29-1029,"Dentists, All Other Specialists",,5010
29-1031,Dietitians and Nutritionists,,53510
29-1041,Optometrists,,26480
29-1051,Pharmacists,,268030
29-1061,Anesthesiologists,,34820
29-1062,Family and General Practitioners,,97820
29-1063,"Internists, General",,50070
29-1064,Obstetricians and Gynecologists,,19940
29-1065,"Pediatricians, General",,30100
29-1066,Psychiatrists,,22690
29-1067,Surgeons,,43230
29-1069,"Physicians and Surgeons, All Other",,293740
29-1071,Physician Assistants,,81420
29-1081,Podiatrists,,9310
29-1111,Registered Nurses*,,2655020
29-1122,Occupational Therapists,,100300
29-1123,Physical Therapists,,180280
29-1124,Radiation Therapists,,16590
29-1125,Recreational Therapists,,20830
29-1126,Respiratory Therapists,,109270
29-1127,Speech-Language Pathologists,,112530
29-1128,"Therapists, All Other*",,16170
29-1131,Veterinarians,,54480
29-1181,Audiologists,,12860
29-1199,"Health Diagnosing and Treating Practitioners, All Other",,31390
29-2011,Medical and Clinical Laboratory Technologists,,164430
29-2012,Medical and Clinical Laboratory Technicians,,156480
29-2021,Dental Hygienists,,177520
29-2031,Cardiovascular Technologists and Technicians,,48720
29-2032,Diagnostic Medical Sonographers,,53010
29-2033,Nuclear Medicine Technologists,,21600
29-2037,Radiologic Technologists and Technicians*,,216730
29-2041,Emergency Medical Technicians and Paramedics,,221760
29-2051,Dietetic Technicians,,23890
29-2052,Pharmacy Technicians,,333500
29-2053,Psychiatric Technicians,,72650
29-2054,Respiratory Therapy Technicians,,13570
29-2055,Surgical Technologists,,92260
29-2056,Veterinary Technologists and Technicians,,79870
29-2061,Licensed Practical and Licensed Vocational Nurses,,730290
29-2071,Medical Records and Health Information Technicians,,176090
29-2081,"Opticians, Dispensing",,62200
29-2091,Orthotists and Prosthetists,,5940
29-2799,"Health Technologists and Technicians, All Other*",,87900
29-9011,Occupational Health and Safety Specialists,,54680
29-9012,Occupational Health and Safety Technicians,,10040
29-9091,Athletic Trainers,,16290
29-9799,"Healthcare Practitioners and Technical Workers, All Other*",,55720
31-0000,Healthcare Support Occupations,major,3962930
31-1011,Home Health Aides,,982840
31-1012,"Nursing Aides, Orderlies, and Attendants*",,1451090
31-1013,Psychiatric Aides,,64730
31-2011,Occupational Therapy Assistants,,27720
31-2012,Occupational Therapy Aides,,7180
31-2021,Physical Therapist Assistants,,65960
31-2022,Physical Therapist Aides,,45900
31-9011,Massage Therapists,,60040
31-9091,Dental Assistants,,294030
31-9092,Medical Assistants,,523260
31-9093,Medical Equipment Preparers,,47310
31-9094,Medical Transcriptionists,,78780
31-9095,Pharmacy Aides,,49580
31-9096,Veterinary Assistants and Laboratory Animal Caretakers,,70530
31-9799,"Healthcare Support Workers, All Other*",,193980
33-0000,Protective Service Occupations,major,3187810
33-1011,First-Line Supervisors of Correctional Officers,,39920
33-1012,First-Line Supervisors of Police and Detectives,,102200
33-1021,First-Line Supervisors of Fire Fighting and Prevention Workers,,58800
33-1099,"First-Line Supervisors of Protective Service Workers, All Other",,55190
33-2011,Firefighters,,302400
33-2021,Fire Inspectors and Investigators,,13050
33-2022,Forest Fire Inspectors and Prevention Specialists,,1530
33-3011,Bailiffs,,17310
33-3012,Correctional Officers and Jailers,,457550
33-3021,Detectives and Criminal Investigators,,110640
33-3031,Fish and Game Wardens,,7240
33-3041,Parking Enforcement Workers,,9430
33-3051,Police and Sheriff's Patrol Officers,,644300
33-3052,Transit and Railroad Police,,3540
33-9011,Animal Control Workers,,15040
33-9021,Private Detectives and Investigators,,28210
33-9031,Gaming Surveillance Officers and Gaming Investigators,,6620
33-9032,Security Guards,,1006880
33-9091,Crossing Guards,,68740
33-9092,"Lifeguards, Ski Patrol, and Other Recreational Protective Service Workers",,117540
33-9093,Transportation Security Screeners* (federal only),,42430
33-9099,"Protective Service Workers, All Other *",,79280
35-0000,Food Preparation and Serving Related Occupations,major,11027340
35-1011,Chefs and Head Cooks,,90510
35-1012,First-Line Supervisors of Food Preparation and Serving Workers,,773400
35-2011,"Cooks, Fast Food",,525350
35-2012,"Cooks, Institution and Cafeteria",,387700
35-2013,"Cooks, Private Household",,400
35-2014,"Cooks, Restaurant",,901310
35-2015,"Cooks, Short Order",,171780
35-2019,"Cooks, All Other",,19460
35-2021,Food Preparation Workers,,802650
35-3011,Bartenders,,495350
35-3021,"Combined Food Preparation and Serving Workers, Including Fast Food",,2692170
35-3022,"Counter Attendants, Cafeteria, Food Concession, and Coffee Shop",,446660
35-3031,Waiters and Waitresses,,2244480
35-3041,"Food Servers, Nonrestaurant",,205330
35-9011,Dining Room and Cafeteria Attendants and Bartender Helpers,,390920
35-9021,Dishwashers,,505950
35-9031,"Hosts and Hostesses, Restaurant, Lounge, and Coffee Shop",,329020
35-9099,"Food Preparation and Serving Related Workers, All Other",,44890
37-0000,Building and Grounds Cleaning and Maintenance Occupations,major,4175550
37-1011,First-Line Supervisors of Housekeeping and Janitorial Workers,,172610
37-1012,"First-Line Supervisors of Landscaping, Lawn Service, and Groundskeeping Workers",,100630
37-2011,"Janitors and Cleaners, Except Maids and Housekeeping Cleaners",,2058610
37-2012,Maids and Housekeeping Cleaners,,865960
37-2019,"Building Cleaning Workers, All Other",,12280
37-2021,Pest Control Workers,,62490
37-3011,Landscaping and Groundskeeping Workers,,829350
37-3012,"Pesticide Handlers, Sprayers, and Applicators, Vegetation",,23200
37-3013,Tree Trimmers and Pruners,,37540
37-3019,"Grounds Maintenance Workers, All Other",,12890
39-0000,Personal Care and Service Occupations,major,3425220
39-1011,Gaming Supervisors,,22960
39-1012,Slot Supervisors,,12020
39-1021,First-Line Supervisors of Personal Service Workers,,131800
39-2011,Animal Trainers,,9740
39-2021,Nonfarm Animal Caretakers,,135070
39-3011,Gaming Dealers,,85430
39-3012,Gaming and Sports Book Writers and Runners,,13450
39-3019,"Gaming Service Workers, All Other",,11620
39-3021,Motion Picture Projectionists,,9440
39-3031,"Ushers, Lobby Attendants, and Ticket Takers",,107200
39-3091,Amusement and Recreation Attendants,,254630
39-3092,Costume Attendants,,5490
39-3093,"Locker Room, Coatroom, and Dressing Room Attendants",,17280
39-3099,"Entertainment Attendants and Related Workers, All Other",,36340
39-4011,Embalmers,,6780
39-4021,Funeral Attendants,,29810
39-4831,"Funeral Service Managers, Directors, Morticians, and Undertakers",,27280
39-5011,Barbers,,9360
39-5012,"Hairdressers, Hairstylists, and Cosmetologists",,349420
39-5091,"Makeup Artists, Theatrical and Performance",,2240
39-5092,Manicurists and Pedicurists,,51990
39-5093,Shampooers,,14220
39-5094,Skincare Specialists,,30230
39-6011,Baggage Porters and Bellhops,,44740
39-6012,Concierges,,19650
39-7011,Tour Guides and Escorts,,29690
39-7012,Travel Guides,,3620
39-9011,Childcare Workers,,611280
39-9021,Personal Care Aides,,686030
39-9031,Fitness Trainers and Aerobics Instructors,,225490
39-9032,Recreation Workers,,293430
39-9041,Residential Advisors,,65610
39-9099,"Personal Care and Service Workers, All Other",,71860
41-0000,Sales and Related Occupations,major,13437980
41-1011,First-Line Supervisors of Retail Sales Workers,,1172070
41-1012,First-Line Supervisors of Non-Retail Sales Workers,,244320
41-2011,Cashiers,,3354170
41-2012,Gaming Change Persons and Booth Cashiers,,19570
41-2021,Counter and Rental Clerks,,414730
41-2022,Parts Salespersons,,201610
41-2031,Retail Salespersons,,4155190
41-3011,Advertising Sales Agents,,145160
41-3021,Insurance Sales Agents,,318800
41-3031,"Securities, Commodities, and Financial Services Sales Agents",,276290
41-3041,Travel Agents,,70930
41-3099,"Sales Representatives, Services, All Other",,531410
41-4011,"Sales Representatives, Wholesale and Manufacturing, Technical and Scientific Products",,381080
41-4012,"Sales Representatives, Wholesale and Manufacturing, Except Technical and Scientific Products",,1367210
41-9011,Demonstrators and Product Promoters,,75790
41-9012,Models,,1020
41-9021,Real Estate Brokers,,41210
41-9022,Real Estate Sales Agents,,153740
41-9031,Sales Engineers,,66060
41-9041,Telemarketers,,288760
41-9091,"Door-to-Door Sales Workers, News and Street Vendors, and Related Workers",,7590
41-9799,"Sales and Related Workers, All Other*",,151280
43-0000,Office and Administrative Support Occupations,major,21503800
43-1011,First-Line Supervisors of Office and Administrative Support Workers,,1359950
43-2011,"Switchboard Operators, Including Answering Service",,138200
43-2021,Telephone Operators,,18650
43-2099,"Communications Equipment Operators, All Other",,2780
43-3011,Bill and Account Collectors,,399950
43-3021,Billing and Posting Clerks,,483440
43-3031,"Bookkeeping, Accounting, and Auditing Clerks",,1675250
43-3041,Gaming Cage Workers,,15640
43-3051,Payroll and Timekeeping Clerks,,180280
43-3061,Procurement Clerks,,73650
43-3071,Tellers,,556310
43-4011,Brokerage Clerks,,57600
43-4021,Correspondence Clerks,,9470
43-4031,"Court, Municipal, and License Clerks",,123510
43-4041,"Credit Authorizers, Checkers, and Clerks",,53770
43-4051,Customer Service Representatives,,2146120
43-4061,"Eligibility Interviewers, Government Programs",,118920
43-4071,File Clerks,,174910
43-4081,"Hotel, Motel, and Resort Desk Clerks",,222540
43-4111,"Interviewers, Except Eligibility and Loan",,204730
43-4121,"Library Assistants, Clerical",,110210
43-4131,Loan Interviewers and Clerks,,181600
43-4141,New Accounts Clerks,,67170
43-4151,Order Clerks,,211370
43-4161,"Human Resources Assistants, Except Payroll and Timekeeping",,150090
43-4171,Receptionists and Information Clerks,,997080
43-4181,Reservation and Transportation Ticket Agents and Travel Clerks,,121250
43-4199,"Information and Record Clerks, All Other",,200410
43-5011,Cargo and Freight Agents,,81390
43-5021,Couriers and Messengers,,85620
43-5031,"Police, Fire, and Ambulance Dispatchers",,97740
43-5032,"Dispatchers, Except Police, Fire, and Ambulance",,180540
43-5041,"Meter Readers, Utilities",,40160
43-5051,Postal Service Clerks,,67320
43-5052,Postal Service Mail Carriers,,324990
43-5053,"Postal Service Mail Sorters, Processors, and Processing Machine Operators",,145690
43-5061,"Production, Planning, and Expediting Clerks",,266170
43-5071,"Shipping, Receiving, and Traffic Clerks",,687850
43-5081,Stock Clerks and Order Fillers,,1795970
43-5111,"Weighers, Measurers, Checkers, and Samplers, Recordkeeping",,66480
43-6011,Executive Secretaries and Executive Administrative Assistants,,1132070
43-6012,Legal Secretaries,,228700
43-6013,Medical Secretaries,,494650
43-6014,"Secretaries and Administrative Assistants, Except Legal, Medical, and Executive",,1841020
43-9011,Computer Operators,,82410
43-9021,Data Entry Keyers,,219530
43-9022,Word Processors and Typists,,101450
43-9031,Desktop Publishers,,20060
43-9041,Insurance Claims and Policy Processing Clerks,,231570
43-9051,"Mail Clerks and Mail Machine Operators, Except Postal Service",,119960
43-9061,"Office Clerks, General",,2789590
43-9071,"Office Machine Operators, Except Computer",,66580
43-9081,Proofreaders and Copy Markers,,12770
43-9111,Statistical Assistants,,15490
43-9799,"Office and Administrative Support Workers, All Other*",,253190
45-0000,"Farming, Fishing, and Forestry Occupations",major,408040
45-1011,"First-Line Supervisors of Farming, Fishing, and Forestry Workers",,19540
45-2011,Agricultural Inspectors,,13560
45-2021,Animal Breeders,,1380
45-2041,"Graders and Sorters, Agricultural Products",,38950
45-2091,Agricultural Equipment Operators,,24110
45-2092,"Farmworkers and Laborers, Crop, Nursery, and Greenhouse",,228600
45-2093,"Farmworkers, Farm, Ranch, and Aquacultural Animals",,31880
45-2099,"Agricultural Workers, All Other",,7490
45-3011,Fishers and Related Fishing Workers,,700
45-4011,Forest and Conservation Workers,,7040
45-4021,Fallers,,6260
45-4022,Logging Equipment Operators,,22880
45-4023,Log Graders and Scalers,,2480
45-4029,"Logging Workers, All Other",,3130
47-0000,Construction and Extraction Occupations,major,5072530
47-1011,First-Line Supervisors of Construction Trades and Extraction Workers,,474510
47-2011,Boilermakers,,19030
47-2021,Brickmasons and Blockmasons,,68520
47-2022,Stonemasons,,11920
47-2031,Carpenters,,620410
47-2041,Carpet Installers,,25580
47-2042,"Floor Layers, Except Carpet, Wood, and Hard Tiles",,9480
47-2043,Floor Sanders and Finishers,,5740
47-2044,Tile and Marble Setters,,31670
47-2051,Cement Masons and Concrete Finishers,,140950
47-2053,Terrazzo Workers and Finishers,,3640
47-2061,Construction Laborers,,777700
47-2071,"Paving, Surfacing, and Tamping Equipment Operators",,51830
47-2072,Pile-Driver Operators,,4230
47-2073,Operating Engineers and Other Construction Equipment Operators,,334730
47-2081,Drywall and Ceiling Tile Installers,,82320
47-2082,Tapers,,17690
47-2111,Electricians,,514760
47-2121,Glaziers,,40880
47-2131,"Insulation Workers, Floor, Ceiling, and Wall",,23380
47-2132,"Insulation Workers, Mechanical",,28100
47-2141,"Painters, Construction and Maintenance",,189840
47-2142,Paperhangers,,4040
47-2151,Pipelayers,,45320
47-2152,"Plumbers, Pipefitters, and Steamfitters",,358790
47-2161,Plasterers and Stucco Masons,,26430
47-2171,Reinforcing Iron and Rebar Workers,,19590
47-2181,Roofers,,99280
47-2211,Sheet Metal Workers,,131600
47-2221,Structural Iron and Steel Workers,,58460
47-3011,"Helpers--Brickmasons, Blockmasons, Stonemasons, and Tile and Marble Setters",,31160
47-3012,Helpers--Carpenters,,46910
47-3013,Helpers--Electricians,,72390
47-3014,"Helpers--Painters, Paperhangers, Plasterers, and Stucco Masons",,12320
47-3015,"Helpers--Pipelayers, Plumbers, Pipefitters, and Steamfitters",,57660
47-3016,Helpers--Roofers,,12310
47-3019,"Helpers, Construction Trades, All Other",,19570
47-4011,Construction and Building Inspectors,,89270
47-4021,Elevator Installers and Repairers,,20430
47-4031,Fence Erectors,,20810
47-4041,Hazardous Materials Removal Workers,,36910
47-4051,Highway Maintenance Workers,,142530
47-4061,Rail-Track Laying and Maintenance Equipment Operators,,15520
47-4071,Septic Tank Servicers and Sewer Pipe Cleaners,,24350
47-4091,Segmental Pavers,,1280
47-4799,"Construction and Related Workers, All Other*",,42140
47-5011,"Derrick Operators, Oil and Gas",,16930
47-5012,"Rotary Drill Operators, Oil and Gas",,20230
47-5013,"Service Unit Operators, Oil, Gas, and Mining",,36620
47-5021,"Earth Drillers, Except Oil and Gas",,16200
47-5031,"Explosives Workers, Ordnance Handling Experts, and Blasters",,5710
47-5041,Continuous Mining Machine Operators,,13060
47-5042,Mine Cutting and Channeling Machine Operators,,6630
47-5049,"Mining Machine Operators, All Other",,3200
47-5051,"Rock Splitters, Quarry",,3390
47-5061,"Roof Bolters, Mining",,5610
47-5071,"Roustabouts, Oil and Gas",,48880
47-5081,Helpers--Extraction Workers,,23400
47-5099,"Extraction Workers, All Other",,6660
49-0000,"Installation, Maintenance, and Repair Occupations",major,4928960
49-1011,"First-Line Supervisors of Mechanics, Installers, and Repairers",,415900
49-2011,"Computer, Automated Teller, and Office Machine Repairers",,110320
49-2021,"Radio, Cellular, and Tower Equipment Installers and Repairs",,9590
49-2022,"Telecommunications Equipment Installers and Repairers, Except Line Installers",,190100
49-2091,Avionics Technicians,,18320
49-2092,"Electric Motor, Power Tool, and Related Repairers",,18740
49-2093,"Electrical and Electronics Installers and Repairers, Transportation Equipment",,12830
49-2094,"Electrical and Electronics Repairers, Commercial and Industrial Equipment",,67550
49-2095,"Electrical and Electronics Repairers, Powerhouse, Substation, and Relay",,23220
49-2096,"Electronic Equipment Installers and Repairers, Motor Vehicles",,15630
49-2097,Electronic Home Entertainment Equipment Installers and Repairers,,30840
49-2098,Security and Fire Alarm Systems Installers,,57390
49-3011,Aircraft Mechanics and Service Technicians,,117510
49-3021,Automotive Body and Related Repairers,,129730
49-3022,Automotive Glass Installers and Repairers,,14020
49-3023,Automotive Service Technicians and Mechanics,,587510
49-3031,Bus and Truck Mechanics and Diesel Engine Specialists,,222770
49-3041,Farm Equipment Mechanics and Service Technicians,,30300
49-3042,"Mobile Heavy Equipment Mechanics, Except Engines",,108540
49-3043,Rail Car Repairers,,19280
49-3051,Motorboat Mechanics and Service Technicians,,16850
49-3052,Motorcycle Mechanics,,14750
49-3053,Outdoor Power Equipment and Other Small Engine Mechanics,,25010
49-3091,Bicycle Repairers,,9530
49-3092,Recreational Vehicle Service Technicians,,9540
49-3093,Tire Repairers and Changers,,94120
49-9011,Mechanical Door Repairers,,13240
49-9012,"Control and Valve Installers and Repairers, Except Mechanical Door",,43430
49-9021,"Heating, Air Conditioning, and Refrigeration Mechanics and Installers",,224320
49-9031,Home Appliance Repairers,,33180
49-9041,Industrial Machinery Mechanics,,275370
49-9043,"Maintenance Workers, Machinery",,69480
49-9044,Millwrights,,36670
49-9045,"Refractory Materials Repairers, Except Brickmasons",,2060
49-9051,Electrical Power-Line Installers and Repairers,,105540
49-9052,Telecommunications Line Installers and Repairers,,156350
49-9061,Camera and Photographic Equipment Repairers,,2810
49-9062,Medical Equipment Repairers,,32980
49-9063,Musical Instrument Repairers and Tuners,,5650
49-9064,Watch Repairers,,2240
49-9069,"Precision Instrument and Equipment Repairers, All Other",,12640
49-9071,"Maintenance and Repair Workers, General",,1217820
49-9091,"Coin, Vending, and Amusement Machine Servicers and Repairers",,36240
49-9092,Commercial Divers,,3720
49-9093,"Fabric Menders, Except Garment",,690
49-9094,Locksmiths and Safe Repairers,,15850
49-9095,Manufactured Building and Mobile Home Installers,,5760
49-9096,Riggers,,13660
49-9097,Signal and Track Switch Repairers,,7400
49-9098,"Helpers--Installation, Maintenance, and Repair Workers",,123220
49-9799,"Installation, Maintenance, and Repair Workers, All Other*",,118740
51-0000,Production Occupations,major,8236340
51-1011,First-Line Supervisors of Production and Operating Workers,,555260
51-2011,"Aircraft Structure, Surfaces, Rigging, and Systems Assemblers",,36320
51-2021,"Coil Winders, Tapers, and Finishers",,14930
51-2022,Electrical and Electronic Equipment Assemblers,,180440
51-2023,Electromechanical Equipment Assemblers,,48980
51-2031,Engine and Other Machine Assemblers,,33310
51-2041,Structural Metal Fabricators and Fitters,,79540
51-2091,Fiberglass Laminators and Fabricators,,19060
51-2092,Team Assemblers,,928170
51-2093,Timing Device Assemblers and Adjusters,,1560
51-2099,"Assemblers and Fabricators, All Other",,248090
51-3011,Bakers,,140790
51-3021,Butchers and Meat Cutters,,125910
51-3022,"Meat, Poultry, and Fish Cutters and Trimmers",,163080
51-3023,Slaughterers and Meat Packers,,88500
51-3091,"Food and Tobacco Roasting, Baking, and Drying Machine Operators and Tenders",,18710
51-3092,Food Batchmakers,,97220
51-3093,Food Cooking Machine Operators and Tenders,,32220
51-4011,"Computer-Controlled Machine Tool Operators, Metal and Plastic",,123600
51-4012,"Computer Numerically Controlled Machine Tool Programmers, Metal and Plastic",,16360
51-4021,"Extruding and Drawing Machine Setters, Operators, and Tenders, Metal and Plastic",,76260
51-4022,"Forging Machine Setters, Operators, and Tenders, Metal and Plastic",,22110
51-4023,"Rolling Machine Setters, Operators, and Tenders, Metal and Plastic",,31900
51-4031,"Cutting, Punching, and Press Machine Setters, Operators, and Tenders, Metal and Plastic",,182170
51-4032,"Drilling and Boring Machine Tool Setters, Operators, and Tenders, Metal and Plastic",,22390
51-4033,"Grinding, Lapping, Polishing, and Buffing Machine Tool Setters, Operators, and Tenders, Metal and Plastic",,70120
51-4034,"Lathe and Turning Machine Tool Setters, Operators, and Tenders, Metal and Plastic",,40970
51-4035,"Milling and Planing Machine Setters, Operators, and Tenders, Metal and Plastic",,20520
51-4041,Machinists,,352650
51-4051,Metal-Refining Furnace Operators and Tenders,,15210
51-4052,"Pourers and Casters, Metal",,11190
51-4061,"Model Makers, Metal and Plastic",,6000
51-4062,"Patternmakers, Metal and Plastic",,4390
51-4071,Foundry Mold and Coremakers,,10040
51-4072,"Molding, Coremaking, and Casting Machine Setters, Operators, and Tenders, Metal and Plastic",,114760
51-4081,"Multiple Machine Tool Setters, Operators, and Tenders, Metal and Plastic",,69330
51-4111,Tool and Die Makers,,66530
51-4121,"Welders, Cutters, Solderers, and Brazers",,314260
51-4122,"Welding, Soldering, and Brazing Machine Setters, Operators, and Tenders",,38530
51-4191,"Heat Treating Equipment Setters, Operators, and Tenders, Metal and Plastic",,18300
51-4192,"Layout Workers, Metal and Plastic",,8770
51-4193,"Plating and Coating Machine Setters, Operators, and Tenders, Metal and Plastic",,30580
51-4194,"Tool Grinders, Filers, and Sharpeners",,11930
51-4199,"Metal Workers and Plastic Workers, All Other",,24150
51-5111,Prepress Technicians and Workers,,48070
51-5112,Printing Press Operators,,191130
51-5113,Print Binding and Finishing Workers,,54230
51-6011,Laundry and Dry-Cleaning Workers,,204820
51-6021,"Pressers, Textile, Garment, and Related Materials",,56600
51-6031,Sewing Machine Operators,,147030
51-6041,Shoe and Leather Workers and Repairers,,6010
51-6042,Shoe Machine Operators and Tenders,,3180
51-6051,"Sewers, Hand",,5770
51-6052,"Tailors, Dressmakers, and Custom Sewers",,26250
51-6061,Textile Bleaching and Dyeing Machine Operators and Tenders,,12700
51-6062,"Textile Cutting Machine Setters, Operators, and Tenders",,15000
51-6063,"Textile Knitting and Weaving Machine Setters, Operators, and Tenders",,21190
51-6064,"Textile Winding, Twisting, and Drawing Out Machine Setters, Operators, and Tenders",,27840
51-6091,"Extruding and Forming Machine Setters, Operators, and Tenders, Synthetic and Glass Fibers",,14670
51-6092,Fabric and Apparel Patternmakers,,6060
51-6093,Upholsterers,,30210
51-6099,"Textile, Apparel, and Furnishings Workers, All Other",,13300
51-7011,Cabinetmakers and Bench Carpenters,,84170
51-7021,Furniture Finishers,,15400
51-7031,"Model Makers, Wood",,1660
51-7032,"Patternmakers, Wood",,1240
51-7041,"Sawing Machine Setters, Operators, and Tenders, Wood",,37050
51-7042,"Woodworking Machine Setters, Operators, and Tenders, Except Sawing",,61130
51-7099,"Woodworkers, All Other",,8610
51-8011,Nuclear Power Reactor Operators,,5080
51-8012,Power Distributors and Dispatchers,,10100
51-8013,Power Plant Operators,,39930
51-8021,Stationary Engineers and Boiler Operators,,35800
51-8031,Water and Wastewater Treatment Plant and System Operators,,108330
51-8091,Chemical Plant and System Operators,,43130
51-8092,Gas Plant Operators,,13480
51-8093,"Petroleum Pump System Operators, Refinery Operators, and Gaugers",,42850
51-8099,"Plant and System Operators, All Other",,10870
51-9011,Chemical Equipment Operators and Tenders,,46250
51-9012,"Separating, Filtering, Clarifying, Precipitating, and Still Machine Setters, Operators, and Tenders",,38050
51-9021,"Crushing, Grinding, and Polishing Machine Setters, Operators, and Tenders",,33140
51-9022,"Grinding and Polishing Workers, Hand",,27420
51-9023,"Mixing and Blending Machine Setters, Operators, and Tenders",,123840
51-9031,"Cutters and Trimmers, Hand",,17420
51-9032,"Cutting and Slicing Machine Setters, Operators, and Tenders",,61360
51-9041,"Extruding, Forming, Pressing, and Compacting Machine Setters, Operators, and Tenders",,65100
51-9051,"Furnace, Kiln, Oven, Drier, and Kettle Operators and Tenders",,18470
51-9061,"Inspectors, Testers, Sorters, Samplers, and Weighers",,410750
51-9071,Jewelers and Precious Stone and Metal Workers,,21510
51-9081,Dental Laboratory Technicians,,38360
51-9082,Medical Appliance Technicians,,13320
51-9083,Ophthalmic Laboratory Technicians,,27880
51-9111,Packaging and Filling Machine Operators and Tenders,,342280
51-9121,"Coating, Painting, and Spraying Machine Setters, Operators, and Tenders",,77870
51-9122,"Painters, Transportation Equipment",,43300
51-9123,"Painting, Coating, and Decorating Workers",,23970
51-9141,Semiconductor Processors,,20930
51-9151,Photographic Process Workers and Processing Machine Operators,,57540
51-9191,Adhesive Bonding Machine Operators and Tenders,,15060
51-9192,"Cleaning, Washing, and Metal Pickling Equipment Operators and Tenders",,18320
51-9193,Cooling and Freezing Equipment Operators and Tenders,,8960
51-9194,Etchers and Engravers,,8090
51-9195,"Molders, Shapers, and Casters, Except Metal and Plastic",,32250
51-9196,"Paper Goods Machine Setters, Operators, and Tenders",,88390
51-9197,Tire Builders,,15020
51-9198,Helpers--Production Workers,,394270
51-9399,"Production Workers, All Other*",,229240
53-0000,Transportation and Material Moving Occupations,major,8547980
53-1011,Aircraft Cargo Handling Supervisors,,6160
53-1021,"First-Line Supervisors of Helpers, Laborers, and Material Movers, Hand",,166360
53-1031,First-Line Supervisors of Transportation and Material-Moving Machine and Vehicle Operators,,196420
53-2011,"Airline Pilots, Copilots, and Flight Engineers",,68580
53-2012,Commercial Pilots,,29900
53-2021,Air Traffic Controllers,,23970
53-2022,Airfield Operations Specialists,,6790
53-2031,Flight Attendants,,88020
53-3011,"Ambulance Drivers and Attendants, Except Emergency Medical Technicians",,19440
53-3021,"Bus Drivers, Transit and Intercity",,179700
53-3022,"Bus Drivers, School or Special Client",,467610
53-3031,Driver/Sales Workers,,371670
53-3032,Heavy and Tractor-Trailer Truck Drivers,,1466740
53-3033,Light Truck or Delivery Services Drivers,,780260
53-3041,Taxi Drivers and Chauffeurs,,161940
53-3099,"Motor Vehicle Operators, All Other",,61230
53-4011,Locomotive Engineers,,40750
53-4012,Locomotive Firers,,1130
53-4013,"Rail Yard Engineers, Dinkey Operators, and Hostlers",,5600
53-4021,"Railroad Brake, Signal, and Switch Operators",,22760
53-4031,Railroad Conductors and Yardmasters,,42700
53-4041,Subway and Streetcar Operators,,6360
53-4099,"Rail Transportation Workers, All Other",,3210
53-5011,Sailors and Marine Oilers,,31690
53-5021,"Captains, Mates, and Pilots of Water Vessels",,29280
53-5022,Motorboat Operators,,2480
53-5031,Ship Engineers,,9470
53-6011,Bridge and Lock Tenders,,3250
53-6021,Parking Lot Attendants,,124590
53-6031,Automotive and Watercraft Service Attendants,,86440
53-6041,Traffic Technicians,,6730
53-6051,Transportation Inspectors,,24280
53-6061,"Transportation Attendants, Except Flight Attendants",,25150
53-6099,"Transportation Workers, All Other",,32760
53-7011,Conveyor Operators and Tenders,,36810
53-7021,Crane and Tower Operators,,39510
53-7031,Dredge Operators,,1720
53-7032,Excavating and Loading Machine and Dragline Operators,,49140
53-7033,"Loading Machine Operators, Underground Mining",,3050
53-7041,Hoist and Winch Operators,,2810
53-7051,Industrial Truck and Tractor Operators,,518350
53-7061,Cleaners of Vehicles and Equipment,,288110
53-7062,"Laborers and Freight, Stock, and Material Movers, Hand",,2024180
53-7063,Machine Feeders and Offbearers,,119730
53-7064,"Packers and Packagers, Hand",,676870
53-7071,Gas Compressor and Gas Pumping Station Operators,,4040
53-7072,"Pump Operators, Except Wellhead Pumpers",,9440
53-7073,Wellhead Pumpers,,12960
53-7081,Refuse and Recyclable Material Collectors,,126360
53-7111,Mine Shuttle Car Operators,,3080
53-7121,"Tank Car, Truck, and Ship Loaders",,10390
53-7199,"Material Moving Workers, All Other",,28040
