occ_code,occ_title,occ_group,emp_18
00-0000,All Occupations,total,144733270
11-0000,Management Occupations,major,7616650
11-1000,Top Executives,minor,2535640
11-1010,Chief Executives,broad,195530
11-1011,Chief Executives,detailed,195530
11-1020,General and Operations Managers,broad,2289770
11-1021,General and Operations Managers,detailed,2289770
11-1030,Legislators,broad,50330
11-1031,Legislators,detailed,50330
11-2000,"Advertising, Marketing, Promotions, Public Relations, and Sales Managers",minor,717220
11-2010,Advertising and Promotions Managers,broad,25260
11-2011,Advertising and Promotions Managers,detailed,25260
11-2020,Marketing and Sales Managers,broad,619500
11-2021,Marketing Managers,detailed,240440
11-2022,Sales Managers,detailed,379050
11-2030,Public Relations and Fundraising Managers,broad,72460
11-2031,Public Relations and Fundraising Managers,detailed,72460
11-3000,Operations Specialties Managers,minor,1853660
11-3010,Administrative Services Managers,broad,283570
11-3011,Administrative Services Managers,detailed,283570
11-3020,Computer and Information Systems Managers,broad,391430
11-3021,Computer and Information Systems Managers,detailed,391430
11-3030,Financial Managers,broad,608120
11-3031,Financial Managers,detailed,608120
11-3050,Industrial Production Managers,broad,181310
11-3051,Industrial Production Managers,detailed,181310
11-3060,Purchasing Managers,broad,69490
11-3061,Purchasing Managers,detailed,69490
11-3070,"Transportation, Storage, and Distribution Managers",broad,124810
11-3071,"Transportation, Storage, and Distribution Managers",detailed,124810
11-3110,Compensation and Benefits Managers,broad,15660
11-3111,Compensation and Benefits Managers,detailed,15660
11-3120,Human Resources Managers,broad,143580
11-3121,Human Resources Managers,detailed,143580
11-3130,Training and Development Managers,broad,35690
11-3131,Training and Development Managers,detailed,35690
11-9000,Other Management Occupations,minor,2510140
11-9010,"Farmers, Ranchers, and Other Agricultural Managers",broad,4770
11-9013,"Farmers, Ranchers, and Other Agricultural Managers",detailed,4770
11-9020,Construction Managers,broad,278460
11-9021,Construction Managers,detailed,278460
11-9030,Education Administrators,broad,498200
11-9031,"Education Administrators, Preschool and Childcare Center/Program",detailed,50650
11-9032,"Education Administrators, Elementary and Secondary School",detailed,263120
11-9033,"Education Administrators, Postsecondary",detailed,143430
11-9039,"Education Administrators, All Other",detailed,41000
11-9040,Architectural and Engineering Managers,broad,188290
11-9041,Architectural and Engineering Managers,detailed,188290
11-9050,Food Service Managers,broad,219160
11-9051,Food Service Managers,detailed,219160
11-9060,Funeral Service Managers,broad,8400
11-9061,Funeral Service Managers,detailed,8400
11-9070,Gaming Managers,broad,4300
11-9071,Gaming Managers,detailed,4300
11-9080,Lodging Managers,broad,37050
11-9081,Lodging Managers,detailed,37050
11-9110,Medical and Health Services Managers,broad,372670
11-9111,Medical and Health Services Managers,detailed,372670
11-9120,Natural Sciences Managers,broad,60260
11-9121,Natural Sciences Managers,detailed,60260
11-9130,Postmasters and Mail Superintendents,broad,13770
11-9131,Postmasters and Mail Superintendents,detailed,13770
11-9140,"Property, Real Estate, and Community Association Managers",broad,202550
11-9141,"Property, Real Estate, and Community Association Managers",detailed,202550
11-9150,Social and Community Service Managers,broad,149870
11-9151,Social and Community Service Managers,detailed,149870
11-9160,Emergency Management Directors,broad,9550
11-9161,Emergency Management Directors,detailed,9550
11-9190,Miscellaneous Managers,broad,462840
11-9199,"Managers, All Other",detailed,462840
13-0000,Business and Financial Operations Occupations,major,7721300
13-1000,Business Operations Specialists,minor,5022640
13-1010,"Agents and Business Managers of Artists, Performers, and Athletes",broad,14830
13-1011,"Agents and Business Managers of Artists, Performers, and Athletes",detailed,14830
13-1020,Buyers and Purchasing Agents,detailed,407410
13-1020,Buyers and Purchasing Agents,broad,407410
13-1030,"Claims Adjusters, Appraisers, Examiners, and Investigators",broad,302930
13-1031,"Claims Adjusters, Examiners, and Investigators",detailed,287730
13-1032,"Insurance Appraisers, Auto Damage",detailed,15200
13-1040,Compliance Officers,broad,300900
13-1041,Compliance Officers,detailed,300900
13-1050,Cost Estimators,broad,211600
13-1051,Cost Estimators,detailed,211600
13-1070,Human Resources Workers,broad,671140
13-1071,Human Resources Specialists,detailed,593790
13-1074,Farm Labor Contractors,detailed,200
13-1075,Labor Relations Specialists,detailed,77140
13-1080,Logisticians,broad,169820
13-1081,Logisticians,detailed,169820
13-1110,Management Analysts,broad,684470
13-1111,Management Analysts,detailed,684470
13-1120,"Meeting, Convention, and Event Planners",broad,110120
13-1121,"Meeting, Convention, and Event Planners",detailed,110120
13-1130,Fundraisers,broad,75700
13-1131,Fundraisers,detailed,75700
13-1140,"Compensation, Benefits, and Job Analysis Specialists",broad,83550
13-1141,"Compensation, Benefits, and Job Analysis Specialists",detailed,83550
13-1150,Training and Development Specialists,broad,291380
13-1151,Training and Development Specialists,detailed,291380
13-1160,Market Research Analysts and Marketing Specialists,broad,638200
13-1161,Market Research Analysts and Marketing Specialists,detailed,638200
13-1190,Miscellaneous Business Operations Specialists,broad,1060580
13-1199,"Business Operations Specialists, All Other",detailed,1060580
13-2000,Financial Specialists,minor,2698660
13-2010,Accountants and Auditors,broad,1259930
13-2011,Accountants and Auditors,detailed,1259930
13-2020,Appraisers and Assessors of Real Estate,broad,57900
13-2021,Appraisers and Assessors of Real Estate,detailed,57900
13-2030,Budget Analysts,broad,52810
13-2031,Budget Analysts,detailed,52810
13-2040,Credit Analysts,broad,74820
13-2041,Credit Analysts,detailed,74820
13-2050,Financial Analysts and Advisors,broad,602500
13-2051,Financial Analysts,detailed,306200
13-2052,Personal Financial Advisors,detailed,200260
13-2053,Insurance Underwriters,detailed,96040
13-2060,Financial Examiners,broad,58590
13-2061,Financial Examiners,detailed,58590
13-2070,Credit Counselors and Loan Officers,broad,340690
13-2071,Credit Counselors,detailed,35740
13-2072,Loan Officers,detailed,304950
13-2080,"Tax Examiners, Collectors and Preparers, and Revenue Agents",broad,122640
13-2081,"Tax Examiners and Collectors, and Revenue Agents",detailed,54550
13-2082,Tax Preparers,detailed,68090
13-2090,Miscellaneous Financial Specialists,broad,128760
13-2099,"Financial Specialists, All Other",detailed,128760
15-0000,Computer and Mathematical Occupations,major,4384300
15-1100,Computer Occupations,minor,4214820
15-1110,Computer and Information Research Scientists,broad,30070
15-1111,Computer and Information Research Scientists,detailed,30070
15-1120,Computer and Information Analysts,broad,696030
15-1121,Computer Systems Analysts,detailed,587970
15-1122,Information Security Analysts,detailed,108060
15-1130,Software Developers and Programmers,broad,1666270
15-1131,Computer Programmers,detailed,230470
15-1132,"Software Developers, Applications",detailed,903160
15-1133,"Software Developers, Systems Software",detailed,405330
15-1134,Web Developers,detailed,127300
15-1140,Database and Systems Administrators and Network Architects,broad,629020
15-1141,Database Administrators,detailed,110090
15-1142,Network and Computer Systems Administrators,detailed,366250
15-1143,Computer Network Architects,detailed,152670
15-1150,Computer Support Specialists,broad,812060
15-1151,Computer User Support Specialists,detailed,630700
15-1152,Computer Network Support Specialists,detailed,181360
15-1190,Miscellaneous Computer Occupations,broad,381380
15-1199,"Computer Occupations, All Other",detailed,381380
15-2000,Mathematical Science Occupations,minor,169480
15-2010,Actuaries,broad,20760
15-2011,Actuaries,detailed,20760
15-2020,Mathematicians,broad,2580
15-2021,Mathematicians,detailed,2580
15-2030,Operations Research Analysts,broad,104200
15-2031,Operations Research Analysts,detailed,104200
15-2040,Statisticians,broad,39920
15-2041,Statisticians,detailed,39920
15-2090,Miscellaneous Mathematical Science Occupations,detailed,2010
15-2090,Miscellaneous Mathematical Science Occupations,broad,2010
17-0000,Architecture and Engineering Occupations,major,2556220
17-1000,"Architects, Surveyors, and Cartographers",minor,179380
17-1010,"Architects, Except Naval",broad,123020
17-1011,"Architects, Except Landscape and Naval",detailed,104360
17-1012,Landscape Architects,detailed,18660
17-1020,"Surveyors, Cartographers, and Photogrammetrists",broad,56360
17-1021,Cartographers and Photogrammetrists,detailed,11050
17-1022,Surveyors,detailed,45310
17-2000,Engineers,minor,1700880
17-2010,Aerospace Engineers,broad,63960
17-2011,Aerospace Engineers,detailed,63960
17-2020,Agricultural Engineers,broad,1630
17-2021,Agricultural Engineers,detailed,1630
17-2030,Biomedical Engineers,broad,18970
17-2031,Biomedical Engineers,detailed,18970
17-2040,Chemical Engineers,broad,32060
17-2041,Chemical Engineers,detailed,32060
17-2050,Civil Engineers,broad,306030
17-2051,Civil Engineers,detailed,306030
17-2060,Computer Hardware Engineers,broad,60750
17-2061,Computer Hardware Engineers,detailed,60750
17-2070,Electrical and Electronics Engineers,broad,320610
17-2071,Electrical Engineers,detailed,186490
17-2072,"Electronics Engineers, Except Computer",detailed,134110
17-2080,Environmental Engineers,broad,53070
17-2081,Environmental Engineers,detailed,53070
17-2110,"Industrial Engineers, Including Health and Safety",broad,305780
17-2111,"Health and Safety Engineers, Except Mining Safety Engineers and Inspectors",detailed,26230
17-2112,Industrial Engineers,detailed,279550
17-2120,Marine Engineers and Naval Architects,broad,11350
17-2121,Marine Engineers and Naval Architects,detailed,11350
17-2130,Materials Engineers,broad,26930
17-2131,Materials Engineers,detailed,26930
17-2140,Mechanical Engineers,broad,303440
17-2141,Mechanical Engineers,detailed,303440
17-2150,"Mining and Geological Engineers, Including Mining Safety Engineers",broad,5780
17-2151,"Mining and Geological Engineers, Including Mining Safety Engineers",detailed,5780
17-2160,Nuclear Engineers,broad,15980
17-2161,Nuclear Engineers,detailed,15980
17-2170,Petroleum Engineers,broad,32510
17-2171,Petroleum Engineers,detailed,32510
17-2190,Miscellaneous Engineers,broad,142030
17-2199,"Engineers, All Other",detailed,142030
17-3000,"Drafters, Engineering Technicians, and Mapping Technicians",minor,675960
17-3010,Drafters,broad,193260
17-3011,Architectural and Civil Drafters,detailed,97610
17-3012,Electrical and Electronics Drafters,detailed,24900
17-3013,Mechanical Drafters,detailed,56170
17-3019,"Drafters, All Other",detailed,14580
17-3020,"Engineering Technicians, Except Drafters",broad,430400
17-3021,Aerospace Engineering and Operations Technicians,detailed,10110
17-3022,Civil Engineering Technicians,detailed,71150
17-3023,Electrical and Electronics Engineering Technicians,detailed,126950
17-3024,Electro-Mechanical Technicians,detailed,13520
17-3025,Environmental Engineering Technicians,detailed,17310
17-3026,Industrial Engineering Technicians,detailed,66540
17-3027,Mechanical Engineering Technicians,detailed,41460
17-3029,"Engineering Technicians, Except Drafters, All Other",detailed,83360
17-3030,Surveying and Mapping Technicians,broad,52300
17-3031,Surveying and Mapping Technicians,detailed,52300
19-0000,"Life, Physical, and Social Science Occupations",major,1171910
19-1000,Life Scientists,minor,304750
19-1010,Agricultural and Food Scientists,broad,30880
19-1011,Animal Scientists,detailed,2530
19-1012,Food Scientists and Technologists,detailed,13330
19-1013,Soil and Plant Scientists,detailed,15010
19-1020,Biological Scientists,broad,109040
19-1021,Biochemists and Biophysicists,detailed,28500
19-1022,Microbiologists,detailed,20030
19-1023,Zoologists and Wildlife Biologists,detailed,17860
19-1029,"Biological Scientists, All Other",detailed,42640
19-1030,Conservation Scientists and Foresters,broad,30600
19-1031,Conservation Scientists,detailed,22200
19-1032,Foresters,detailed,8410
19-1040,Medical Scientists,broad,127380
19-1041,Epidemiologists,detailed,7060
19-1042,"Medical Scientists, Except Epidemiologists",detailed,120320
19-1090,Miscellaneous Life Scientists,broad,6850
19-1099,"Life Scientists, All Other",detailed,6850
19-2000,Physical Scientists,minor,254790
19-2010,Astronomers and Physicists,broad,19770
19-2011,Astronomers,detailed,2160
19-2012,Physicists,detailed,17620
19-2020,Atmospheric and Space Scientists,broad,9310
19-2021,Atmospheric and Space Scientists,detailed,9310
19-2030,Chemists and Materials Scientists,broad,92300
19-2031,Chemists,detailed,84560
19-2032,Materials Scientists,detailed,7730
19-2040,Environmental Scientists and Geoscientists,broad,116020
19-2041,"Environmental Scientists and Specialists, Including Health",detailed,80480
19-2042,"Geoscientists, Except Hydrologists and Geographers",detailed,29260
19-2043,Hydrologists,detailed,6290
19-2090,Miscellaneous Physical Scientists,broad,17380
19-2099,"Physical Scientists, All Other",detailed,17380
19-3000,Social Scientists and Related Workers,minor,247290
19-3010,Economists,broad,18650
19-3011,Economists,detailed,18650
19-3020,Survey Researchers,broad,11690
19-3022,Survey Researchers,detailed,11690
19-3030,Psychologists,broad,124750
19-3031,"Clinical, Counseling, and School Psychologists",detailed,110490
19-3032,Industrial-Organizational Psychologists,detailed,780
19-3039,"Psychologists, All Other",detailed,13480
19-3040,Sociologists,broad,2710
19-3041,Sociologists,detailed,2710
19-3050,Urban and Regional Planners,broad,37840
19-3051,Urban and Regional Planners,detailed,37840
19-3090,Miscellaneous Social Scientists and Related Workers,broad,51640
19-3091,Anthropologists and Archeologists,detailed,6020
19-3092,Geographers,detailed,1390
19-3093,Historians,detailed,3040
19-3094,Political Scientists,detailed,5660
19-3099,"Social Scientists and Related Workers, All Other",detailed,35530
19-4000,"Life, Physical, and Social Science Technicians",minor,365080
19-4010,Agricultural and Food Science Technicians,broad,21290
19-4011,Agricultural and Food Science Technicians,detailed,21290
19-4020,Biological Technicians,broad,77450
19-4021,Biological Technicians,detailed,77450
19-4030,Chemical Technicians,broad,65500
19-4031,Chemical Technicians,detailed,65500
19-4040,Geological and Petroleum Technicians,broad,15060
19-4041,Geological and Petroleum Technicians,detailed,15060
19-4050,Nuclear Technicians,broad,7230
19-4051,Nuclear Technicians,detailed,7230
19-4060,Social Science Research Assistants,broad,34550
19-4061,Social Science Research Assistants,detailed,34550
19-4090,"Miscellaneous Life, Physical, and Social Science Technicians",broad,144010
19-4091,"Environmental Science and Protection Technicians, Including Health",detailed,32600
19-4092,Forensic Science Technicians,detailed,15970
19-4093,Forest and Conservation Technicians,detailed,30220
19-4099,"Life, Physical, and Social Science Technicians, All Other",detailed,65220
21-0000,Community and Social Service Occupations,major,2171820
21-1000,"Counselors, Social Workers, and Other Community and Social Service Specialists",minor,2090700
21-1010,Counselors,broad,735100
21-1012,"Educational, Guidance, School, and Vocational Counselors",detailed,285460
21-1013,Marriage and Family Therapists,detailed,48520
21-1015,Rehabilitation Counselors,detailed,106860
21-1018,"Substance Abuse, Behavioral Disorder, and Mental Health Counselors",detailed,267730
21-1019,"Counselors, All Other",detailed,26530
21-1020,Social Workers,broad,662550
21-1021,"Child, Family, and School Social Workers",detailed,320170
21-1022,Healthcare Social Workers,detailed,168190
21-1023,Mental Health and Substance Abuse Social Workers,detailed,116750
21-1029,"Social Workers, All Other",detailed,57440
21-1090,Miscellaneous Community and Social Service Specialists,broad,693040
21-1091,Health Educators,detailed,58780
21-1092,Probation Officers and Correctional Treatment Specialists,detailed,87660
21-1093,Social and Human Service Assistants,detailed,392300
21-1094,Community Health Workers,detailed,56130
21-1099,"Community and Social Service Specialists, All Other",detailed,98170
21-2000,Religious Workers,minor,81120
21-2010,Clergy,broad,50960
21-2011,Clergy,detailed,50960
21-2020,"Directors, Religious Activities and Education",broad,21700
21-2021,"Directors, Religious Activities and Education",detailed,21700
21-2090,Miscellaneous Religious Workers,broad,8460
21-2099,"Religious Workers, All Other",detailed,8460
23-0000,Legal Occupations,major,1127900
23-1000,"Lawyers, Judges, and Related Workers",minor,708140
23-1010,Lawyers and Judicial Law Clerks,broad,659090
23-1011,Lawyers,detailed,642750
23-1012,Judicial Law Clerks,detailed,16350
23-1020,"Judges, Magistrates, and Other Judicial Workers",broad,49040
23-1021,"Administrative Law Judges, Adjudicators, and Hearing Officers",detailed,14280
23-1022,"Arbitrators, Mediators, and Conciliators",detailed,6240
23-1023,"Judges, Magistrate Judges, and Magistrates",detailed,28520
23-2000,Legal Support Workers,minor,419770
23-2010,Paralegals and Legal Assistants,broad,309940
23-2011,Paralegals and Legal Assistants,detailed,309940
23-2090,Miscellaneous Legal Support Workers,broad,109820
23-2091,Court Reporters,detailed,14490
23-2093,"Title Examiners, Abstractors, and Searchers",detailed,52180
23-2099,"Legal Support Workers, All Other",detailed,43150
25-0000,"Education, Training, and Library Occupations",major,8779780
25-1000,Postsecondary Teachers,minor,1517100
25-1010,"Business Teachers, Postsecondary",broad,84230
25-1011,"Business Teachers, Postsecondary",detailed,84230
25-1020,"Math and Computer Teachers, Postsecondary",broad,83690
25-1021,"Computer Science Teachers, Postsecondary",detailed,32430
25-1022,"Mathematical Science Teachers, Postsecondary",detailed,51250
25-1030,"Engineering and Architecture Teachers, Postsecondary",broad,44420
25-1031,"Architecture Teachers, Postsecondary",detailed,6880
25-1032,"Engineering Teachers, Postsecondary",detailed,37530
25-1040,"Life Sciences Teachers, Postsecondary",broad,64660
25-1041,"Agricultural Sciences Teachers, Postsecondary",detailed,10810
25-1042,"Biological Science Teachers, Postsecondary",detailed,51770
25-1043,"Forestry and Conservation Science Teachers, Postsecondary",detailed,2070
25-1050,"Physical Sciences Teachers, Postsecondary",broad,52160
25-1051,"Atmospheric, Earth, Marine, and Space Sciences Teachers, Postsecondary",detailed,11020
25-1052,"Chemistry Teachers, Postsecondary",detailed,21370
25-1053,"Environmental Science Teachers, Postsecondary",detailed,6040
25-1054,"Physics Teachers, Postsecondary",detailed,13730
25-1060,"Social Sciences Teachers, Postsecondary",broad,117510
25-1061,"Anthropology and Archeology Teachers, Postsecondary",detailed,5890
25-1062,"Area, Ethnic, and Cultural Studies Teachers, Postsecondary",detailed,9850
25-1063,"Economics Teachers, Postsecondary",detailed,12750
25-1064,"Geography Teachers, Postsecondary",detailed,3960
25-1065,"Political Science Teachers, Postsecondary",detailed,15890
25-1066,"Psychology Teachers, Postsecondary",detailed,37630
25-1067,"Sociology Teachers, Postsecondary",detailed,13870
25-1069,"Social Sciences Teachers, Postsecondary, All Other",detailed,17670
25-1070,"Health Teachers, Postsecondary",broad,255190
25-1071,"Health Specialties Teachers, Postsecondary",detailed,199480
25-1072,"Nursing Instructors and Teachers, Postsecondary",detailed,55710
25-1080,"Education and Library Science Teachers, Postsecondary",broad,65570
25-1081,"Education Teachers, Postsecondary",detailed,60930
25-1082,"Library Science Teachers, Postsecondary",detailed,4650
25-1110,"Law, Criminal Justice, and Social Work Teachers, Postsecondary",broad,44500
25-1111,"Criminal Justice and Law Enforcement Teachers, Postsecondary",detailed,14890
25-1112,"Law Teachers, Postsecondary",detailed,16990
25-1113,"Social Work Teachers, Postsecondary",detailed,12620
25-1120,"Arts, Communications, and Humanities Teachers, Postsecondary",broad,260960
25-1121,"Art, Drama, and Music Teachers, Postsecondary",detailed,94310
25-1122,"Communications Teachers, Postsecondary",detailed,29100
25-1123,"English Language and Literature Teachers, Postsecondary",detailed,68360
25-1124,"Foreign Language and Literature Teachers, Postsecondary",detailed,25590
25-1125,"History Teachers, Postsecondary",detailed,20510
25-1126,"Philosophy and Religion Teachers, Postsecondary",detailed,23100
25-1190,Miscellaneous Postsecondary Teachers,broad,444210
25-1191,Graduate Teaching Assistants,detailed,131490
25-1192,"Home Economics Teachers, Postsecondary",detailed,2080
25-1193,"Recreation and Fitness Studies Teachers, Postsecondary",detailed,16490
25-1194,"Vocational Education Teachers, Postsecondary",detailed,110400
25-1199,"Postsecondary Teachers, All Other",detailed,183750
25-2000,"Preschool, Primary, Secondary, and Special Education School Teachers",minor,4193290
25-2010,Preschool and Kindergarten Teachers,broad,555680
25-2011,"Preschool Teachers, Except Special Education",detailed,424520
25-2012,"Kindergarten Teachers, Except Special Education",detailed,131160
25-2020,Elementary and Middle School Teachers,broad,2032880
25-2021,"Elementary School Teachers, Except Special Education",detailed,1410970
25-2022,"Middle School Teachers, Except Special and Career/Technical Education",detailed,609970
25-2023,"Career/Technical Education Teachers, Middle School",detailed,11940
25-2030,Secondary School Teachers,broad,1129040
25-2031,"Secondary School Teachers, Except Special and Career/Technical Education",detailed,1051570
25-2032,"Career/Technical Education Teachers, Secondary School",detailed,77460
25-2050,Special Education Teachers,broad,475700
25-2051,"Special Education Teachers, Preschool",detailed,23480
25-2052,"Special Education Teachers, Kindergarten and Elementary School",detailed,185190
25-2053,"Special Education Teachers, Middle School",detailed,87870
25-2054,"Special Education Teachers, Secondary School",detailed,142360
25-2059,"Special Education Teachers, All Other",detailed,36800
25-3000,Other Teachers and Instructors,minor,1203570
25-3010,Adult Basic and Secondary Education and Literacy Teachers and Instructors,broad,57750
25-3011,Adult Basic and Secondary Education and Literacy Teachers and Instructors,detailed,57750
25-3020,Self-Enrichment Education Teachers,broad,243080
25-3021,Self-Enrichment Education Teachers,detailed,243080
25-3090,Miscellaneous Teachers and Instructors,broad,902740
25-3097,"Teachers and Instructors, All Other, Except Substitute Teachers",detailed,315510
25-3098,Substitute Teachers,detailed,587240
25-4000,"Librarians, Curators, and Archivists",minor,246200
25-4010,"Archivists, Curators, and Museum Technicians",broad,31760
25-4011,Archivists,detailed,6370
25-4012,Curators,detailed,12280
25-4013,Museum Technicians and Conservators,detailed,13100
25-4020,Librarians,broad,125750
25-4021,Librarians,detailed,125750
25-4030,Library Technicians,broad,88690
25-4031,Library Technicians,detailed,88690
25-9000,"Other Education, Training, and Library Occupations",minor,1619610
25-9010,Audio-Visual and Multimedia Collections Specialists,broad,9540
25-9011,Audio-Visual and Multimedia Collections Specialists,detailed,9540
25-9020,Farm and Home Management Advisors,broad,8020
25-9021,Farm and Home Management Advisors,detailed,8020
25-9030,Instructional Coordinators,broad,163900
25-9031,Instructional Coordinators,detailed,163900
25-9040,Teacher Assistants,broad,1331560
25-9041,Teacher Assistants,detailed,1331560
25-9090,"Miscellaneous Education, Training, and Library Workers",broad,106590
25-9099,"Education, Training, and Library Workers, All Other",detailed,106590
27-0000,"Arts, Design, Entertainment, Sports, and Media Occupations",major,1951170
27-1000,Art and Design Workers,minor,610180
27-1010,Artists and Related Workers,broad,90990
27-1011,Art Directors,detailed,40210
27-1012,Craft Artists,detailed,3980
27-1013,"Fine Artists, Including Painters, Sculptors, and Illustrators",detailed,11620
27-1014,Multimedia Artists and Animators,detailed,28560
27-1019,"Artists and Related Workers, All Other",detailed,6620
27-1020,Designers,broad,519180
27-1021,Commercial and Industrial Designers,detailed,33200
27-1022,Fashion Designers,detailed,19750
27-1023,Floral Designers,detailed,43360
27-1024,Graphic Designers,detailed,217810
27-1025,Interior Designers,detailed,57070
27-1026,Merchandise Displayers and Window Trimmers,detailed,128960
27-1027,Set and Exhibit Designers,detailed,10590
27-1029,"Designers, All Other",detailed,8450
27-2000,"Entertainers and Performers, Sports and Related Workers",minor,515310
27-2010,"Actors, Producers, and Directors",broad,166060
27-2011,Actors,detailed,47430
27-2012,Producers and Directors,detailed,118630
27-2020,"Athletes, Coaches, Umpires, and Related Workers",broad,266860
27-2021,Athletes and Sports Competitors,detailed,10800
27-2022,Coaches and Scouts,detailed,236970
27-2023,"Umpires, Referees, and Other Sports Officials",detailed,19090
27-2030,Dancers and Choreographers,broad,14810
27-2031,Dancers,detailed,9720
27-2032,Choreographers,detailed,5090
27-2040,"Musicians, Singers, and Related Workers",broad,53840
27-2041,Music Directors and Composers,detailed,12160
27-2042,Musicians and Singers,detailed,41680
27-2090,"Miscellaneous Entertainers and Performers, Sports and Related Workers",broad,13740
27-2099,"Entertainers and Performers, Sports and Related Workers, All Other",detailed,13740
27-3000,Media and Communication Workers,minor,586190
27-3010,Announcers,broad,35260
27-3011,Radio and Television Announcers,detailed,27780
27-3012,Public Address System and Other Announcers,detailed,7480
27-3020,"News Analysts, Reporters and Correspondents",broad,43030
27-3021,Broadcast News Analysts,detailed,5890
27-3022,Reporters and Correspondents,detailed,37140
27-3030,Public Relations Specialists,broad,239030
27-3031,Public Relations Specialists,detailed,239030
27-3040,Writers and Editors,broad,191320
27-3041,Editors,detailed,95750
27-3042,Technical Writers,detailed,50350
27-3043,Writers and Authors,detailed,45210
27-3090,Miscellaneous Media and Communication Workers,broad,77560
27-3091,Interpreters and Translators,detailed,57140
27-3099,"Media and Communication Workers, All Other",detailed,20420
27-4000,Media and Communication Equipment Workers,minor,239490
27-4010,Broadcast and Sound Engineering Technicians and Radio Operators,broad,121890
27-4011,Audio and Video Equipment Technicians,detailed,75940
27-4012,Broadcast Technicians,detailed,31580
27-4013,Radio Operators,detailed,870
27-4014,Sound Engineering Technicians,detailed,13510
27-4020,Photographers,broad,49560
27-4021,Photographers,detailed,49560
27-4030,"Television, Video, and Motion Picture Camera Operators and Editors",broad,49240
27-4031,"Camera Operators, Television, Video, and Motion Picture",detailed,21080
27-4032,Film and Video Editors,detailed,28160
27-4090,Miscellaneous Media and Communication Equipment Workers,broad,18790
27-4099,"Media and Communication Equipment Workers, All Other",detailed,18790
29-0000,Healthcare Practitioners and Technical Occupations,major,8646730
29-1000,Health Diagnosing and Treating Practitioners,minor,5367930
29-1010,Chiropractors,broad,34740
29-1011,Chiropractors,detailed,34740
29-1020,Dentists,broad,128060
29-1021,"Dentists, General",detailed,113000
29-1022,Oral and Maxillofacial Surgeons,detailed,4830
29-1023,Orthodontists,detailed,5350
29-1024,Prosthodontists,detailed,380
29-1029,"Dentists, All Other Specialists",detailed,4490
29-1030,Dietitians and Nutritionists,broad,64670
29-1031,Dietitians and Nutritionists,detailed,64670
29-1040,Optometrists,broad,37220
29-1041,Optometrists,detailed,37220
29-1050,Pharmacists,broad,309550
29-1051,Pharmacists,detailed,309550
29-1060,Physicians and Surgeons,broad,679280
29-1061,Anesthesiologists,detailed,31060
29-1062,Family and General Practitioners,detailed,114130
29-1063,"Internists, General",detailed,37820
29-1064,Obstetricians and Gynecologists,detailed,18590
29-1065,"Pediatricians, General",detailed,28490
29-1066,Psychiatrists,detailed,25630
29-1067,Surgeons,detailed,34390
29-1069,"Physicians and Surgeons, All Other",detailed,389180
29-1070,Physician Assistants,broad,114710
29-1071,Physician Assistants,detailed,114710
29-1080,Podiatrists,broad,9500
29-1081,Podiatrists,detailed,9500
29-1120,Therapists,broad,687790
29-1122,Occupational Therapists,detailed,126900
29-1123,Physical Therapists,detailed,228600
29-1124,Radiation Therapists,detailed,18260
29-1125,Recreational Therapists,detailed,18840
29-1126,Respiratory Therapists,detailed,129600
29-1127,Speech-Language Pathologists,detailed,146900
29-1128,Exercise Physiologists,detailed,6740
29-1129,"Therapists, All Other",detailed,11950
29-1130,Veterinarians,broad,71060
29-1131,Veterinarians,detailed,71060
29-1140,Registered Nurses,broad,2951960
29-1141,Registered Nurses,detailed,2951960
29-1150,Nurse Anesthetists,broad,43520
29-1151,Nurse Anesthetists,detailed,43520
29-1160,Nurse Midwives,broad,6250
29-1161,Nurse Midwives,detailed,6250
29-1170,Nurse Practitioners,broad,179650
29-1171,Nurse Practitioners,detailed,179650
29-1180,Audiologists,broad,13300
29-1181,Audiologists,detailed,13300
29-1190,Miscellaneous Health Diagnosing and Treating Practitioners,broad,36680
29-1199,"Health Diagnosing and Treating Practitioners, All Other",detailed,36680
29-2000,Health Technologists and Technicians,minor,3110180
29-2010,Clinical Laboratory Technologists and Technicians,detailed,321220
29-2010,Clinical Laboratory Technologists and Technicians,broad,321220
29-2020,Dental Hygienists,broad,215150
29-2021,Dental Hygienists,detailed,215150
29-2030,Diagnostic Related Technologists and Technicians,broad,390630
29-2031,Cardiovascular Technologists and Technicians,detailed,56560
29-2032,Diagnostic Medical Sonographers,detailed,71130
29-2033,Nuclear Medicine Technologists,detailed,18810
29-2034,Radiologic Technologists,detailed,205590
29-2035,Magnetic Resonance Imaging Technologists,detailed,38540
29-2040,Emergency Medical Technicians and Paramedics,broad,257210
29-2041,Emergency Medical Technicians and Paramedics,detailed,257210
29-2050,Health Practitioner Support Technologists and Technicians,broad,801590
29-2051,Dietetic Technicians,detailed,33540
29-2052,Pharmacy Technicians,detailed,417860
29-2053,Psychiatric Technicians,detailed,71360
29-2054,Respiratory Therapy Technicians,detailed,9090
29-2055,Surgical Technologists,detailed,110160
29-2056,Veterinary Technologists and Technicians,detailed,106680
29-2057,Ophthalmic Medical Technicians,detailed,52890
29-2060,Licensed Practical and Licensed Vocational Nurses,broad,701690
29-2061,Licensed Practical and Licensed Vocational Nurses,detailed,701690
29-2070,Medical Records and Health Information Technicians,broad,208650
29-2071,Medical Records and Health Information Technicians,detailed,208650
29-2080,"Opticians, Dispensing",broad,72250
29-2081,"Opticians, Dispensing",detailed,72250
29-2090,Miscellaneous Health Technologists and Technicians,broad,141790
29-2091,Orthotists and Prosthetists,detailed,8830
29-2092,Hearing Aid Specialists,detailed,7680
29-2099,"Health Technologists and Technicians, All Other",detailed,125270
29-9000,Other Healthcare Practitioners and Technical Occupations,minor,168630
29-9010,Occupational Health and Safety Specialists and Technicians,broad,106410
29-9011,Occupational Health and Safety Specialists,detailed,88390
29-9012,Occupational Health and Safety Technicians,detailed,18020
29-9090,Miscellaneous Health Practitioners and Technical Workers,broad,62210
29-9091,Athletic Trainers,detailed,26890
29-9092,Genetic Counselors,detailed,2640
29-9099,"Healthcare Practitioners and Technical Workers, All Other",detailed,32680
31-0000,Healthcare Support Occupations,major,4117450
31-1000,"Nursing, Psychiatric, and Home Health Aides",minor,2355640
31-1010,"Nursing, Psychiatric, and Home Health Aides",broad,2355640
31-1011,Home Health Aides,detailed,797670
31-1013,Psychiatric Aides,detailed,56910
31-1014,Nursing Assistants,detailed,1450960
31-1015,Orderlies,detailed,50100
31-2000,Occupational Therapy and Physical Therapist Assistants and Aides,minor,191870
31-2010,Occupational Therapy Assistants and Aides,broad,50360
31-2011,Occupational Therapy Assistants,detailed,42660
31-2012,Occupational Therapy Aides,detailed,7700
31-2020,Physical Therapist Assistants and Aides,broad,141510
31-2021,Physical Therapist Assistants,detailed,94250
31-2022,Physical Therapist Aides,detailed,47260
31-9000,Other Healthcare Support Occupations,minor,1569940
31-9010,Massage Therapists,broad,105160
31-9011,Massage Therapists,detailed,105160
31-9090,Miscellaneous Healthcare Support Occupations,broad,1464780
31-9091,Dental Assistants,detailed,341060
31-9092,Medical Assistants,detailed,673660
31-9093,Medical Equipment Preparers,detailed,55610
31-9094,Medical Transcriptionists,detailed,53730
31-9095,Pharmacy Aides,detailed,36970
31-9096,Veterinary Assistants and Laboratory Animal Caretakers,detailed,89480
31-9097,Phlebotomists,detailed,125280
31-9099,"Healthcare Support Workers, All Other",detailed,88990
33-0000,Protective Service Occupations,major,3437410
33-1000,Supervisors of Protective Service Workers,minor,304940
33-1010,First-Line Supervisors of Law Enforcement Workers,broad,160410
33-1011,First-Line Supervisors of Correctional Officers,detailed,43760
33-1012,First-Line Supervisors of Police and Detectives,detailed,116660
33-1020,First-Line Supervisors of Fire Fighting and Prevention Workers,broad,65920
33-1021,First-Line Supervisors of Fire Fighting and Prevention Workers,detailed,65920
33-1090,"Miscellaneous First-Line Supervisors, Protective Service Workers",broad,78610
33-1099,"First-Line Supervisors of Protective Service Workers, All Other",detailed,78610
33-2000,Fire Fighting and Prevention Workers,minor,336230
33-2010,Firefighters,broad,321570
33-2011,Firefighters,detailed,321570
33-2020,Fire Inspectors,broad,14660
33-2021,Fire Inspectors and Investigators,detailed,12530
33-2022,Forest Fire Inspectors and Prevention Specialists,detailed,2130
33-3000,Law Enforcement Workers,minor,1217260
33-3010,"Bailiffs, Correctional Officers, and Jailers",broad,433900
33-3011,Bailiffs,detailed,18900
33-3012,Correctional Officers and Jailers,detailed,415000
33-3020,Detectives and Criminal Investigators,broad,103450
33-3021,Detectives and Criminal Investigators,detailed,103450
33-3030,Fish and Game Wardens,broad,6040
33-3031,Fish and Game Wardens,detailed,6040
33-3040,Parking Enforcement Workers,broad,8070
33-3041,Parking Enforcement Workers,detailed,8070
33-3050,Police Officers,broad,665800
33-3051,Police and Sheriff's Patrol Officers,detailed,661330
33-3052,Transit and Railroad Police,detailed,4470
33-9000,Other Protective Service Workers,minor,1578980
33-9010,Animal Control Workers,broad,12080
33-9011,Animal Control Workers,detailed,12080
33-9020,Private Detectives and Investigators,broad,30990
33-9021,Private Detectives and Investigators,detailed,30990
33-9030,Security Guards and Gaming Surveillance Officers,broad,1124610
33-9031,Gaming Surveillance Officers and Gaming Investigators,detailed,10230
33-9032,Security Guards,detailed,1114380
33-9090,Miscellaneous Protective Service Workers,broad,411300
33-9091,Crossing Guards,detailed,79880
33-9092,"Lifeguards, Ski Patrol, and Other Recreational Protective Service Workers",detailed,144370
33-9093,Transportation Security Screeners,detailed,45250
33-9099,"Protective Service Workers, All Other",detailed,141790
35-0000,Food Preparation and Serving Related Occupations,major,13374620
35-1000,Supervisors of Food Preparation and Serving Workers,minor,1093000
35-1010,Supervisors of Food Preparation and Serving Workers,broad,1093000
35-1011,Chefs and Head Cooks,detailed,128600
35-1012,First-Line Supervisors of Food Preparation and Serving Workers,detailed,964400
35-2000,Cooks and Food Preparation Workers,minor,3218110
35-2010,Cooks,broad,2403510
35-2011,"Cooks, Fast Food",detailed,487510
35-2012,"Cooks, Institution and Cafeteria",detailed,400320
35-2013,"Cooks, Private Household",detailed,460
35-2014,"Cooks, Restaurant",detailed,1340810
35-2015,"Cooks, Short Order",detailed,155840
35-2019,"Cooks, All Other",detailed,18570
35-2020,Food Preparation Workers,broad,814600
35-2021,Food Preparation Workers,detailed,814600
35-3000,Food and Beverage Serving Workers,minor,7630110
35-3010,Bartenders,broad,631480
35-3011,Bartenders,detailed,631480
35-3020,Fast Food and Counter Workers,broad,4150030
35-3021,"Combined Food Preparation and Serving Workers, Including Fast Food",detailed,3676180
35-3022,"Counter Attendants, Cafeteria, Food Concession, and Coffee Shop",detailed,473860
35-3030,Waiters and Waitresses,broad,2582410
35-3031,Waiters and Waitresses,detailed,2582410
35-3040,"Food Servers, Nonrestaurant",broad,266190
35-3041,"Food Servers, Nonrestaurant",detailed,266190
35-9000,Other Food Preparation and Serving Related Workers,minor,1433400
35-9010,Dining Room and Cafeteria Attendants and Bartender Helpers,broad,455700
35-9011,Dining Room and Cafeteria Attendants and Bartender Helpers,detailed,455700
35-9020,Dishwashers,broad,504770
35-9021,Dishwashers,detailed,504770
35-9030,"Hosts and Hostesses, Restaurant, Lounge, and Coffee Shop",broad,416950
35-9031,"Hosts and Hostesses, Restaurant, Lounge, and Coffee Shop",detailed,416950
35-9090,Miscellaneous Food Preparation and Serving Related Workers,broad,55980
35-9099,"Food Preparation and Serving Related Workers, All Other",detailed,55980
37-0000,Building and Grounds Cleaning and Maintenance Occupations,major,4421980
37-1000,Supervisors of Building and Grounds Cleaning and Maintenance Workers,minor,255580
37-1010,First-Line Supervisors of Building and Grounds Cleaning and Maintenance Workers,broad,255580
37-1011,First-Line Supervisors of Housekeeping and Janitorial Workers,detailed,154180
37-1012,"First-Line Supervisors of Landscaping, Lawn Service, and Groundskeeping Workers",detailed,101390
37-2000,Building Cleaning and Pest Control Workers,minor,3171520
37-2010,Building Cleaning Workers,broad,3094210
37-2011,"Janitors and Cleaners, Except Maids and Housekeeping Cleaners",detailed,2156270
37-2012,Maids and Housekeeping Cleaners,detailed,924290
37-2019,"Building Cleaning Workers, All Other",detailed,13650
37-2020,Pest Control Workers,broad,77300
37-2021,Pest Control Workers,detailed,77300
37-3000,Grounds Maintenance Workers,minor,994880
37-3010,Grounds Maintenance Workers,broad,994880
37-3011,Landscaping and Groundskeeping Workers,detailed,913480
37-3012,"Pesticide Handlers, Sprayers, and Applicators, Vegetation",detailed,24500
37-3013,Tree Trimmers and Pruners,detailed,42440
37-3019,"Grounds Maintenance Workers, All Other",detailed,14470
39-0000,Personal Care and Service Occupations,major,5451330
39-1000,Supervisors of Personal Care and Service Workers,minor,258960
39-1010,First-Line Supervisors of Gaming Workers,detailed,30330
39-1010,First-Line Supervisors of Gaming Workers,broad,30330
39-1020,First-Line Supervisors of Personal Service Workers,broad,228620
39-1021,First-Line Supervisors of Personal Service Workers,detailed,228620
39-2000,Animal Care and Service Workers,minor,214680
39-2010,Animal Trainers,broad,14830
39-2011,Animal Trainers,detailed,14830
39-2020,Nonfarm Animal Caretakers,broad,199850
39-2021,Nonfarm Animal Caretakers,detailed,199850
39-3000,Entertainment Attendants and Related Workers,minor,601890
39-3010,Gaming Services Workers,broad,113640
39-3011,Gaming Dealers,detailed,92530
39-3012,Gaming and Sports Book Writers and Runners,detailed,11150
39-3019,"Gaming Service Workers, All Other",detailed,9950
39-3020,Motion Picture Projectionists,broad,4840
39-3021,Motion Picture Projectionists,detailed,4840
39-3030,"Ushers, Lobby Attendants, and Ticket Takers",broad,133970
39-3031,"Ushers, Lobby Attendants, and Ticket Takers",detailed,133970
39-3090,Miscellaneous Entertainment Attendants and Related Workers,broad,349440
39-3091,Amusement and Recreation Attendants,detailed,319890
39-3092,Costume Attendants,detailed,6460
39-3093,"Locker Room, Coatroom, and Dressing Room Attendants",detailed,17610
39-3099,"Entertainment Attendants and Related Workers, All Other",detailed,5480
39-4000,Funeral Service Workers,minor,65150
39-4010,Embalmers,broad,4070
39-4011,Embalmers,detailed,4070
39-4020,Funeral Attendants,broad,35340
39-4021,Funeral Attendants,detailed,35340
39-4030,"Morticians, Undertakers, and Funeral Directors",broad,25740
39-4031,"Morticians, Undertakers, and Funeral Directors",detailed,25740
39-5000,Personal Appearance Workers,minor,575110
39-5010,"Barbers, Hairdressers, Hairstylists and Cosmetologists",broad,397350
39-5011,Barbers,detailed,20130
39-5012,"Hairdressers, Hairstylists, and Cosmetologists",detailed,377210
39-5090,Miscellaneous Personal Appearance Workers,broad,177770
39-5091,"Makeup Artists, Theatrical and Performance",detailed,3140
39-5092,Manicurists and Pedicurists,detailed,110170
39-5093,Shampooers,detailed,13720
39-5094,Skincare Specialists,detailed,50740
39-6000,"Baggage Porters, Bellhops, and Concierges",minor,79840
39-6010,"Baggage Porters, Bellhops, and Concierges",broad,79840
39-6011,Baggage Porters and Bellhops,detailed,42350
39-6012,Concierges,detailed,37490
39-7000,Tour and Travel Guides,minor,49740
39-7010,Tour and Travel Guides,detailed,49740
39-7010,Tour and Travel Guides,broad,49740
39-9000,Other Personal Care and Service Workers,minor,3605950
39-9010,Childcare Workers,broad,564630
39-9011,Childcare Workers,detailed,564630
39-9020,Personal Care Aides,broad,2211950
39-9021,Personal Care Aides,detailed,2211950
39-9030,Recreation and Fitness Workers,broad,662040
39-9031,Fitness Trainers and Aerobics Instructors,detailed,308470
39-9032,Recreation Workers,detailed,353570
39-9040,Residential Advisors,broad,108380
39-9041,Residential Advisors,detailed,108380
39-9090,Miscellaneous Personal Care and Service Workers,broad,58970
39-9099,"Personal Care and Service Workers, All Other",detailed,58970
41-0000,Sales and Related Occupations,major,14542290
41-1000,Supervisors of Sales Workers,minor,1429100
41-1010,First-Line Supervisors of Sales Workers,broad,1429100
41-1011,First-Line Supervisors of Retail Sales Workers,detailed,1181530
41-1012,First-Line Supervisors of Non-Retail Sales Workers,detailed,247570
41-2000,Retail Sales Workers,minor,8787270
41-2010,Cashiers,broad,3657570
41-2011,Cashiers,detailed,3635550
41-2012,Gaming Change Persons and Booth Cashiers,detailed,22020
41-2020,Counter and Rental Clerks and Parts Salespersons,broad,681580
41-2021,Counter and Rental Clerks,detailed,426700
41-2022,Parts Salespersons,detailed,254870
41-2030,Retail Salespersons,broad,4448120
41-2031,Retail Salespersons,detailed,4448120
41-3000,"Sales Representatives, Services",minor,2046120
41-3010,Advertising Sales Agents,broad,133110
41-3011,Advertising Sales Agents,detailed,133110
41-3020,Insurance Sales Agents,broad,393830
41-3021,Insurance Sales Agents,detailed,393830
41-3030,"Securities, Commodities, and Financial Services Sales Agents",broad,415890
41-3031,"Securities, Commodities, and Financial Services Sales Agents",detailed,415890
41-3040,Travel Agents,broad,69480
41-3041,Travel Agents,detailed,69480
41-3090,"Miscellaneous Sales Representatives, Services",broad,1033820
41-3099,"Sales Representatives, Services, All Other",detailed,1033820
41-4000,"Sales Representatives, Wholesale and Manufacturing",minor,1663160
41-4010,"Sales Representatives, Wholesale and Manufacturing",broad,1663160
41-4011,"Sales Representatives, Wholesale and Manufacturing, Technical and Scientific Products",detailed,312980
41-4012,"Sales Representatives, Wholesale and Manufacturing, Except Technical and Scientific Products",detailed,1350180
41-9000,Other Sales and Related Workers,minor,616650
41-9010,"Models, Demonstrators, and Product Promoters",broad,84560
41-9011,Demonstrators and Product Promoters,detailed,81250
41-9012,Models,detailed,3310
41-9020,Real Estate Brokers and Sales Agents,broad,197080
41-9021,Real Estate Brokers,detailed,40320
41-9022,Real Estate Sales Agents,detailed,156760
41-9030,Sales Engineers,broad,65720
41-9031,Sales Engineers,detailed,65720
41-9040,Telemarketers,broad,164160
41-9041,Telemarketers,detailed,164160
41-9090,Miscellaneous Sales and Related Workers,broad,105120
41-9091,"Door-to-Door Sales Workers, News and Street Vendors, and Related Workers",detailed,9430
41-9099,"Sales and Related Workers, All Other",detailed,95690
43-0000,Office and Administrative Support Occupations,major,21828990
43-1000,Supervisors of Office and Administrative Support Workers,minor,1477560
43-1010,First-Line Supervisors of Office and Administrative Support Workers,broad,1477560
43-1011,First-Line Supervisors of Office and Administrative Support Workers,detailed,1477560
43-2000,Communications Equipment Operators,minor,78860
43-2010,"Switchboard Operators, Including Answering Service",broad,71600
43-2011,"Switchboard Operators, Including Answering Service",detailed,71600
43-2020,Telephone Operators,broad,5160
43-2021,Telephone Operators,detailed,5160
43-2090,Miscellaneous Communications Equipment Operators,broad,2100
43-2099,"Communications Equipment Operators, All Other",detailed,2100
43-3000,Financial Clerks,minor,2978640
43-3010,Bill and Account Collectors,broad,251330
43-3011,Bill and Account Collectors,detailed,251330
43-3020,Billing and Posting Clerks,broad,469250
43-3021,Billing and Posting Clerks,detailed,469250
43-3030,"Bookkeeping, Accounting, and Auditing Clerks",broad,1530430
43-3031,"Bookkeeping, Accounting, and Auditing Clerks",detailed,1530430
43-3040,Gaming Cage Workers,broad,16020
43-3041,Gaming Cage Workers,detailed,16020
43-3050,Payroll and Timekeeping Clerks,broad,144030
43-3051,Payroll and Timekeeping Clerks,detailed,144030
43-3060,Procurement Clerks,broad,68100
43-3061,Procurement Clerks,detailed,68100
43-3070,Tellers,broad,468470
43-3071,Tellers,detailed,468470
43-3090,Miscellaneous Financial Clerks,broad,31010
43-3099,"Financial Clerks, All Other",detailed,31010
43-4000,Information and Record Clerks,minor,5773540
43-4010,Brokerage Clerks,broad,55100
43-4011,Brokerage Clerks,detailed,55100
43-4020,Correspondence Clerks,broad,5460
43-4021,Correspondence Clerks,detailed,5460
43-4030,"Court, Municipal, and License Clerks",broad,142350
43-4031,"Court, Municipal, and License Clerks",detailed,142350
43-4040,"Credit Authorizers, Checkers, and Clerks",broad,29980
43-4041,"Credit Authorizers, Checkers, and Clerks",detailed,29980
43-4050,Customer Service Representatives,broad,2871400
43-4051,Customer Service Representatives,detailed,2871400
43-4060,"Eligibility Interviewers, Government Programs",broad,137830
43-4061,"Eligibility Interviewers, Government Programs",detailed,137830
43-4070,File Clerks,broad,110020
43-4071,File Clerks,detailed,110020
43-4080,"Hotel, Motel, and Resort Desk Clerks",broad,260780
43-4081,"Hotel, Motel, and Resort Desk Clerks",detailed,260780
43-4110,"Interviewers, Except Eligibility and Loan",broad,192820
43-4111,"Interviewers, Except Eligibility and Loan",detailed,192820
43-4120,"Library Assistants, Clerical",broad,88970
43-4121,"Library Assistants, Clerical",detailed,88970
43-4130,Loan Interviewers and Clerks,broad,222620
43-4131,Loan Interviewers and Clerks,detailed,222620
43-4140,New Accounts Clerks,broad,41500
43-4141,New Accounts Clerks,detailed,41500
43-4150,Order Clerks,broad,159210
43-4151,Order Clerks,detailed,159210
43-4160,"Human Resources Assistants, Except Payroll and Timekeeping",broad,124600
43-4161,"Human Resources Assistants, Except Payroll and Timekeeping",detailed,124600
43-4170,Receptionists and Information Clerks,broad,1043630
43-4171,Receptionists and Information Clerks,detailed,1043630
43-4180,Reservation and Transportation Ticket Agents and Travel Clerks,broad,132050
43-4181,Reservation and Transportation Ticket Agents and Travel Clerks,detailed,132050
43-4190,Miscellaneous Information and Record Clerks,broad,155220
43-4199,"Information and Record Clerks, All Other",detailed,155220
43-5000,"Material Recording, Scheduling, Dispatching, and Distributing Workers",minor,4149140
43-5010,Cargo and Freight Agents,broad,92280
43-5011,Cargo and Freight Agents,detailed,92280
43-5020,Couriers and Messengers,broad,75720
43-5021,Couriers and Messengers,detailed,75720
43-5030,Dispatchers,broad,294900
43-5031,"Police, Fire, and Ambulance Dispatchers",detailed,95020
43-5032,"Dispatchers, Except Police, Fire, and Ambulance",detailed,199880
43-5040,"Meter Readers, Utilities",broad,33570
43-5041,"Meter Readers, Utilities",detailed,33570
43-5050,Postal Service Workers,broad,525070
43-5051,Postal Service Clerks,detailed,78830
43-5052,Postal Service Mail Carriers,detailed,342410
43-5053,"Postal Service Mail Sorters, Processors, and Processing Machine Operators",detailed,103830
43-5060,"Production, Planning, and Expediting Clerks",broad,350150
43-5061,"Production, Planning, and Expediting Clerks",detailed,350150
43-5070,"Shipping, Receiving, and Traffic Clerks",broad,655590
43-5071,"Shipping, Receiving, and Traffic Clerks",detailed,655590
43-5080,Stock Clerks and Order Fillers,broad,2056030
43-5081,Stock Clerks and Order Fillers,detailed,2056030
43-5110,"Weighers, Measurers, Checkers, and Samplers, Recordkeeping",broad,65830
43-5111,"Weighers, Measurers, Checkers, and Samplers, Recordkeeping",detailed,65830
43-6000,Secretaries and Administrative Assistants,minor,3498120
43-6010,Secretaries and Administrative Assistants,broad,3498120
43-6011,Executive Secretaries and Executive Administrative Assistants,detailed,570530
43-6012,Legal Secretaries,detailed,176880
43-6013,Medical Secretaries,detailed,585410
43-6014,"Secretaries and Administrative Assistants, Except Legal, Medical, and Executive",detailed,2165310
43-9000,Other Office and Administrative Support Workers,minor,3873130
43-9010,Computer Operators,broad,34700
43-9011,Computer Operators,detailed,34700
43-9020,Data Entry and Information Processing Workers,broad,228060
43-9021,Data Entry Keyers,detailed,174930
43-9022,Word Processors and Typists,detailed,53130
43-9030,Desktop Publishers,broad,10740
43-9031,Desktop Publishers,detailed,10740
43-9040,Insurance Claims and Policy Processing Clerks,broad,274560
43-9041,Insurance Claims and Policy Processing Clerks,detailed,274560
43-9050,"Mail Clerks and Mail Machine Operators, Except Postal Service",broad,86150
43-9051,"Mail Clerks and Mail Machine Operators, Except Postal Service",detailed,86150
43-9060,"Office Clerks, General",broad,2972930
43-9061,"Office Clerks, General",detailed,2972930
43-9070,"Office Machine Operators, Except Computer",broad,48580
43-9071,"Office Machine Operators, Except Computer",detailed,48580
43-9080,Proofreaders and Copy Markers,broad,9820
43-9081,Proofreaders and Copy Markers,detailed,9820
43-9110,Statistical Assistants,broad,11010
43-9111,Statistical Assistants,detailed,11010
43-9190,Miscellaneous Office and Administrative Support Workers,broad,196570
43-9199,"Office and Administrative Support Workers, All Other",detailed,196570
45-0000,"Farming, Fishing, and Forestry Occupations",major,480130
45-1000,"Supervisors of Farming, Fishing, and Forestry Workers",minor,21800
45-1010,"First-Line Supervisors of Farming, Fishing, and Forestry Workers",broad,21800
45-1011,"First-Line Supervisors of Farming, Fishing, and Forestry Workers",detailed,21800
45-2000,Agricultural Workers,minor,411460
45-2010,Agricultural Inspectors,broad,13240
45-2011,Agricultural Inspectors,detailed,13240
45-2020,Animal Breeders,broad,2160
45-2021,Animal Breeders,detailed,2160
45-2040,"Graders and Sorters, Agricultural Products",broad,38210
45-2041,"Graders and Sorters, Agricultural Products",detailed,38210
45-2090,Miscellaneous Agricultural Workers,broad,357850
45-2091,Agricultural Equipment Operators,detailed,26060
45-2092,"Farmworkers and Laborers, Crop, Nursery, and Greenhouse",detailed,287420
45-2093,"Farmworkers, Farm, Ranch, and Aquacultural Animals",detailed,37780
45-2099,"Agricultural Workers, All Other",detailed,6600
45-4000,"Forest, Conservation, and Logging Workers",minor,44910
45-4010,Forest and Conservation Workers,broad,7510
45-4011,Forest and Conservation Workers,detailed,7510
45-4020,Logging Workers,broad,37400
45-4021,Fallers,detailed,4680
45-4022,Logging Equipment Operators,detailed,25730
45-4023,Log Graders and Scalers,detailed,3330
45-4029,"Logging Workers, All Other",detailed,3670
47-0000,Construction and Extraction Occupations,major,5962640
47-1000,Supervisors of Construction and Extraction Workers,minor,598210
47-1010,First-Line Supervisors of Construction Trades and Extraction Workers,broad,598210
47-1011,First-Line Supervisors of Construction Trades and Extraction Workers,detailed,598210
47-2000,Construction Trades Workers,minor,4497490
47-2010,Boilermakers,broad,13870
47-2011,Boilermakers,detailed,13870
47-2020,"Brickmasons, Blockmasons, and Stonemasons",broad,76240
47-2021,Brickmasons and Blockmasons,detailed,63930
47-2022,Stonemasons,detailed,12310
47-2030,Carpenters,broad,718730
47-2031,Carpenters,detailed,718730
47-2040,"Carpet, Floor, and Tile Installers and Finishers",broad,83740
47-2041,Carpet Installers,detailed,26100
47-2042,"Floor Layers, Except Carpet, Wood, and Hard Tiles",detailed,14050
47-2043,Floor Sanders and Finishers,detailed,4460
47-2044,Tile and Marble Setters,detailed,39130
47-2050,"Cement Masons, Concrete Finishers, and Terrazzo Workers",broad,189130
47-2051,Cement Masons and Concrete Finishers,detailed,186400
47-2053,Terrazzo Workers and Finishers,detailed,2730
47-2060,Construction Laborers,broad,1001470
47-2061,Construction Laborers,detailed,1001470
47-2070,Construction Equipment Operators,broad,433690
47-2071,"Paving, Surfacing, and Tamping Equipment Operators",detailed,46760
47-2072,Pile-Driver Operators,detailed,3450
47-2073,Operating Engineers and Other Construction Equipment Operators,detailed,383480
47-2080,"Drywall Installers, Ceiling Tile Installers, and Tapers",broad,120220
47-2081,Drywall and Ceiling Tile Installers,detailed,101900
47-2082,Tapers,detailed,18320
47-2110,Electricians,broad,655840
47-2111,Electricians,detailed,655840
47-2120,Glaziers,broad,50940
47-2121,Glaziers,detailed,50940
47-2130,Insulation Workers,broad,56440
47-2131,"Insulation Workers, Floor, Ceiling, and Wall",detailed,31840
47-2132,"Insulation Workers, Mechanical",detailed,24610
47-2140,Painters and Paperhangers,broad,231200
47-2141,"Painters, Construction and Maintenance",detailed,228420
47-2142,Paperhangers,detailed,2780
47-2150,"Pipelayers, Plumbers, Pipefitters, and Steamfitters",broad,476140
47-2151,Pipelayers,detailed,38070
47-2152,"Plumbers, Pipefitters, and Steamfitters",detailed,438070
47-2160,Plasterers and Stucco Masons,broad,24870
47-2161,Plasterers and Stucco Masons,detailed,24870
47-2170,Reinforcing Iron and Rebar Workers,broad,18360
47-2171,Reinforcing Iron and Rebar Workers,detailed,18360
47-2180,Roofers,broad,128680
47-2181,Roofers,detailed,128680
47-2210,Sheet Metal Workers,broad,131570
47-2211,Sheet Metal Workers,detailed,131570
47-2220,Structural Iron and Steel Workers,broad,77410
47-2221,Structural Iron and Steel Workers,detailed,77410
47-2230,Solar Photovoltaic Installers,broad,8950
47-2231,Solar Photovoltaic Installers,detailed,8950
47-3000,"Helpers, Construction Trades",minor,233580
47-3010,"Helpers, Construction Trades",broad,233580
47-3011,"Helpers--Brickmasons, Blockmasons, Stonemasons, and Tile and Marble Setters",detailed,24340
47-3012,Helpers--Carpenters,detailed,33020
47-3013,Helpers--Electricians,detailed,75970
47-3014,"Helpers--Painters, Paperhangers, Plasterers, and Stucco Masons",detailed,10600
47-3015,"Helpers--Pipelayers, Plumbers, Pipefitters, and Steamfitters",detailed,54710
47-3016,Helpers--Roofers,detailed,8630
47-3019,"Helpers, Construction Trades, All Other",detailed,26320
47-4000,Other Construction and Related Workers,minor,422540
47-4010,Construction and Building Inspectors,broad,104090
47-4011,Construction and Building Inspectors,detailed,104090
47-4020,Elevator Installers and Repairers,broad,26830
47-4021,Elevator Installers and Repairers,detailed,26830
47-4030,Fence Erectors,broad,23530
47-4031,Fence Erectors,detailed,23530
47-4040,Hazardous Materials Removal Workers,broad,44000
47-4041,Hazardous Materials Removal Workers,detailed,44000
47-4050,Highway Maintenance Workers,broad,149260
47-4051,Highway Maintenance Workers,detailed,149260
47-4060,Rail-Track Laying and Maintenance Equipment Operators,broad,14410
47-4061,Rail-Track Laying and Maintenance Equipment Operators,detailed,14410
47-4070,Septic Tank Servicers and Sewer Pipe Cleaners,broad,27090
47-4071,Septic Tank Servicers and Sewer Pipe Cleaners,detailed,27090
47-4090,Miscellaneous Construction and Related Workers,detailed,33340
47-4090,Miscellaneous Construction and Related Workers,broad,33340
47-5000,Extraction Workers,minor,210820
47-5010,"Derrick, Rotary Drill, and Service Unit Operators, Oil, Gas, and Mining",broad,79030
47-5011,"Derrick Operators, Oil and Gas",detailed,11310
47-5012,"Rotary Drill Operators, Oil and Gas",detailed,18010
47-5013,"Service Unit Operators, Oil, Gas, and Mining",detailed,49710
47-5020,"Earth Drillers, Except Oil and Gas",broad,18270
47-5021,"Earth Drillers, Except Oil and Gas",detailed,18270
47-5030,"Explosives Workers, Ordnance Handling Experts, and Blasters",broad,5640
47-5031,"Explosives Workers, Ordnance Handling Experts, and Blasters",detailed,5640
47-5040,Mining Machine Operators,broad,22910
47-5041,Continuous Mining Machine Operators,detailed,14710
47-5042,Mine Cutting and Channeling Machine Operators,detailed,4920
47-5049,"Mining Machine Operators, All Other",detailed,3280
47-5050,"Rock Splitters, Quarry",broad,4870
47-5051,"Rock Splitters, Quarry",detailed,4870
47-5060,"Roof Bolters, Mining",broad,3250
47-5061,"Roof Bolters, Mining",detailed,3250
47-5070,"Roustabouts, Oil and Gas",broad,54810
47-5071,"Roustabouts, Oil and Gas",detailed,54810
47-5080,Helpers--Extraction Workers,broad,15930
47-5081,Helpers--Extraction Workers,detailed,15930
47-5090,Miscellaneous Extraction Workers,broad,6110
47-5099,"Extraction Workers, All Other",detailed,6110
49-0000,"Installation, Maintenance, and Repair Occupations",major,5628880
49-1000,"Supervisors of Installation, Maintenance, and Repair Workers",minor,471820
49-1010,"First-Line Supervisors of Mechanics, Installers, and Repairers",broad,471820
49-1011,"First-Line Supervisors of Mechanics, Installers, and Repairers",detailed,471820
49-2000,"Electrical and Electronic Equipment Mechanics, Installers, and Repairers",minor,583310
49-2010,"Computer, Automated Teller, and Office Machine Repairers",broad,102810
49-2011,"Computer, Automated Teller, and Office Machine Repairers",detailed,102810
49-2020,Radio and Telecommunications Equipment Installers and Repairers,broad,243820
49-2021,"Radio, Cellular, and Tower Equipment Installers and Repairers",detailed,13930
49-2022,"Telecommunications Equipment Installers and Repairers, Except Line Installers",detailed,229890
49-2090,"Miscellaneous Electrical and Electronic Equipment Mechanics, Installers, and Repairers",broad,236690
49-2091,Avionics Technicians,detailed,18860
49-2092,"Electric Motor, Power Tool, and Related Repairers",detailed,15800
49-2093,"Electrical and Electronics Installers and Repairers, Transportation Equipment",detailed,11680
49-2094,"Electrical and Electronics Repairers, Commercial and Industrial Equipment",detailed,59520
49-2095,"Electrical and Electronics Repairers, Powerhouse, Substation, and Relay",detailed,22980
49-2096,"Electronic Equipment Installers and Repairers, Motor Vehicles",detailed,10880
49-2097,Electronic Home Entertainment Equipment Installers and Repairers,detailed,26070
49-2098,Security and Fire Alarm Systems Installers,detailed,70900
49-3000,"Vehicle and Mobile Equipment Mechanics, Installers, and Repairers",minor,1614070
49-3010,Aircraft Mechanics and Service Technicians,broad,131690
49-3011,Aircraft Mechanics and Service Technicians,detailed,131690
49-3020,Automotive Technicians and Repairers,broad,809740
49-3021,Automotive Body and Related Repairers,detailed,142060
49-3022,Automotive Glass Installers and Repairers,detailed,19640
49-3023,Automotive Service Technicians and Mechanics,detailed,648050
49-3030,Bus and Truck Mechanics and Diesel Engine Specialists,broad,264860
49-3031,Bus and Truck Mechanics and Diesel Engine Specialists,detailed,264860
49-3040,Heavy Vehicle and Mobile Equipment Service Technicians and Mechanics,broad,199280
49-3041,Farm Equipment Mechanics and Service Technicians,detailed,34300
49-3042,"Mobile Heavy Equipment Mechanics, Except Engines",detailed,140260
49-3043,Rail Car Repairers,detailed,24720
49-3050,Small Engine Mechanics,broad,69130
49-3051,Motorboat Mechanics and Service Technicians,detailed,22280
49-3052,Motorcycle Mechanics,detailed,15090
49-3053,Outdoor Power Equipment and Other Small Engine Mechanics,detailed,31760
49-3090,"Miscellaneous Vehicle and Mobile Equipment Mechanics, Installers, and Repairers",broad,139370
49-3091,Bicycle Repairers,detailed,12200
49-3092,Recreational Vehicle Service Technicians,detailed,15560
49-3093,Tire Repairers and Changers,detailed,111620
49-9000,"Other Installation, Maintenance, and Repair Occupations",minor,2959670
49-9010,Control and Valve Installers and Repairers,broad,74400
49-9011,Mechanical Door Repairers,detailed,22670
49-9012,"Control and Valve Installers and Repairers, Except Mechanical Door",detailed,51730
49-9020,"Heating, Air Conditioning, and Refrigeration Mechanics and Installers",broad,324310
49-9021,"Heating, Air Conditioning, and Refrigeration Mechanics and Installers",detailed,324310
49-9030,Home Appliance Repairers,broad,31130
49-9031,Home Appliance Repairers,detailed,31130
49-9040,"Industrial Machinery Installation, Repair, and Maintenance Workers",broad,487640
49-9041,Industrial Machinery Mechanics,detailed,362440
49-9043,"Maintenance Workers, Machinery",detailed,80270
49-9044,Millwrights,detailed,43810
49-9045,"Refractory Materials Repairers, Except Brickmasons",detailed,1120
49-9050,Line Installers and Repairers,broad,233010
49-9051,Electrical Power-Line Installers and Repairers,detailed,114800
49-9052,Telecommunications Line Installers and Repairers,detailed,118200
49-9060,Precision Instrument and Equipment Repairers,broad,72010
49-9061,Camera and Photographic Equipment Repairers,detailed,3690
49-9062,Medical Equipment Repairers,detailed,46320
49-9063,Musical Instrument Repairers and Tuners,detailed,8450
49-9064,Watch Repairers,detailed,2610
49-9069,"Precision Instrument and Equipment Repairers, All Other",detailed,10930
49-9070,"Maintenance and Repair Workers, General",broad,1384240
49-9071,"Maintenance and Repair Workers, General",detailed,1384240
49-9080,Wind Turbine Service Technicians,broad,5580
49-9081,Wind Turbine Service Technicians,detailed,5580
49-9090,"Miscellaneous Installation, Maintenance, and Repair Workers",broad,347350
49-9091,"Coin, Vending, and Amusement Machine Servicers and Repairers",detailed,32920
49-9092,Commercial Divers,detailed,3380
49-9093,"Fabric Menders, Except Garment",detailed,400
49-9094,Locksmiths and Safe Repairers,detailed,16970
49-9095,Manufactured Building and Mobile Home Installers,detailed,2920
49-9096,Riggers,detailed,20970
49-9097,Signal and Track Switch Repairers,detailed,7730
49-9098,"Helpers--Installation, Maintenance, and Repair Workers",detailed,105040
49-9099,"Installation, Maintenance, and Repair Workers, All Other",detailed,157030
51-0000,Production Occupations,major,9115530
51-1000,Supervisors of Production Workers,minor,622790
51-1010,First-Line Supervisors of Production and Operating Workers,broad,622790
51-1011,First-Line Supervisors of Production and Operating Workers,detailed,622790
51-2000,Assemblers and Fabricators,minor,1831200
51-2010,"Aircraft Structure, Surfaces, Rigging, and Systems Assemblers",broad,43150
51-2011,"Aircraft Structure, Surfaces, Rigging, and Systems Assemblers",detailed,43150
51-2020,"Electrical, Electronics, and Electromechanical Assemblers",broad,287630
51-2021,"Coil Winders, Tapers, and Finishers",detailed,12190
51-2028,"Electrical, Electronic, and Electromechanical Assemblers, Except Coil Winders, Tapers, and Finishers",detailed,275450
51-2030,Engine and Other Machine Assemblers,broad,48200
51-2031,Engine and Other Machine Assemblers,detailed,48200
51-2040,Structural Metal Fabricators and Fitters,broad,76090
51-2041,Structural Metal Fabricators and Fitters,detailed,76090
51-2090,Miscellaneous Assemblers and Fabricators,broad,1376130
51-2091,Fiberglass Laminators and Fabricators,detailed,21190
51-2093,Timing Device Assemblers and Adjusters,detailed,780
51-2098,"Assemblers and Fabricators, All Other, Including Team Assemblers",detailed,1354150
51-3000,Food Processing Workers,minor,801770
51-3010,Bakers,broad,180010
51-3011,Bakers,detailed,180010
51-3020,"Butchers and Other Meat, Poultry, and Fish Processing Workers",broad,365660
51-3021,Butchers and Meat Cutters,detailed,133670
51-3022,"Meat, Poultry, and Fish Cutters and Trimmers",detailed,156440
51-3023,Slaughterers and Meat Packers,detailed,75550
51-3090,Miscellaneous Food Processing Workers,broad,256100
51-3091,"Food and Tobacco Roasting, Baking, and Drying Machine Operators and Tenders",detailed,21060
51-3092,Food Batchmakers,detailed,160160
51-3093,Food Cooking Machine Operators and Tenders,detailed,32260
51-3099,"Food Processing Workers, All Other",detailed,42620
51-4000,Metal Workers and Plastic Workers,minor,1940370
51-4010,Computer Control Programmers and Operators,broad,171920
51-4011,"Computer-Controlled Machine Tool Operators, Metal and Plastic",detailed,148150
51-4012,"Computer Numerically Controlled Machine Tool Programmers, Metal and Plastic",detailed,23770
51-4020,"Forming Machine Setters, Operators, and Tenders, Metal and Plastic",broad,120630
51-4021,"Extruding and Drawing Machine Setters, Operators, and Tenders, Metal and Plastic",detailed,75610
51-4022,"Forging Machine Setters, Operators, and Tenders, Metal and Plastic",detailed,18330
51-4023,"Rolling Machine Setters, Operators, and Tenders, Metal and Plastic",detailed,26700
51-4030,"Machine Tool Cutting Setters, Operators, and Tenders, Metal and Plastic",broad,318860
51-4031,"Cutting, Punching, and Press Machine Setters, Operators, and Tenders, Metal and Plastic",detailed,186640
51-4032,"Drilling and Boring Machine Tool Setters, Operators, and Tenders, Metal and Plastic",detailed,11400
51-4033,"Grinding, Lapping, Polishing, and Buffing Machine Tool Setters, Operators, and Tenders, Metal and Plastic",detailed,71870
51-4034,"Lathe and Turning Machine Tool Setters, Operators, and Tenders, Metal and Plastic",detailed,29510
51-4035,"Milling and Planing Machine Setters, Operators, and Tenders, Metal and Plastic",detailed,19440
51-4040,Machinists,broad,384350
51-4041,Machinists,detailed,384350
51-4050,"Metal Furnace Operators, Tenders, Pourers, and Casters",broad,25520
51-4051,Metal-Refining Furnace Operators and Tenders,detailed,17670
51-4052,"Pourers and Casters, Metal",detailed,7850
51-4060,"Model Makers and Patternmakers, Metal and Plastic",broad,8090
51-4061,"Model Makers, Metal and Plastic",detailed,5210
51-4062,"Patternmakers, Metal and Plastic",detailed,2880
51-4070,"Molders and Molding Machine Setters, Operators, and Tenders, Metal and Plastic",broad,179710
51-4071,Foundry Mold and Coremakers,detailed,15600
51-4072,"Molding, Coremaking, and Casting Machine Setters, Operators, and Tenders, Metal and Plastic",detailed,164110
51-4080,"Multiple Machine Tool Setters, Operators, and Tenders, Metal and Plastic",broad,133840
51-4081,"Multiple Machine Tool Setters, Operators, and Tenders, Metal and Plastic",detailed,133840
51-4110,Tool and Die Makers,broad,72700
51-4111,Tool and Die Makers,detailed,72700
51-4120,"Welding, Soldering, and Brazing Workers",broad,424270
51-4121,"Welders, Cutters, Solderers, and Brazers",detailed,389190
51-4122,"Welding, Soldering, and Brazing Machine Setters, Operators, and Tenders",detailed,35080
51-4190,Miscellaneous Metal Workers and Plastic Workers,broad,100470
51-4191,"Heat Treating Equipment Setters, Operators, and Tenders, Metal and Plastic",detailed,19690
51-4192,"Layout Workers, Metal and Plastic",detailed,8170
51-4193,"Plating and Coating Machine Setters, Operators, and Tenders, Metal and Plastic",detailed,40070
51-4194,"Tool Grinders, Filers, and Sharpeners",detailed,7070
51-4199,"Metal Workers and Plastic Workers, All Other",detailed,25470
51-5100,Printing Workers,minor,249140
51-5110,Printing Workers,broad,249140
51-5111,Prepress Technicians and Workers,detailed,29990
51-5112,Printing Press Operators,detailed,173470
51-5113,Print Binding and Finishing Workers,detailed,45690
51-6000,"Textile, Apparel, and Furnishings Workers",minor,574130
51-6010,Laundry and Dry-Cleaning Workers,broad,213350
51-6011,Laundry and Dry-Cleaning Workers,detailed,213350
51-6020,"Pressers, Textile, Garment, and Related Materials",broad,38320
51-6021,"Pressers, Textile, Garment, and Related Materials",detailed,38320
51-6030,Sewing Machine Operators,broad,136450
51-6031,Sewing Machine Operators,detailed,136450
51-6040,Shoe and Leather Workers,broad,12450
51-6041,Shoe and Leather Workers and Repairers,detailed,8640
51-6042,Shoe Machine Operators and Tenders,detailed,3810
51-6050,"Tailors, Dressmakers, and Sewers",broad,26500
51-6051,"Sewers, Hand",detailed,5350
51-6052,"Tailors, Dressmakers, and Custom Sewers",detailed,21150
51-6060,"Textile Machine Setters, Operators, and Tenders",broad,75490
51-6061,Textile Bleaching and Dyeing Machine Operators and Tenders,detailed,9330
51-6062,"Textile Cutting Machine Setters, Operators, and Tenders",detailed,13310
51-6063,"Textile Knitting and Weaving Machine Setters, Operators, and Tenders",detailed,21190
51-6064,"Textile Winding, Twisting, and Drawing Out Machine Setters, Operators, and Tenders",detailed,31650
51-6090,"Miscellaneous Textile, Apparel, and Furnishings Workers",broad,71570
51-6091,"Extruding and Forming Machine Setters, Operators, and Tenders, Synthetic and Glass Fibers",detailed,18130
51-6092,Fabric and Apparel Patternmakers,detailed,5220
51-6093,Upholsterers,detailed,32870
51-6099,"Textile, Apparel, and Furnishings Workers, All Other",detailed,15360
51-7000,Woodworkers,minor,257840
51-7010,Cabinetmakers and Bench Carpenters,broad,102100
51-7011,Cabinetmakers and Bench Carpenters,detailed,102100
51-7020,Furniture Finishers,broad,17250
51-7021,Furniture Finishers,detailed,17250
51-7030,"Model Makers and Patternmakers, Wood",broad,1280
51-7031,"Model Makers, Wood",detailed,740
51-7032,"Patternmakers, Wood",detailed,530
51-7040,"Woodworking Machine Setters, Operators, and Tenders",broad,131240
51-7041,"Sawing Machine Setters, Operators, and Tenders, Wood",detailed,52260
51-7042,"Woodworking Machine Setters, Operators, and Tenders, Except Sawing",detailed,78980
51-7090,Miscellaneous Woodworkers,broad,5970
51-7099,"Woodworkers, All Other",detailed,5970
51-8000,Plant and System Operators,minor,301200
51-8010,"Power Plant Operators, Distributors, and Dispatchers",broad,51820
51-8011,Nuclear Power Reactor Operators,detailed,6280
51-8012,Power Distributors and Dispatchers,detailed,11620
51-8013,Power Plant Operators,detailed,33920
51-8020,Stationary Engineers and Boiler Operators,broad,31710
51-8021,Stationary Engineers and Boiler Operators,detailed,31710
51-8030,Water and Wastewater Treatment Plant and System Operators,broad,123650
51-8031,Water and Wastewater Treatment Plant and System Operators,detailed,123650
51-8090,Miscellaneous Plant and System Operators,broad,94010
51-8091,Chemical Plant and System Operators,detailed,28190
51-8092,Gas Plant Operators,detailed,14620
51-8093,"Petroleum Pump System Operators, Refinery Operators, and Gaugers",detailed,38930
51-8099,"Plant and System Operators, All Other",detailed,12270
51-9000,Other Production Occupations,minor,2537090
51-9010,"Chemical Processing Machine Setters, Operators, and Tenders",broad,132660
51-9011,Chemical Equipment Operators and Tenders,detailed,82880
51-9012,"Separating, Filtering, Clarifying, Precipitating, and Still Machine Setters, Operators, and Tenders",detailed,49770
51-9020,"Crushing, Grinding, Polishing, Mixing, and Blending Workers",broad,190770
51-9021,"Crushing, Grinding, and Polishing Machine Setters, Operators, and Tenders",detailed,31890
51-9022,"Grinding and Polishing Workers, Hand",detailed,30280
51-9023,"Mixing and Blending Machine Setters, Operators, and Tenders",detailed,128600
51-9030,Cutting Workers,broad,71420
51-9031,"Cutters and Trimmers, Hand",detailed,10580
51-9032,"Cutting and Slicing Machine Setters, Operators, and Tenders",detailed,60840
51-9040,"Extruding, Forming, Pressing, and Compacting Machine Setters, Operators, and Tenders",broad,72870
51-9041,"Extruding, Forming, Pressing, and Compacting Machine Setters, Operators, and Tenders",detailed,72870
51-9050,"Furnace, Kiln, Oven, Drier, and Kettle Operators and Tenders",broad,17730
51-9051,"Furnace, Kiln, Oven, Drier, and Kettle Operators and Tenders",detailed,17730
51-9060,"Inspectors, Testers, Sorters, Samplers, and Weighers",broad,557510
51-9061,"Inspectors, Testers, Sorters, Samplers, and Weighers",detailed,557510
51-9070,Jewelers and Precious Stone and Metal Workers,broad,25910
51-9071,Jewelers and Precious Stone and Metal Workers,detailed,25910
51-9080,"Medical, Dental, and Ophthalmic Laboratory Technicians",broad,77110
51-9081,Dental Laboratory Technicians,detailed,34480
51-9082,Medical Appliance Technicians,detailed,14670
51-9083,Ophthalmic Laboratory Technicians,detailed,27960
51-9110,Packaging and Filling Machine Operators and Tenders,broad,395330
51-9111,Packaging and Filling Machine Operators and Tenders,detailed,395330
51-9120,Painting Workers,broad,156470
51-9121,"Coating, Painting, and Spraying Machine Setters, Operators, and Tenders",detailed,88560
51-9122,"Painters, Transportation Equipment",detailed,55710
51-9123,"Painting, Coating, and Decorating Workers",detailed,12200
51-9140,Semiconductor Processors,broad,25730
51-9141,Semiconductor Processors,detailed,25730
51-9150,Photographic Process Workers and Processing Machine Operators,broad,16680
51-9151,Photographic Process Workers and Processing Machine Operators,detailed,16680
51-9190,Miscellaneous Production Workers,broad,796900
51-9191,Adhesive Bonding Machine Operators and Tenders,detailed,16310
51-9192,"Cleaning, Washing, and Metal Pickling Equipment Operators and Tenders",detailed,17630
51-9193,Cooling and Freezing Equipment Operators and Tenders,detailed,8820
51-9194,Etchers and Engravers,detailed,8600
51-9195,"Molders, Shapers, and Casters, Except Metal and Plastic",detailed,42500
51-9196,"Paper Goods Machine Setters, Operators, and Tenders",detailed,97960
51-9197,Tire Builders,detailed,23920
51-9198,Helpers--Production Workers,detailed,350410
51-9199,"Production Workers, All Other",detailed,230760
53-0000,Transportation and Material Moving Occupations,major,10244260
53-1000,Supervisors of Transportation and Material Moving Workers,minor,419980
53-1010,Aircraft Cargo Handling Supervisors,broad,8920
53-1011,Aircraft Cargo Handling Supervisors,detailed,8920
53-1040,"First-Line Supervisors of Transportation and Material Moving Workers, Except Aircraft Cargo Handling Supervisors",broad,411060
53-1048,"First-Line Supervisors of Transportation and Material Moving Workers, Except Aircraft Cargo Handling Supervisors",detailed,411060
53-2000,Air Transportation Workers,minor,271890
53-2010,Aircraft Pilots and Flight Engineers,broad,120760
53-2011,"Airline Pilots, Copilots, and Flight Engineers",detailed,82890
53-2012,Commercial Pilots,detailed,37870
53-2020,Air Traffic Controllers and Airfield Operations Specialists,broad,32360
53-2021,Air Traffic Controllers,detailed,22390
53-2022,Airfield Operations Specialists,detailed,9960
53-2030,Flight Attendants,broad,118770
53-2031,Flight Attendants,detailed,118770
53-3000,Motor Vehicle Operators,minor,4088870
53-3010,"Ambulance Drivers and Attendants, Except Emergency Medical Technicians",broad,15380
53-3011,"Ambulance Drivers and Attendants, Except Emergency Medical Technicians",detailed,15380
53-3020,Bus Drivers,broad,678260
53-3021,"Bus Drivers, Transit and Intercity",detailed,174110
53-3022,"Bus Drivers, School or Special Client",detailed,504150
53-3030,Driver/Sales Workers and Truck Drivers,broad,3130500
53-3031,Driver/Sales Workers,detailed,414860
53-3032,Heavy and Tractor-Trailer Truck Drivers,detailed,1800330
53-3033,Light Truck or Delivery Services Drivers,detailed,915310
53-3040,Taxi Drivers and Chauffeurs,broad,207920
53-3041,Taxi Drivers and Chauffeurs,detailed,207920
53-3090,Miscellaneous Motor Vehicle Operators,broad,56810
53-3099,"Motor Vehicle Operators, All Other",detailed,56810
53-4000,Rail Transportation Workers,minor,109460
53-4010,Locomotive Engineers and Operators,broad,41090
53-4011,Locomotive Engineers,detailed,34850
53-4012,Locomotive Firers,detailed,560
53-4013,"Rail Yard Engineers, Dinkey Operators, and Hostlers",detailed,5690
53-4020,"Railroad Brake, Signal, and Switch Operators",broad,14270
53-4021,"Railroad Brake, Signal, and Switch Operators",detailed,14270
53-4030,Railroad Conductors and Yardmasters,broad,42360
53-4031,Railroad Conductors and Yardmasters,detailed,42360
53-4040,Subway and Streetcar Operators,broad,8850
53-4041,Subway and Streetcar Operators,detailed,8850
53-4090,Miscellaneous Rail Transportation Workers,broad,2890
53-4099,"Rail Transportation Workers, All Other",detailed,2890
53-5000,Water Transportation Workers,minor,79860
53-5010,Sailors and Marine Oilers,broad,32220
53-5011,Sailors and Marine Oilers,detailed,32220
53-5020,Ship and Boat Captains and Operators,broad,38910
53-5021,"Captains, Mates, and Pilots of Water Vessels",detailed,36390
53-5022,Motorboat Operators,detailed,2510
53-5030,Ship Engineers,broad,8740
53-5031,Ship Engineers,detailed,8740
53-6000,Other Transportation Workers,minor,363130
53-6010,Bridge and Lock Tenders,broad,3170
53-6011,Bridge and Lock Tenders,detailed,3170
53-6020,Parking Lot Attendants,broad,145900
53-6021,Parking Lot Attendants,detailed,145900
53-6030,Automotive and Watercraft Service Attendants,broad,113760
53-6031,Automotive and Watercraft Service Attendants,detailed,113760
53-6040,Traffic Technicians,broad,7290
53-6041,Traffic Technicians,detailed,7290
53-6050,Transportation Inspectors,broad,29990
53-6051,Transportation Inspectors,detailed,29990
53-6060,"Transportation Attendants, Except Flight Attendants",broad,25460
53-6061,"Transportation Attendants, Except Flight Attendants",detailed,25460
53-6090,Miscellaneous Transportation Workers,broad,37560
53-6099,"Transportation Workers, All Other",detailed,37560
53-7000,Material Moving Workers,minor,4911060
53-7010,Conveyor Operators and Tenders,broad,23390
53-7011,Conveyor Operators and Tenders,detailed,23390
53-7020,Crane and Tower Operators,broad,44410
53-7021,Crane and Tower Operators,detailed,44410
53-7030,"Dredge, Excavating, and Loading Machine Operators",broad,49780
53-7031,Dredge Operators,detailed,1190
53-7032,Excavating and Loading Machine and Dragline Operators,detailed,46090
53-7033,"Loading Machine Operators, Underground Mining",detailed,2500
53-7040,Hoist and Winch Operators,broad,3180
53-7041,Hoist and Winch Operators,detailed,3180
53-7050,Industrial Truck and Tractor Operators,broad,604130
53-7051,Industrial Truck and Tractor Operators,detailed,604130
53-7060,"Laborers and Material Movers, Hand",broad,4002390
53-7061,Cleaners of Vehicles and Equipment,detailed,378850
53-7062,"Laborers and Freight, Stock, and Material Movers, Hand",detailed,2893180
53-7063,Machine Feeders and Offbearers,detailed,66380
53-7064,"Packers and Packagers, Hand",detailed,663970
53-7070,Pumping Station Operators,broad,27560
53-7071,Gas Compressor and Gas Pumping Station Operators,detailed,3460
53-7072,"Pump Operators, Except Wellhead Pumpers",detailed,10820
53-7073,Wellhead Pumpers,detailed,13280
53-7080,Refuse and Recyclable Material Collectors,broad,118520
53-7081,Refuse and Recyclable Material Collectors,detailed,118520
53-7110,Mine Shuttle Car Operators,broad,1690
53-7111,Mine Shuttle Car Operators,detailed,1690
53-7120,"Tank Car, Truck, and Ship Loaders",broad,9000
53-7121,"Tank Car, Truck, and Ship Loaders",detailed,9000
53-7190,Miscellaneous Material Moving Workers,broad,27010
53-7199,"Material Moving Workers, All Other",detailed,27010
