occ_code,occ_title,occ_group,emp_01
00-0000,All Occupations,,127980410
11-0000,Management Occupations,major,7212360
11-1011,Chief Executives,,455930
11-1021,General and Operations Managers,,2064220
11-1031,Legislators,,67400
11-2011,Advertising and Promotions Managers,,85850
11-2021,Marketing Managers,,189140
11-2022,Sales Managers,,317410
11-2031,Public Relations Managers,,64920
11-3011,Administrative Services Managers,,311600
11-3021,Computer and Information Systems Managers,,267310
11-3031,Financial Managers,,570110
11-3040,Human Resources Managers,,194470
11-3051,Industrial Production Managers,,183050
11-3061,Purchasing Managers,,107130
11-3071,"Transportation, Storage, and Distribution Managers",,108590
11-9011,"Farm, Ranch, and Other Agricultural Managers",,5720
11-9021,Construction Managers,,213960
11-9031,"Education Administrators, Preschool and Child Care Center/Program",,52640
11-9032,"Education Administrators, Elementary and Secondary School",,200440
11-9033,"Education Administrators, Postsecondary",,94120
11-9041,Engineering Managers,,214760
11-9051,Food Service Managers,,260880
11-9061,Funeral Directors,,25300
11-9071,Gaming Managers,,3470
11-9081,Lodging Managers,,31040
11-9111,Medical and Health Services Managers,,227410
11-9121,Natural Sciences Managers,,42650
11-9131,Postmasters and Mail Superintendents,,26640
11-9141,"Property, Real Estate, and Community Association Managers",,156180
11-9151,Social and Community Service Managers,,100810
13-0000,Business and Financial Operations Occupations,major,4676680
13-1011,"Agents and Business Managers of Artists, Performers, and Athletes",,10270
13-1021,"Purchasing Agents and Buyers, Farm Products",,17640
13-1022,"Wholesale and Retail Buyers, Except Farm Products",,131670
13-1023,"Purchasing Agents, Except Wholesale, Retail, and Farm Products",,228360
13-1031,"Claims Adjusters, Examiners, and Investigators",,200510
13-1032,"Insurance Appraisers, Auto Damage",,12110
13-1041,"Compliance Officers, Except Agriculture, Construction, Health and Safety, and Transportation",,136580
13-1051,Cost Estimators,,188840
13-1061,Emergency Management Specialists,,10720
13-1071,"Employment, Recruitment, and Placement Specialists",,173940
13-1072,"Compensation, Benefits, and Job Analysis Specialists",,81450
13-1073,Training and Development Specialists,,186780
13-1111,Management Analysts,,363890
13-1121,Meeting and Convention Planners,,29560
13-2011,Accountants and Auditors,,881390
13-2021,Appraisers and Assessors of Real Estate,,59630
13-2031,Budget Analysts,,60620
13-2041,Credit Analysts,,66710
13-2051,Financial Analysts,,157770
13-2052,Personal Financial Advisors,,83820
13-2053,Insurance Underwriters,,92780
13-2061,Financial Examiners,,24570
13-2071,Loan Counselors,,29710
13-2072,Loan Officers,,213450
13-2081,"Tax Examiners, Collectors, and Revenue Agents",,68780
13-2082,Tax Preparers,,59520
15-0000,Computer and Mathematical Occupations,major,2825870
15-1011,"Computer and Information Scientists, Research",,25620
15-1021,Computer Programmers,,501550
15-1031,"Computer Software Engineers, Applications",,361690
15-1032,"Computer Software Engineers, Systems Software",,261520
15-1041,Computer Support Specialists,,493240
15-1051,Computer Systems Analysts,,448270
15-1061,Database Administrators,,104250
15-1071,Network and Computer Systems Administrators,,227840
15-1081,Network Systems and Data Communications Analysts,,126060
15-2011,Actuaries,,13210
15-2021,Mathematicians,,3080
15-2031,Operations Research Analysts,,57520
15-2041,Statisticians,,17040
15-2091,Mathematical Technicians,,1720
17-0000,Architecture and Engineering Occupations,major,2489070
17-1011,"Architects, Except Landscape and Naval",,84980
17-1012,Landscape Architects,,17980
17-1021,Cartographers and Photogrammetrists,,7810
17-1022,Surveyors,,54650
17-2011,Aerospace Engineers,,74380
17-2021,Agricultural Engineers,,2550
17-2031,Biomedical Engineers,,6960
17-2041,Chemical Engineers,,31710
17-2051,Civil Engineers,,205370
17-2061,Computer Hardware Engineers,,67590
17-2071,Electrical Engineers,,151300
17-2072,"Electronics Engineers, Except Computer",,123210
17-2081,Environmental Engineers,,48700
17-2111,"Health and Safety Engineers, Except Mining Safety Engineers and Inspectors",,36420
17-2112,Industrial Engineers,,161540
17-2121,Marine Engineers and Naval Architects,,4860
17-2131,Materials Engineers,,22920
17-2141,Mechanical Engineers,,204310
17-2151,"Mining and Geological Engineers, Including Mining Safety Engineers",,6090
17-2161,Nuclear Engineers,,14180
17-2171,Petroleum Engineers,,11420
17-3011,Architectural and Civil Drafters,,99160
17-3012,Electrical and Electronics Drafters,,39300
17-3013,Mechanical Drafters,,69150
17-3021,Aerospace Engineering and Operations Technicians,,15570
17-3022,Civil Engineering Technicians,,85920
17-3023,Electrical and Electronic Engineering Technicians,,220800
17-3024,Electro-Mechanical Technicians,,42130
17-3025,Environmental Engineering Technicians,,17970
17-3026,Industrial Engineering Technicians,,59500
17-3027,Mechanical Engineering Technicians,,54430
17-3031,Surveying and Mapping Technicians,,56430
19-0000,"Life, Physical, and Social Science Occupations",major,1067730
19-1010,Agricultural and Food Scientists,,13470
19-1021,Biochemists and Biophysicists,,16130
19-1022,Microbiologists,,15520
19-1023,Zoologists and Wildlife Biologists,,12950
19-1031,Conservation Scientists,,12750
19-1032,Foresters,,10480
19-1041,Epidemiologists,,3970
19-1042,"Medical Scientists, Except Epidemiologists",,46430
19-2011,Astronomers,,900
19-2012,Physicists,,10880
19-2021,Atmospheric and Space Scientists,,6770
19-2031,Chemists,,84870
19-2032,Materials Scientists,,8360
19-2041,"Environmental Scientists and Specialists, Including Health",,57430
19-2042,"Geoscientists, Except Hydrologists and Geographers",,23030
19-2043,Hydrologists,,7340
19-3011,Economists,,13390
19-3021,Market Research Analysts,,108940
19-3022,Survey Researchers,,20690
19-3031,"Clinical, Counseling, and School Psychologists",,95640
19-3032,Industrial-Organizational Psychologists,,1380
19-3041,Sociologists,,1820
19-3051,Urban and Regional Planners,,31130
19-3091,Anthropologists and Archeologists,,4190
19-3092,Geographers,,750
19-3093,Historians,,2010
19-3094,Political Scientists,,4220
19-4011,Agricultural and Food Science Technicians,,17310
19-4021,Biological Technicians,,43560
19-4031,Chemical Technicians,,71000
19-4041,Geological and Petroleum Technicians,,11930
19-4051,Nuclear Technicians,,5230
19-4091,"Environmental Science and Protection Technicians, Including Health",,25750
19-4092,Forensic Science Technicians,,6730
19-4093,Forest and Conservation Technicians,,16430
21-0000,Community and Social Services Occupations,major,1523890
21-1011,Substance Abuse and Behavioral Disorder Counselors,,61580
21-1012,"Educational, Vocational, and School Counselors",,201500
21-1013,Marriage and Family Therapists,,20380
21-1014,Mental Health Counselors,,72590
21-1015,Rehabilitation Counselors,,105450
21-1021,"Child, Family, and School Social Workers",,257080
21-1022,Medical and Public Health Social Workers,,103490
21-1023,Mental Health and Substance Abuse Social Workers,,85550
21-1091,Health Educators,,43890
21-1092,Probation Officers and Correctional Treatment Specialists,,78640
21-1093,Social and Human Service Assistants,,283060
21-2011,Clergy,,32940
21-2021,"Directors, Religious Activities and Education",,12120
23-0000,Legal Occupations,major,909370
23-1011,Lawyers,,490000
23-1021,"Administrative Law Judges, Adjudicators, and Hearing Officers",,30520
23-1022,"Arbitrators, Mediators, and Conciliators",,5060
23-1023,"Judges, Magistrate Judges, and Magistrates",,27890
23-2011,Paralegals and Legal Assistants,,183550
23-2091,Court Reporters,,15300
23-2092,Law Clerks,,40340
23-2093,"Title Examiners, Abstractors, and Searchers",,42720
25-0000,"Education, Training, and Library Occupations",major,7658480
25-1011,"Business Teachers, Postsecondary",,65050
25-1021,"Computer Science Teachers, Postsecondary",,29690
25-1022,"Mathematical Science Teachers, Postsecondary",,38480
25-1031,"Architecture Teachers, Postsecondary",,4960
25-1032,"Engineering Teachers, Postsecondary",,28360
25-1041,"Agricultural Sciences Teachers, Postsecondary",,11590
25-1042,"Biological Science Teachers, Postsecondary",,38580
25-1043,"Forestry and Conservation Science Teachers, Postsecondary",,1950
25-1051,"Atmospheric, Earth, Marine, and Space Sciences Teachers, Postsecondary",,7630
25-1052,"Chemistry Teachers, Postsecondary",,16610
25-1053,"Environmental Science Teachers, Postsecondary",,3630
25-1054,"Physics Teachers, Postsecondary",,11830
25-1061,"Anthropology and Archeology Teachers, Postsecondary",,4240
25-1062,"Area, Ethnic, and Cultural Studies Teachers, Postsecondary",,5070
25-1063,"Economics Teachers, Postsecondary",,11600
25-1064,"Geography Teachers, Postsecondary",,3600
25-1065,"Political Science Teachers, Postsecondary",,11230
25-1066,"Psychology Teachers, Postsecondary",,24850
25-1067,"Sociology Teachers, Postsecondary",,12890
25-1071,"Health Specialties Teachers, Postsecondary",,85220
25-1072,"Nursing Instructors and Teachers, Postsecondary",,34390
25-1081,"Education Teachers, Postsecondary",,40480
25-1082,"Library Science Teachers, Postsecondary",,4040
25-1111,"Criminal Justice and Law Enforcement Teachers, Postsecondary",,8060
25-1112,"Law Teachers, Postsecondary",,9660
25-1113,"Social Work Teachers, Postsecondary",,6250
25-1121,"Art, Drama, and Music Teachers, Postsecondary",,55540
25-1122,"Communications Teachers, Postsecondary",,18110
25-1123,"English Language and Literature Teachers, Postsecondary",,51370
25-1124,"Foreign Language and Literature Teachers, Postsecondary",,18590
25-1125,"History Teachers, Postsecondary",,16710
25-1126,"Philosophy and Religion Teachers, Postsecondary",,14000
25-1191,Graduate Teaching Assistants,,133690
25-1192,"Home Economics Teachers, Postsecondary",,4350
25-1193,"Recreation and Fitness Studies Teachers, Postsecondary",,14700
25-1194,"Vocational Education Teachers, Postsecondary",,116890
25-2011,"Preschool Teachers, Except Special Education",,377540
25-2012,"Kindergarten Teachers, Except Special Education",,161610
25-2021,"Elementary School Teachers, Except Special Education",,1452160
25-2022,"Middle School Teachers, Except Special and Vocational Education",,571100
25-2023,"Vocational Education Teachers, Middle School",,18530
25-2031,"Secondary School Teachers, Except Special and Vocational Education",,980730
25-2032,"Vocational Education Teachers, Secondary School",,107680
25-2041,"Special Education Teachers, Preschool, Kindergarten, and Elementary School",,211240
25-2042,"Special Education Teachers, Middle School",,87330
25-2043,"Special Education Teachers, Secondary School",,123570
25-3011,"Adult Literacy, Remedial Education, and Ged Teachers and Instructors",,58310
25-3021,Self-Enrichment Education Teachers,,130440
25-4010,"Archivists, Curators, and Museum Technicians",,19970
25-4021,Librarians,,150280
25-4031,Library Technicians,,108580
25-9011,Audio-Visual Collections Specialists,,10320
25-9021,Farm and Home Management Advisors,,12540
25-9031,Instructional Coordinators,,88340
25-9041,Teacher Assistants,,1188910
27-0000,"Arts, Design, Entertainment, Sports, and Media Occupations",major,1508790
27-1011,Art Directors,,20880
27-1013,"Fine Artists, Including Painters, Sculptors, and Illustrators",,9710
27-1014,Multi-Media Artists and Animators,,30530
27-1021,Commercial and Industrial Designers,,33600
27-1022,Fashion Designers,,8890
27-1023,Floral Designers,,69660
27-1024,Graphic Designers,,136470
27-1025,Interior Designers,,39340
27-1026,Merchandise Displayers and Window Trimmers,,49520
27-1027,Set and Exhibit Designers,,7840
27-2011,Actors,,94470
27-2012,Producers and Directors,,52130
27-2021,Athletes and Sports Competitors,,10520
27-2022,Coaches and Scouts,,68670
27-2023,"Umpires, Referees, and Other Sports Officials",,8750
27-2031,Dancers,,17010
27-2032,Choreographers,,12660
27-2041,Music Directors and Composers,,7020
27-2042,Musicians and Singers,,55100
27-3010,Announcers,,50420
27-3020,"News Analysts, Reporters and Correspondents",,64130
27-3031,Public Relations Specialists,,132390
27-3041,Editors,,105130
27-3042,Technical Writers,,45900
27-3043,Writers and Authors,,40980
27-3091,Interpreters and Translators,,18900
27-4011,Audio and Video Equipment Technicians,,32960
27-4012,Broadcast Technicians,,31100
27-4013,Radio Operators,,3260
27-4014,Sound Engineering Technicians,,9350
27-4021,Photographers,,61250
27-4031,"Camera Operators, Television, Video, and Motion Picture",,22040
27-4032,Film and Video Editors,,13750
29-0000,Healthcare Practitioners and Technical Occupations,major,6118970
29-1011,Chiropractors,,18060
29-1020,Dentists,,87810
29-1031,Dietitians and Nutritionists,,43200
29-1041,Optometrists,,24230
29-1051,Pharmacists,,223630
29-1061,Anesthesiologists,,24700
29-1062,Family and General Practitioners,,135290
29-1063,"Internists, General",,53310
29-1064,Obstetricians and Gynecologists,,17230
29-1065,"Pediatricians, General",,24150
29-1066,Psychiatrists,,21620
29-1067,Surgeons,,48920
29-1071,Physician Assistants,,56200
29-1081,Podiatrists,,7620
29-1111,Registered Nurses,,2217990
29-1121,Audiologists,,11040
29-1122,Occupational Therapists,,77080
29-1123,Physical Therapists,,126450
29-1124,Radiation Therapists,,13460
29-1125,Recreational Therapists,,26830
29-1126,Respiratory Therapists,,82930
29-1127,Speech-Language Pathologists,,83110
29-1131,Veterinarians,,41240
29-2011,Medical and Clinical Laboratory Technologists,,145400
29-2012,Medical and Clinical Laboratory Technicians,,146920
29-2021,Dental Hygienists,,149880
29-2031,Cardiovascular Technologists and Technicians,,40990
29-2032,Diagnostic Medical Sonographers,,32990
29-2033,Nuclear Medicine Technologists,,17360
29-2034,Radiologic Technologists and Technicians,,168240
29-2041,Emergency Medical Technicians and Paramedics,,170690
29-2051,Dietetic Technicians,,28940
29-2052,Pharmacy Technicians,,207140
29-2053,Psychiatric Technicians,,59750
29-2054,Respiratory Therapy Technicians,,28700
29-2055,Surgical Technologists,,67460
29-2056,Veterinary Technologists and Technicians,,51790
29-2061,Licensed Practical and Licensed Vocational Nurses,,683790
29-2071,Medical Records and Health Information Technicians,,142170
29-2081,"Opticians, Dispensing",,63120
29-2091,Orthotists and Prosthetists,,4480
29-9010,Occupational Health and Safety Specialists and Technicians,,38800
29-9091,Athletic Trainers,,12580
31-0000,Healthcare Support Occupations,major,3122870
31-1011,Home Health Aides,,560190
31-1012,"Nursing Aides, Orderlies, and Attendants",,1307600
31-1013,Psychiatric Aides,,59640
31-2011,Occupational Therapist Assistants,,17520
31-2012,Occupational Therapist Aides,,7560
31-2021,Physical Therapist Assistants,,47810
31-2022,Physical Therapist Aides,,35250
31-9011,Massage Therapists,,26440
31-9091,Dental Assistants,,267840
31-9092,Medical Assistants,,345930
31-9093,Medical Equipment Preparers,,33540
31-9094,Medical Transcriptionists,,94090
31-9095,Pharmacy Aides,,58130
31-9096,Veterinary Assistants and Laboratory Animal Caretakers,,60050
33-0000,Protective Service Occupations,major,2957990
33-1011,First-Line Supervisors/Managers of Correctional Officers,,32090
33-1012,First-Line Supervisors/Managers of Police and Detectives,,113970
33-1021,First-Line Supervisors/Managers of Fire Fighting and Prevention Workers,,61260
33-2011,Fire Fighters,,275500
33-2021,Fire Inspectors and Investigators,,12160
33-2022,Forest Fire Inspectors and Prevention Specialists,,1030
33-3011,Bailiffs,,16330
33-3012,Correctional Officers and Jailers,,401250
33-3021,Detectives and Criminal Investigators,,87030
33-3031,Fish and Game Wardens,,7790
33-3041,Parking Enforcement Workers,,9160
33-3051,Police and Sheriff's Patrol Officers,,599550
33-3052,Transit and Railroad Police,,6750
33-9011,Animal Control Workers,,9360
33-9021,Private Detectives and Investigators,,31330
33-9031,Gaming Surveillance Officers and Gaming Investigators,,9470
33-9032,Security Guards,,995510
33-9091,Crossing Guards,,69990
35-0000,Food Preparation and Serving Related Occupations,major,9917660
35-1011,Chefs and Head Cooks,,114930
35-1012,First-Line Supervisors/Managers of Food Preparation and Serving Workers,,659380
35-2011,"Cooks, Fast Food",,601570
35-2012,"Cooks, Institution and Cafeteria",,418180
35-2014,"Cooks, Restaurant",,674050
35-2015,"Cooks, Short Order",,228710
35-2021,Food Preparation Workers,,855800
35-3011,Bartenders,,427010
35-3021,"Combined Food Preparation and Serving Workers, Including Fast Food",,2054250
35-3022,"Counter Attendants, Cafeteria, Food Concession, and Coffee Shop",,428780
35-3031,Waiters and Waitresses,,1981810
35-3041,"Food Servers, Nonrestaurant",,191030
35-9011,Dining Room and Cafeteria Attendants and Bartender Helpers,,389580
35-9021,Dishwashers,,488180
35-9031,"Hosts and Hostesses, Restaurant, Lounge, and Coffee Shop",,286750
37-0000,Building and Grounds Cleaning and Maintenance Occupations,major,4275340
37-1011,First-Line Supervisors/Managers of Housekeeping and Janitorial Workers,,202880
37-1012,"First-Line Supervisors/Managers of Landscaping, Lawn Service, and Groundskeeping Workers",,94930
37-2011,"Janitors and Cleaners, Except Maids and Housekeeping Cleaners",,2071920
37-2012,Maids and Housekeeping Cleaners,,917930
37-2021,Pest Control Workers,,56570
37-3011,Landscaping and Groundskeeping Workers,,772800
37-3012,"Pesticide Handlers, Sprayers, and Applicators, Vegetation",,22120
37-3013,Tree Trimmers and Pruners,,44850
39-0000,Personal Care and Service Occupations,major,2802050
39-1011,Gaming Supervisors,,25100
39-1012,Slot Key Persons,,12580
39-1021,First-Line Supervisors/Managers of Personal Service Workers,,98750
39-2011,Animal Trainers,,6860
39-2021,Nonfarm Animal Caretakers,,86230
39-3011,Gaming Dealers,,77540
39-3012,Gaming and Sports Book Writers and Runners,,11310
39-3021,Motion Picture Projectionists,,10280
39-3031,"Ushers, Lobby Attendants, and Ticket Takers",,101680
39-3091,Amusement and Recreation Attendants,,211950
39-3092,Costume Attendants,,3540
39-3093,"Locker Room, Coatroom, and Dressing Room Attendants",,19860
39-4011,Embalmers,,7980
39-4021,Funeral Attendants,,28960
39-5011,Barbers,,12290
39-5012,"Hairdressers, Hairstylists, and Cosmetologists",,329920
39-5091,"Makeup Artists, Theatrical and Performance",,1240
39-5092,Manicurists and Pedicurists,,30420
39-5093,Shampooers,,15230
39-5094,Skin Care Specialists,,14470
39-6011,Baggage Porters and Bellhops,,58020
39-6012,Concierges,,16180
39-6021,Tour Guides and Escorts,,28680
39-6022,Travel Guides,,5480
39-6031,Flight Attendants,,115750
39-6032,"Transportation Attendants, Except Flight Attendants and Baggage Porters",,25910
39-9011,Child Care Workers,,418540
39-9021,Personal and Home Care Aides,,408360
39-9031,Fitness Trainers and Aerobics Instructors,,160490
39-9032,Recreation Workers,,263460
39-9041,Residential Advisors,,53870
41-0000,Sales and Related Occupations,major,13418240
41-1011,First-Line Supervisors/Managers of Retail Sales Workers,,1252410
41-1012,First-Line Supervisors/Managers of Non-Retail Sales Workers,,309460
41-2011,Cashiers,,3387580
41-2012,Gaming Change Persons and Booth Cashiers,,33670
41-2021,Counter and Rental Clerks,,434250
41-2022,Parts Salespersons,,244410
41-2031,Retail Salespersons,,3917190
41-3011,Advertising Sales Agents,,144830
41-3021,Insurance Sales Agents,,269000
41-3031,"Securities, Commodities, and Financial Services Sales Agents",,270730
41-3041,Travel Agents,,111310
41-4011,"Sales Representatives, Wholesale and Manufacturing, Technical and Scientific Products",,370330
41-4012,"Sales Representatives, Wholesale and Manufacturing, Except Technical and Scientific Products",,1352800
41-9011,Demonstrators and Product Promoters,,96670
41-9012,Models,,2930
41-9021,Real Estate Brokers,,38530
41-9022,Real Estate Sales Agents,,118780
41-9031,Sales Engineers,,82850
41-9041,Telemarketers,,437510
41-9091,"Door-To-Door Sales Workers, News and Street Vendors, and Related Workers",,28090
43-0000,Office and Administrative Support Occupations,major,22798590
43-1011,First-Line Supervisors/Managers of Office and Administrative Support Workers,,1417720
43-2011,"Switchboard Operators, Including Answering Service",,227660
43-2021,Telephone Operators,,57500
43-3011,Bill and Account Collectors,,385800
43-3021,Billing and Posting Clerks and Machine Operators,,480610
43-3031,"Bookkeeping, Accounting, and Auditing Clerks",,1697890
43-3041,Gaming Cage Workers,,17140
43-3051,Payroll and Timekeeping Clerks,,188570
43-3061,Procurement Clerks,,74740
43-3071,Tellers,,532740
43-4011,Brokerage Clerks,,82730
43-4021,Correspondence Clerks,,34190
43-4031,"Court, Municipal, and License Clerks",,104060
43-4041,"Credit Authorizers, Checkers, and Clerks",,78450
43-4051,Customer Service Representatives,,1875370
43-4061,"Eligibility Interviewers, Government Programs",,97240
43-4071,File Clerks,,249970
43-4081,"Hotel, Motel, and Resort Desk Clerks",,176920
43-4111,"Interviewers, Except Eligibility and Loan",,171650
43-4121,"Library Assistants, Clerical",,106360
43-4131,Loan Interviewers and Clerks,,157680
43-4141,New Accounts Clerks,,99760
43-4151,Order Clerks,,338430
43-4161,"Human Resources Assistants, Except Payroll and Timekeeping",,164680
43-4171,Receptionists and Information Clerks,,1046590
43-4181,Reservation and Transportation Ticket Agents and Travel Clerks,,183280
43-5011,Cargo and Freight Agents,,60530
43-5021,Couriers and Messengers,,121670
43-5031,"Police, Fire, and Ambulance Dispatchers",,88550
43-5032,"Dispatchers, Except Police, Fire, and Ambulance",,170050
43-5041,"Meter Readers, Utilities",,52140
43-5051,Postal Service Clerks,,80760
43-5052,Postal Service Mail Carriers,,355120
43-5053,"Postal Service Mail Sorters, Processors, and Processing Machine Operators",,201150
43-5061,"Production, Planning, and Expediting Clerks",,302430
43-5071,"Shipping, Receiving, and Traffic Clerks",,802600
43-5081,Stock Clerks and Order Fillers,,1680640
43-5111,"Weighers, Measurers, Checkers, and Samplers, Recordkeeping",,78620
43-6011,Executive Secretaries and Administrative Assistants,,1384240
43-6012,Legal Secretaries,,263590
43-6013,Medical Secretaries,,334200
43-6014,"Secretaries, Except Legal, Medical, and Executive",,1800950
43-9011,Computer Operators,,177990
43-9021,Data Entry Keyers,,405000
43-9022,Word Processors and Typists,,229090
43-9031,Desktop Publishers,,34860
43-9041,Insurance Claims and Policy Processing Clerks,,258100
43-9051,"Mail Clerks and Mail Machine Operators, Except Postal Service",,166000
43-9061,"Office Clerks, General",,2791420
43-9071,"Office Machine Operators, Except Computer",,90240
43-9081,Proofreaders and Copy Markers,,25200
43-9111,Statistical Assistants,,25850
45-0000,"Farming, Fishing, and Forestry Occupations",major,453050
45-1011,"First-Line Supervisors/Managers of Farming, Fishing, and Forestry Workers",,22180
45-1012,Farm Labor Contractors,,6450
45-2011,Agricultural Inspectors,,13980
45-2021,Animal Breeders,,1630
45-2041,"Graders and Sorters, Agricultural Products",,54110
45-2091,Agricultural Equipment Operators,,26580
45-2092,"Farmworkers and Laborers, Crop, Nursery, and Greenhouse",,211020
45-2093,"Farmworkers, Farm and Ranch Animals",,34590
45-4011,Forest and Conservation Workers,,12750
45-4021,Fallers,,9790
45-4022,Logging Equipment Operators,,30930
45-4023,Log Graders and Scalers,,4950
47-0000,Construction and Extraction Occupations,major,6239430
47-1011,First-Line Supervisors/Managers of Construction Trades and Extraction Workers,,514750
47-2011,Boilermakers,,24390
47-2021,Brickmasons and Blockmasons,,109840
47-2022,Stonemasons,,11880
47-2031,Carpenters,,851610
47-2041,Carpet Installers,,36340
47-2042,"Floor Layers, Except Carpet, Wood, and Hard Tiles",,13560
47-2043,Floor Sanders and Finishers,,8230
47-2044,Tile and Marble Setters,,30390
47-2051,Cement Masons and Concrete Finishers,,176590
47-2053,Terrazzo Workers and Finishers,,5800
47-2061,Construction Laborers,,825390
47-2071,"Paving, Surfacing, and Tamping Equipment Operators",,57880
47-2072,Pile-Driver Operators,,4950
47-2073,Operating Engineers and Other Construction Equipment Operators,,353650
47-2081,Drywall and Ceiling Tile Installers,,121450
47-2082,Tapers,,37920
47-2111,Electricians,,625560
47-2121,Glaziers,,46960
47-2130,Insulation Workers,,54270
47-2141,"Painters, Construction and Maintenance",,256220
47-2142,Paperhangers,,9320
47-2151,Pipelayers,,56190
47-2152,"Plumbers, Pipefitters, and Steamfitters",,438290
47-2161,Plasterers and Stucco Masons,,53790
47-2171,Reinforcing Iron and Rebar Workers,,29610
47-2181,Roofers,,118160
47-2211,Sheet Metal Workers,,207960
47-2221,Structural Iron and Steel Workers,,78700
47-3011,"Helpers--Brickmasons, Blockmasons, Stonemasons, and Tile and Marble Setters",,64730
47-3012,Helpers--Carpenters,,99490
47-3013,Helpers--Electricians,,108070
47-3014,"Helpers--Painters, Paperhangers, Plasterers, and Stucco Masons",,29750
47-3015,"Helpers--Pipelayers, Plumbers, Pipefitters, and Steamfitters",,79980
47-3016,Helpers--Roofers,,24200
47-4011,Construction and Building Inspectors,,72200
47-4021,Elevator Installers and Repairers,,26450
47-4031,Fence Erectors,,20550
47-4041,Hazardous Materials Removal Workers,,36660
47-4051,Highway Maintenance Workers,,148390
47-4061,Rail-Track Laying and Maintenance Equipment Operators,,11680
47-4071,Septic Tank Servicers and Sewer Pipe Cleaners,,16200
47-4091,Segmental Pavers,,2670
47-5011,"Derrick Operators, Oil and Gas",,15150
47-5012,"Rotary Drill Operators, Oil and Gas",,15560
47-5013,"Service Unit Operators, Oil, Gas, and Mining",,13320
47-5021,"Earth Drillers, Except Oil and Gas",,19630
47-5031,"Explosives Workers, Ordnance Handling Experts, and Blasters",,4790
47-5041,Continuous Mining Machine Operators,,9560
47-5042,Mine Cutting and Channeling Machine Operators,,5860
47-5051,"Rock Splitters, Quarry",,2710
47-5061,"Roof Bolters, Mining",,3990
47-5071,"Roustabouts, Oil and Gas",,37010
47-5081,Helpers--Extraction Workers,,30910
49-0000,"Installation, Maintenance, and Repair Occupations",major,5323070
49-1011,"First-Line Supervisors/Managers of Mechanics, Installers, and Repairers",,441700
49-2011,"Computer, Automated Teller, and Office Machine Repairers",,143810
49-2021,Radio Mechanics,,6550
49-2022,"Telecommunications Equipment Installers and Repairers, Except Line Installers",,210650
49-2091,Avionics Technicians,,16340
49-2092,"Electric Motor, Power Tool, and Related Repairers",,29240
49-2093,"Electrical and Electronics Installers and Repairers, Transportation Equipment",,16650
49-2094,"Electrical and Electronics Repairers, Commercial and Industrial Equipment",,77780
49-2095,"Electrical and Electronics Repairers, Powerhouse, Substation, and Relay",,19680
49-2096,"Electronic Equipment Installers and Repairers, Motor Vehicles",,13210
49-2097,Electronic Home Entertainment Equipment Installers and Repairers,,29770
49-2098,Security and Fire Alarm Systems Installers,,42050
49-3011,Aircraft Mechanics and Service Technicians,,135250
49-3021,Automotive Body and Related Repairers,,168630
49-3022,Automotive Glass Installers and Repairers,,21550
49-3023,Automotive Service Technicians and Mechanics,,701150
49-3031,Bus and Truck Mechanics and Diesel Engine Specialists,,254420
49-3041,Farm Equipment Mechanics,,35420
49-3042,"Mobile Heavy Equipment Mechanics, Except Engines",,116260
49-3043,Rail Car Repairers,,11860
49-3051,Motorboat Mechanics,,18370
49-3052,Motorcycle Mechanics,,13290
49-3053,Outdoor Power Equipment and Other Small Engine Mechanics,,27250
49-3091,Bicycle Repairers,,7730
49-3092,Recreational Vehicle Service Technicians,,11830
49-3093,Tire Repairers and Changers,,86200
49-9011,Mechanical Door Repairers,,10510
49-9012,"Control and Valve Installers and Repairers, Except Mechanical Door",,37740
49-9021,"Heating, Air Conditioning, and Refrigeration Mechanics and Installers",,201850
49-9031,Home Appliance Repairers,,33640
49-9041,Industrial Machinery Mechanics,,187750
49-9042,"Maintenance and Repair Workers, General",,1232280
49-9043,"Maintenance Workers, Machinery",,98280
49-9044,Millwrights,,69800
49-9045,"Refractory Materials Repairers, Except Brickmasons",,3350
49-9051,Electrical Power-Line Installers and Repairers,,99140
49-9052,Telecommunications Line Installers and Repairers,,168260
49-9061,Camera and Photographic Equipment Repairers,,5580
49-9062,Medical Equipment Repairers,,22070
49-9063,Musical Instrument Repairers and Tuners,,4520
49-9064,Watch Repairers,,3680
49-9091,"Coin, Vending, and Amusement Machine Servicers and Repairers",,33100
49-9092,Commercial Divers,,3050
49-9093,"Fabric Menders, Except Garment",,2090
49-9094,Locksmiths and Safe Repairers,,13450
49-9095,Manufactured Building and Mobile Home Installers,,14140
49-9096,Riggers,,15340
49-9097,Signal and Track Switch Repairers,,8550
49-9098,"Helpers--Installation, Maintenance, and Repair Workers",,148390
51-0000,Production Occupations,major,11270210
51-1011,First-Line Supervisors/Managers of Production and Operating Workers,,733410
51-2011,"Aircraft Structure, Surfaces, Rigging, and Systems Assemblers",,33620
51-2021,"Coil Winders, Tapers, and Finishers",,43900
51-2022,Electrical and Electronic Equipment Assemblers,,302530
51-2023,Electromechanical Equipment Assemblers,,63930
51-2031,Engine and Other Machine Assemblers,,55820
51-2041,Structural Metal Fabricators and Fitters,,90480
51-2091,Fiberglass Laminators and Fabricators,,41520
51-2092,Team Assemblers,,1189840
51-2093,"Timing Device Assemblers, Adjusters, and Calibrators",,8550
51-3011,Bakers,,154410
51-3021,Butchers and Meat Cutters,,135630
51-3022,"Meat, Poultry, and Fish Cutters and Trimmers",,156670
51-3023,Slaughterers and Meat Packers,,117490
51-3091,"Food and Tobacco Roasting, Baking, and Drying Machine Operators and Tenders",,18720
51-3092,Food Batchmakers,,70540
51-3093,Food Cooking Machine Operators and Tenders,,34910
51-4011,"Computer-Controlled Machine Tool Operators, Metal and Plastic",,140540
51-4012,Numerical Tool and Process Control Programmers,,20800
51-4021,"Extruding and Drawing Machine Setters, Operators, and Tenders, Metal and Plastic",,102320
51-4022,"Forging Machine Setters, Operators, and Tenders, Metal and Plastic",,49760
51-4023,"Rolling Machine Setters, Operators, and Tenders, Metal and Plastic",,45090
51-4031,"Cutting, Punching, and Press Machine Setters, Operators, and Tenders, Metal and Plastic",,296070
51-4032,"Drilling and Boring Machine Tool Setters, Operators, and Tenders, Metal and Plastic",,58060
51-4033,"Grinding, Lapping, Polishing, and Buffing Machine Tool Setters, Operators, and Tenders, Metal and Plastic",,107300
51-4034,"Lathe and Turning Machine Tool Setters, Operators, and Tenders, Metal and Plastic",,75650
51-4035,"Milling and Planing Machine Setters, Operators, and Tenders, Metal and Plastic",,32680
51-4041,Machinists,,390090
51-4051,Metal-Refining Furnace Operators and Tenders,,19060
51-4052,"Pourers and Casters, Metal",,14580
51-4061,"Model Makers, Metal and Plastic",,8990
51-4062,"Patternmakers, Metal and Plastic",,6840
51-4071,Foundry Mold and Coremakers,,26170
51-4072,"Molding, Coremaking, and Casting Machine Setters, Operators, and Tenders, Metal and Plastic",,149000
51-4081,"Multiple Machine Tool Setters, Operators, and Tenders, Metal and Plastic",,101500
51-4111,Tool and Die Makers,,112960
51-4121,"Welders, Cutters, Solderers, and Brazers",,382400
51-4122,"Welding, Soldering, and Brazing Machine Setters, Operators, and Tenders",,60810
51-4191,"Heat Treating Equipment Setters, Operators, and Tenders, Metal and Plastic",,32490
51-4192,"Lay-Out Workers, Metal and Plastic",,14100
51-4193,"Plating and Coating Machine Setters, Operators, and Tenders, Metal and Plastic",,45940
51-4194,"Tool Grinders, Filers, and Sharpeners",,25410
51-5011,Bindery Workers,,93240
51-5012,Bookbinders,,7500
51-5021,Job Printers,,55210
51-5022,Prepress Technicians and Workers,,96580
51-5023,Printing Machine Operators,,198710
51-6011,Laundry and Dry-Cleaning Workers,,214520
51-6021,"Pressers, Textile, Garment, and Related Materials",,92730
51-6031,Sewing Machine Operators,,308380
51-6041,Shoe and Leather Workers and Repairers,,9970
51-6042,Shoe Machine Operators and Tenders,,6440
51-6051,"Sewers, Hand",,22550
51-6052,"Tailors, Dressmakers, and Custom Sewers",,31580
51-6061,Textile Bleaching and Dyeing Machine Operators and Tenders,,31650
51-6062,"Textile Cutting Machine Setters, Operators, and Tenders",,37250
51-6063,"Textile Knitting and Weaving Machine Setters, Operators, and Tenders",,57830
51-6064,"Textile Winding, Twisting, and Drawing Out Machine Setters, Operators, and Tenders",,68530
51-6091,"Extruding and Forming Machine Setters, Operators, and Tenders, Synthetic and Glass Fibers",,30370
51-6092,Fabric and Apparel Patternmakers,,12580
51-6093,Upholsterers,,39780
51-7011,Cabinetmakers and Bench Carpenters,,127640
51-7021,Furniture Finishers,,32140
51-7031,"Model Makers, Wood",,4320
51-7032,"Patternmakers, Wood",,4280
51-7041,"Sawing Machine Setters, Operators, and Tenders, Wood",,52740
51-7042,"Woodworking Machine Setters, Operators, and Tenders, Except Sawing",,91640
51-8011,Nuclear Power Reactor Operators,,3310
51-8012,Power Distributors and Dispatchers,,12840
51-8013,Power Plant Operators,,35030
51-8021,Stationary Engineers and Boiler Operators,,54330
51-8031,Water and Liquid Waste Treatment Plant and System Operators,,98440
51-8091,Chemical Plant and System Operators,,60340
51-8092,Gas Plant Operators,,12600
51-8093,"Petroleum Pump System Operators, Refinery Operators, and Gaugers",,34540
51-9011,Chemical Equipment Operators and Tenders,,53920
51-9012,"Separating, Filtering, Clarifying, Precipitating, and Still Machine Setters, Operators, and Tenders",,35380
51-9021,"Crushing, Grinding, and Polishing Machine Setters, Operators, and Tenders",,46470
51-9022,"Grinding and Polishing Workers, Hand",,44050
51-9023,"Mixing and Blending Machine Setters, Operators, and Tenders",,111610
51-9031,"Cutters and Trimmers, Hand",,31440
51-9032,"Cutting and Slicing Machine Setters, Operators, and Tenders",,76370
51-9041,"Extruding, Forming, Pressing, and Compacting Machine Setters, Operators, and Tenders",,76640
51-9051,"Furnace, Kiln, Oven, Drier, and Kettle Operators and Tenders",,30020
51-9061,"Inspectors, Testers, Sorters, Samplers, and Weighers",,525540
51-9071,Jewelers and Precious Stone and Metal Workers,,29030
51-9081,Dental Laboratory Technicians,,39750
51-9082,Medical Appliance Technicians,,12410
51-9083,Ophthalmic Laboratory Technicians,,34490
51-9111,Packaging and Filling Machine Operators and Tenders,,379750
51-9121,"Coating, Painting, and Spraying Machine Setters, Operators, and Tenders",,94050
51-9122,"Painters, Transportation Equipment",,44090
51-9123,"Painting, Coating, and Decorating Workers",,31770
51-9131,Photographic Process Workers,,25420
51-9132,Photographic Processing Machine Operators,,54500
51-9141,Semiconductor Processors,,51060
51-9191,Cementing and Gluing Machine Operators and Tenders,,29190
51-9192,"Cleaning, Washing, and Metal Pickling Equipment Operators and Tenders",,18070
51-9193,Cooling and Freezing Equipment Operators and Tenders,,7320
51-9194,Etchers and Engravers,,10330
51-9195,"Molders, Shapers, and Casters, Except Metal and Plastic",,39450
51-9196,"Paper Goods Machine Setters, Operators, and Tenders",,120880
51-9197,Tire Builders,,13410
51-9198,Helpers--Production Workers,,459440
53-0000,Transportation and Material Moving Occupations,major,9410660
53-1011,Aircraft Cargo Handling Supervisors,,9070
53-1021,"First-Line Supervisors/Managers of Helpers, Laborers, and Material Movers, Hand",,147490
53-1031,First-Line Supervisors/Managers of Transportation and Material-Moving Machine and Vehicle Operators,,197430
53-2011,"Airline Pilots, Copilots, and Flight Engineers",,88800
53-2012,Commercial Pilots,,18380
53-2021,Air Traffic Controllers,,22990
53-2022,Airfield Operations Specialists,,5390
53-3011,"Ambulance Drivers and Attendants, Except Emergency Medical Technicians",,17620
53-3021,"Bus Drivers, Transit and Intercity",,190530
53-3022,"Bus Drivers, School",,469100
53-3031,Driver/Sales Workers,,378220
53-3032,"Truck Drivers, Heavy and Tractor-Trailer",,1548480
53-3033,"Truck Drivers, Light Or Delivery Services",,996000
53-3041,Taxi Drivers and Chauffeurs,,125860
53-4011,Locomotive Engineers,,30730
53-4012,Locomotive Firers,,730
53-4013,"Rail Yard Engineers, Dinkey Operators, and Hostlers",,4840
53-4021,"Railroad Brake, Signal, and Switch Operators",,17070
53-4031,Railroad Conductors and Yardmasters,,40910
53-5011,Sailors and Marine Oilers,,28650
53-5021,"Captains, Mates, and Pilots of Water Vessels",,22180
53-5022,Motorboat Operators,,3410
53-5031,Ship Engineers,,7470
53-6011,Bridge and Lock Tenders,,4500
53-6021,Parking Lot Attendants,,109930
53-6031,Service Station Attendants,,107650
53-6041,Traffic Technicians,,5090
53-6051,Transportation Inspectors,,27670
53-7011,Conveyor Operators and Tenders,,61590
53-7021,Crane and Tower Operators,,51650
53-7031,Dredge Operators,,2920
53-7032,Excavating and Loading Machine and Dragline Operators,,70370
53-7033,"Loading Machine Operators, Underground Mining",,3370
53-7041,Hoist and Winch Operators,,9960
53-7051,Industrial Truck and Tractor Operators,,591790
53-7061,Cleaners of Vehicles and Equipment,,304500
53-7062,"Laborers and Freight, Stock, and Material Movers, Hand",,2098180
53-7063,Machine Feeders and Offbearers,,190080
53-7064,"Packers and Packagers, Hand",,951960
53-7071,Gas Compressor and Gas Pumping Station Operators,,6070
53-7072,"Pump Operators, Except Wellhead Pumpers",,12920
53-7073,Wellhead Pumpers,,9560
53-7081,Refuse and Recyclable Material Collectors,,125600
53-7111,Shuttle Car Operators,,3020
53-7121,"Tank Car, Truck, and Ship Loaders",,19430
