occ_code,occ_title,occ_group,emp_08
00-0000,All Occupations,,     135185230
11-0000,Management occupations,major,       6152650
11-1011,Chief executives,,        301930
11-1021,General and operations managers,,       1697690
11-1031,Legislators,,         64650
11-2011,Advertising and promotions managers,,         36100
11-2021,Marketing managers,,        166790
11-2022,Sales managers,,        333910
11-2031,Public relations managers,,         51730
11-3011,Administrative services managers,,        246930
11-3021,Computer and information systems managers,,        276820
11-3031,Financial managers,,        500590
11-3041,Compensation and benefits managers,,         38810
11-3042,Training and development managers,,         29350
11-3049,"Human resources managers, all other",,         60980
11-3051,Industrial production managers,,        154030
11-3061,Purchasing managers,,         67150
11-3071,"Transportation, storage, and distribution managers",,         96300
11-9011,"Farm, ranch, and other agricultural managers",,          3410
11-9012,Farmers and ranchers,,           490
11-9021,Construction managers,,        220550
11-9031,"Education administrators, preschool and child care center/program",,         49630
11-9032,"Education administrators, elementary and secondary school",,        219100
11-9033,"Education administrators, postsecondary",,         97410
11-9039,"Education administrators, all other",,         28090
11-9041,Engineering managers,,        182300
11-9051,Food service managers,,        196080
11-9061,Funeral directors,,         25680
11-9071,Gaming managers,,          3790
11-9081,Lodging managers,,         32460
11-9111,Medical and health services managers,,        258130
11-9121,Natural sciences managers,,         43060
11-9131,Postmasters and mail superintendents,,         26410
11-9141,"Property, real estate, and community association managers",,        159700
11-9151,Social and community service managers,,        117150
11-9199,"Managers, all other",,        365460
13-0000,Business and financial operations occupations,major,       6135520
13-1011,"Agents and business managers of artists, performers, and athletes",,         12110
13-1021,"Purchasing agents and buyers, farm products",,         13010
13-1022,"Wholesale and retail buyers, except farm products",,        132420
13-1023,"Purchasing agents, except wholesale, retail, and farm products",,        286990
13-1031,"Claims adjusters, examiners, and investigators",,        277230
13-1032,"Insurance appraisers, auto damage",,         11280
13-1041,"Compliance officers, except agriculture, construction, health and safety, and transportation",,        242270
13-1051,Cost estimators,,        218400
13-1061,Emergency management specialists,,         12260
13-1071,"Employment, recruitment, and placement specialists",,        205800
13-1072,"Compensation, benefits, and job analysis specialists",,        116250
13-1073,Training and development specialists,,        206890
13-1079,"Human resources, training, and labor relations specialists, all other",,        217440
13-1081,Logisticians,,         98590
13-1111,Management analysts,,        535850
13-1121,Meeting and convention planners,,         47960
13-1199,"Business operations specialists, all other",,       1030320
13-2011,Accountants and auditors,,       1133580
13-2021,Appraisers and assessors of real estate,,         66260
13-2031,Budget analysts,,         62630
13-2041,Credit analysts,,         74400
13-2051,Financial analysts,,        236720
13-2052,Personal financial advisors,,        146690
13-2053,Insurance underwriters,,         98690
13-2061,Financial examiners,,         26020
13-2071,Loan counselors,,         29430
13-2072,Loan officers,,        321850
13-2081,"Tax examiners, collectors, and revenue agents",,         66030
13-2082,Tax preparers,,         63030
13-2099,"Financial specialists, all other",,        145110
15-0000,Computer and mathematical science occupations,major,       3308260
15-1011,"Computer and information scientists, research",,         26610
15-1021,Computer programmers,,        394230
15-1031,"Computer software engineers, applications",,        494160
15-1032,"Computer software engineers, systems software",,        381830
15-1041,Computer support specialists,,        545520
15-1051,Computer systems analysts,,        489890
15-1061,Database administrators,,        115770
15-1071,Network and computer systems administrators,,        327850
15-1081,Network systems and data communications analysts,,        230410
15-1099,"Computer specialists, all other",,        191780
15-2011,Actuaries,,         18220
15-2021,Mathematicians,,          2770
15-2031,Operations research analysts,,         60860
15-2041,Statisticians,,         20680
15-2091,Mathematical technicians,,          1100
15-2099,"Mathematical scientists, all other",,          6600
17-0000,Architecture and engineering occupations,major,       2521630
17-1011,"Architects, except landscape and naval",,        110990
17-1012,Landscape architects,,         21130
17-1021,Cartographers and photogrammetrists,,         11690
17-1022,Surveyors,,         55780
17-2011,Aerospace engineers,,         67800
17-2021,Agricultural engineers,,          2640
17-2031,Biomedical engineers,,         15220
17-2041,Chemical engineers,,         30970
17-2051,Civil engineers,,        261360
17-2061,Computer hardware engineers,,         73370
17-2071,Electrical engineers,,        154670
17-2072,"Electronics engineers, except computer",,        139930
17-2081,Environmental engineers,,         52590
17-2111,"Health and safety engineers, except mining safety engineers and inspectors",,         25190
17-2112,Industrial engineers,,        214580
17-2121,Marine engineers and naval architects,,          6480
17-2131,Materials engineers,,         24160
17-2141,Mechanical engineers,,        233610
17-2151,"Mining and geological engineers, including mining safety engineers",,          6900
17-2161,Nuclear engineers,,         16640
17-2171,Petroleum engineers,,         20880
17-2199,"Engineers, all other",,        169240
17-3011,Architectural and civil drafters,,        114910
17-3012,Electrical and electronics drafters,,         32710
17-3013,Mechanical drafters,,         77070
17-3019,"Drafters, all other",,         20720
17-3021,Aerospace engineering and operations technicians,,          8540
17-3022,Civil engineering technicians,,         88140
17-3023,Electrical and electronic engineering technicians,,        162330
17-3024,Electro-mechanical technicians,,         16290
17-3025,Environmental engineering technicians,,         20740
17-3026,Industrial engineering technicians,,         72820
17-3027,Mechanical engineering technicians,,         45770
17-3029,"Engineering technicians, except drafters, all other",,         73870
17-3031,Surveying and mapping technicians,,         71920
19-0000,"Life, physical, and social science occupations",major,       1296840
19-1011,Animal scientists,,          2760
19-1012,Food scientists and technologists,,         10510
19-1013,Soil and plant scientists,,         10790
19-1021,Biochemists and biophysicists,,         22230
19-1022,Microbiologists,,         15750
19-1023,Zoologists and wildlife biologists,,         17780
19-1029,"Biological scientists, all other",,         28290
19-1031,Conservation scientists,,         15830
19-1032,Foresters,,         10160
19-1041,Epidemiologists,,          4370
19-1042,"Medical scientists, except epidemiologists",,         99750
19-1099,"Life scientists, all other",,         12030
19-2011,Astronomers,,          1280
19-2012,Physicists,,         14810
19-2021,Atmospheric and space scientists,,          8860
19-2031,Chemists,,         83080
19-2032,Materials scientists,,          9650
19-2041,"Environmental scientists and specialists, including health",,         80120
19-2042,"Geoscientists, except hydrologists and geographers",,         31260
19-2043,Hydrologists,,          7590
19-2099,"Physical scientists, all other",,         22900
19-3011,Economists,,         12600
19-3021,Market research analysts,,        230070
19-3022,Survey researchers,,         21100
19-3031,"Clinical, counseling, and school psychologists",,         97880
19-3032,Industrial-organizational psychologists,,          1460
19-3039,"Psychologists, all other",,          9870
19-3041,Sociologists,,          4390
19-3051,Urban and regional planners,,         37120
19-3091,Anthropologists and archeologists,,          5230
19-3092,Geographers,,          1120
19-3093,Historians,,          3700
19-3094,Political scientists,,          3530
19-3099,"Social scientists and related workers, all other",,         28680
19-4011,Agricultural and food science technicians,,         18930
19-4021,Biological technicians,,         72200
19-4031,Chemical technicians,,         65830
19-4041,Geological and petroleum technicians,,         14570
19-4051,Nuclear technicians,,          6360
19-4061,Social science research assistants,,         18120
19-4091,"Environmental science and protection technicians, including health",,         33370
19-4092,Forensic science technicians,,         11990
19-4093,Forest and conservation technicians,,         30850
19-4099,"Life, physical, and social science technicians, all other",,         58070
21-0000,Community and social services occupations,major,       1861750
21-1011,Substance abuse and behavioral disorder counselors,,         79180
21-1012,"Educational, vocational, and school counselors",,        243100
21-1013,Marriage and family therapists,,         24520
21-1014,Mental health counselors,,        104650
21-1015,Rehabilitation counselors,,        112700
21-1019,"Counselors, all other",,         29980
21-1021,"Child, family, and school social workers",,        274140
21-1022,Medical and public health social workers,,        131730
21-1023,Mental health and substance abuse social workers,,        131010
21-1029,"Social workers, all other",,         68230
21-1091,Health educators,,         62120
21-1092,Probation officers and correctional treatment specialists,,         97130
21-1093,Social and human service assistants,,        332880
21-1099,"Community and social service specialists, all other",,        107910
21-2011,Clergy,,         42040
21-2021,"Directors, religious activities and education",,         14790
21-2099,"Religious workers, all other",,          5640
23-0000,Legal occupations,major,       1003270
23-1011,Lawyers,,        553690
23-1021,"Administrative law judges, adjudicators, and hearing officers",,         13370
23-1022,"Arbitrators, mediators, and conciliators",,          9570
23-1023,"Judges, magistrate judges, and magistrates",,         25470
23-2011,Paralegals and legal assistants,,        253040
23-2091,Court reporters,,         17930
23-2092,Law clerks,,         31500
23-2093,"Title examiners, abstractors, and searchers",,         59390
23-2099,"Legal support workers, all other",,         39310
25-0000,"Education, training, and library occupations",major,       8451250
25-1011,"Business teachers, postsecondary",,         69690
25-1021,"Computer science teachers, postsecondary",,         32520
25-1022,"Mathematical science teachers, postsecondary",,         45710
25-1031,"Architecture teachers, postsecondary",,          6430
25-1032,"Engineering teachers, postsecondary",,         32070
25-1041,"Agricultural sciences teachers, postsecondary",,         10000
25-1042,"Biological science teachers, postsecondary",,         51930
25-1043,"Forestry and conservation science teachers, postsecondary",,          2450
25-1051,"Atmospheric, earth, marine, and space sciences teachers, postsecondary",,          9650
25-1052,"Chemistry teachers, postsecondary",,         19950
25-1053,"Environmental science teachers, postsecondary",,          4870
25-1054,"Physics teachers, postsecondary",,         12350
25-1061,"Anthropology and archeology teachers, postsecondary",,          5500
25-1062,"Area, ethnic, and cultural studies teachers, postsecondary",,          7570
25-1063,"Economics teachers, postsecondary",,         12540
25-1064,"Geography teachers, postsecondary",,          4030
25-1065,"Political science teachers, postsecondary",,         14340
25-1066,"Psychology teachers, postsecondary",,         31420
25-1067,"Sociology teachers, postsecondary",,         16440
25-1069,"Social sciences teachers, postsecondary, all other",,          5720
25-1071,"Health specialties teachers, postsecondary",,        125100
25-1072,"Nursing instructors and teachers, postsecondary",,         46890
25-1081,"Education teachers, postsecondary",,         55880
25-1082,"Library science teachers, postsecondary",,          3960
25-1111,"Criminal justice and law enforcement teachers, postsecondary",,         11630
25-1112,"Law teachers, postsecondary",,         12490
25-1113,"Social work teachers, postsecondary",,          7930
25-1121,"Art, drama, and music teachers, postsecondary",,         76810
25-1122,"Communications teachers, postsecondary",,         24360
25-1123,"English language and literature teachers, postsecondary",,         62230
25-1124,"Foreign language and literature teachers, postsecondary",,         26400
25-1125,"History teachers, postsecondary",,         21020
25-1126,"Philosophy and religion teachers, postsecondary",,         18370
25-1191,Graduate teaching assistants,,        124380
25-1192,"Home economics teachers, postsecondary",,          4820
25-1193,"Recreation and fitness studies teachers, postsecondary",,         17410
25-1194,"Vocational education teachers, postsecondary",,        112940
25-1199,"Postsecondary teachers, all other",,        242780
25-2011,"Preschool teachers, except special education",,        392170
25-2012,"Kindergarten teachers, except special education",,        174530
25-2021,"Elementary school teachers, except special education",,       1544270
25-2022,"Middle school teachers, except special and vocational education",,        661820
25-2023,"Vocational education teachers, middle school",,         15720
25-2031,"Secondary school teachers, except special and vocational education",,       1090490
25-2032,"Vocational education teachers, secondary school",,         99800
25-2041,"Special education teachers, preschool, kindergarten, and elementary school",,        226250
25-2042,"Special education teachers, middle school",,        100650
25-2043,"Special education teachers, secondary school",,        147210
25-3011,"Adult literacy, remedial education, and GED teachers and instructors",,         73050
25-3021,Self-enrichment education teachers,,        163190
25-3099,"Teachers and instructors, all other",,        574540
25-4011,Archivists,,          5330
25-4012,Curators,,         10820
25-4013,Museum technicians and conservators,,         10200
25-4021,Librarians,,        151170
25-4031,Library technicians,,        113510
25-9011,Audio-visual collections specialists,,          6160
25-9021,Farm and home management advisors,,         10760
25-9031,Instructional coordinators,,        122180
25-9041,Teacher assistants,,       1266900
25-9099,"Education, training, and library workers, all other",,         99900
27-0000,"Arts, design, entertainment, sports, and media occupations",major,       1804940
27-1011,Art directors,,         33670
27-1012,Craft artists,,          5440
27-1013,"Fine artists, including painters, sculptors, and illustrators",,          9380
27-1014,Multi-media artists and animators,,         31500
27-1019,"Artists and related workers, all other",,          8470
27-1021,Commercial and industrial designers,,         32940
27-1022,Fashion designers,,         16920
27-1023,Floral designers,,         57500
27-1024,Graphic designers,,        209290
27-1025,Interior designers,,         53290
27-1026,Merchandise displayers and window trimmers,,         63320
27-1027,Set and exhibit designers,,          7940
27-1029,"Designers, all other",,         11160
27-2011,Actors,,         44360
27-2012,Producers and directors,,         78060
27-2021,Athletes and sports competitors,,         13960
27-2022,Coaches and scouts,,        175720
27-2023,"Umpires, referees, and other sports officials",,         12970
27-2031,Dancers,,         11370
27-2032,Choreographers,,         13860
27-2041,Music directors and composers,,          9120
27-2042,Musicians and singers,,         47030
27-2099,"Entertainers and performers, sports and related workers, all other",,         36190
27-3011,Radio and television announcers,,         37290
27-3012,Public address system and other announcers,,          8280
27-3021,Broadcast news analysts,,          6310
27-3022,Reporters and correspondents,,         50690
27-3031,Public relations specialists,,        240610
27-3041,Editors,,        110010
27-3042,Technical writers,,         47460
27-3043,Writers and authors,,         44170
27-3091,Interpreters and translators,,         36610
27-3099,"Media and communication workers, all other",,         24470
27-4011,Audio and video equipment technicians,,         45200
27-4012,Broadcast technicians,,         33550
27-4013,Radio operators,,           820
27-4014,Sound engineering technicians,,         16600
27-4021,Photographers,,         61670
27-4031,"Camera operators, television, video, and motion picture",,         19270
27-4032,Film and video editors,,         18720
27-4099,"Media and communication equipment workers, all other",,         19770
29-0000,Healthcare practitioners and technical occupations,major,       7076800
29-1011,Chiropractors,,         27050
29-1021,"Dentists, general",,         85910
29-1022,Oral and maxillofacial surgeons,,          4760
29-1023,Orthodontists,,          5500
29-1024,Prosthodontists,,           370
29-1029,"Dentists, all other specialists",,          4770
29-1031,Dietitians and nutritionists,,         53630
29-1041,Optometrists,,         25970
29-1051,Pharmacists,,        266410
29-1061,Anesthesiologists,,         34230
29-1062,Family and general practitioners,,        106210
29-1063,"Internists, general",,         46980
29-1064,Obstetricians and gynecologists,,         19750
29-1065,"Pediatricians, general",,         29170
29-1066,Psychiatrists,,         22140
29-1067,Surgeons,,         47070
29-1069,"Physicians and surgeons, all other",,        262850
29-1071,Physician assistants,,         71950
29-1081,Podiatrists,,          9670
29-1111,Registered nurses,,       2542760
29-1121,Audiologists,,         12480
29-1122,Occupational therapists,,         94800
29-1123,Physical therapists,,        167300
29-1124,Radiation therapists,,         14850
29-1125,Recreational therapists,,         22510
29-1126,Respiratory therapists,,        103870
29-1127,Speech-language pathologists,,        107340
29-1129,"Therapists, all other",,         12960
29-1131,Veterinarians,,         53110
29-1199,"Health diagnosing and treating practitioners, all other",,         34890
29-2011,Medical and clinical laboratory technologists,,        166510
29-2012,Medical and clinical laboratory technicians,,        149670
29-2021,Dental hygienists,,        173090
29-2031,Cardiovascular technologists and technicians,,         48040
29-2032,Diagnostic medical sonographers,,         48920
29-2033,Nuclear medicine technologists,,         21200
29-2034,Radiologic technologists and technicians,,        208570
29-2041,Emergency medical technicians and paramedics,,        207610
29-2051,Dietetic technicians,,         24620
29-2052,Pharmacy technicians,,        324110
29-2053,Psychiatric technicians,,         54800
29-2054,Respiratory therapy technicians,,         16210
29-2055,Surgical technologists,,         89600
29-2056,Veterinary technologists and technicians,,         78920
29-2061,Licensed practical and licensed vocational nurses,,        730500
29-2071,Medical records and health information technicians,,        168650
29-2081,"Opticians, dispensing",,         59470
29-2091,Orthotists and prosthetists,,          5490
29-2099,"Health technologists and technicians, all other",,         74990
29-9011,Occupational health and safety specialists,,         53250
29-9012,Occupational health and safety technicians,,         10540
29-9091,Athletic trainers,,         15070
29-9099,"Healthcare practitioners and technical workers, all other",,         55750
31-0000,Healthcare support occupations,major,       3779280
31-1011,Home health aides,,        892410
31-1012,"Nursing aides, orderlies, and attendants",,       1422720
31-1013,Psychiatric aides,,         59050
31-2011,Occupational therapist assistants,,         25610
31-2012,Occupational therapist aides,,          7410
31-2021,Physical therapist assistants,,         61820
31-2022,Physical therapist aides,,         44410
31-9011,Massage therapists,,         51250
31-9091,Dental assistants,,        293090
31-9092,Medical assistants,,        475950
31-9093,Medical equipment preparers,,         44340
31-9094,Medical transcriptionists,,         86200
31-9095,Pharmacy aides,,         53190
31-9096,Veterinary assistants and laboratory animal caretakers,,         71950
31-9099,"Healthcare support workers, all other",,        189890
33-0000,Protective service occupations,major,       3128960
33-1011,First-line supervisors/managers of correctional officers,,         40840
33-1012,First-line supervisors/managers of police and detectives,,         92840
33-1021,First-line supervisors/managers of fire fighting and prevention workers,,         53300
33-1099,"First-line supervisors/managers, protective service workers, all other",,         49310
33-2011,Fire fighters,,        298900
33-2021,Fire inspectors and investigators,,         12920
33-2022,Forest fire inspectors and prevention specialists,,          1580
33-3011,Bailiffs,,         19290
33-3012,Correctional officers and jailers,,        428040
33-3021,Detectives and criminal investigators,,        104480
33-3031,Fish and game wardens,,          7720
33-3041,Parking enforcement workers,,          9530
33-3051,Police and sheriff's patrol officers,,        633710
33-3052,Transit and railroad police,,          3830
33-9011,Animal control workers,,         15480
33-9021,Private detectives and investigators,,         35820
33-9031,Gaming surveillance officers and gaming investigators,,          9100
33-9032,Security guards,,       1046760
33-9091,Crossing guards,,         68530
33-9092,"Lifeguards, ski patrol, and other recreational protective service workers",,        111560
33-9099,"Protective service workers, all other",,         85440
35-0000,Food preparation and serving related occupations,major,      11438550
35-1011,Chefs and head cooks,,         98040
35-1012,First-line supervisors/managers of food preparation and serving workers,,        805360
35-2011,"Cooks, fast food",,        559160
35-2012,"Cooks, institution and cafeteria",,        370920
35-2013,"Cooks, private household",,           960
35-2014,"Cooks, restaurant",,        899620
35-2015,"Cooks, short order",,        168770
35-2019,"Cooks, all other",,         17340
35-2021,Food preparation workers,,        880480
35-3011,Bartenders,,        503420
35-3021,"Combined food preparation and serving workers, including fast food",,       2708840
35-3022,"Counter attendants, cafeteria, food concession, and coffee shop",,        527530
35-3031,Waiters and waitresses,,       2371750
35-3041,"Food servers, nonrestaurant",,        188390
35-9011,Dining room and cafeteria attendants and bartender helpers,,        416410
35-9021,Dishwashers,,        521150
35-9031,"Hosts and hostesses, restaurant, lounge, and coffee shop",,        349990
35-9099,"Food preparation and serving related workers, all other",,         50420
37-0000,Building and grounds cleaning and maintenance occupations,major,       4429870
37-1011,First-line supervisors/managers of housekeeping and janitorial workers,,        183560
37-1012,"First-line supervisors/managers of landscaping, lawn service, and groundskeeping workers",,        108940
37-2011,"Janitors and cleaners, except maids and housekeeping cleaners",,       2145320
37-2012,Maids and housekeeping cleaners,,        917120
37-2019,"Building cleaning workers, all other",,         13580
37-2021,Pest control workers,,         63180
37-3011,Landscaping and groundskeeping workers,,        921900
37-3012,"Pesticide handlers, sprayers, and applicators, vegetation",,         25060
37-3013,Tree trimmers and pruners,,         35420
37-3019,"Grounds maintenance workers, all other",,         15790
39-0000,Personal care and service occupations,major,       3437520
39-1011,Gaming supervisors,,         26110
39-1012,Slot key persons,,         15390
39-1021,First-line supervisors/managers of personal service workers,,        129070
39-2011,Animal trainers,,         10030
39-2021,Nonfarm animal caretakers,,        126740
39-3011,Gaming dealers,,         91130
39-3012,Gaming and sports book writers and runners,,         16140
39-3019,"Gaming service workers, all other",,         13910
39-3021,Motion picture projectionists,,         10200
39-3031,"Ushers, lobby attendants, and ticket takers",,        106570
39-3091,Amusement and recreation attendants,,        258820
39-3092,Costume attendants,,          5120
39-3093,"Locker room, coatroom, and dressing room attendants",,         18170
39-3099,"Entertainment attendants and related workers, all other",,         43930
39-4011,Embalmers,,          8090
39-4021,Funeral attendants,,         33060
39-5011,Barbers,,         10330
39-5012,"Hairdressers, hairstylists, and cosmetologists",,        355990
39-5091,"Makeup artists, theatrical and performance",,          1930
39-5092,Manicurists and pedicurists,,         51590
39-5093,Shampooers,,         15570
39-5094,Skin care specialists,,         26300
39-6011,Baggage porters and bellhops,,         49770
39-6012,Concierges,,         20380
39-6021,Tour guides and escorts,,         31760
39-6022,Travel guides,,          4510
39-6031,Flight attendants,,         99480
39-6032,"Transportation attendants, except flight attendants and baggage porters",,         21870
39-9011,Child care workers,,        581670
39-9021,Personal and home care aides,,        614190
39-9031,Fitness trainers and aerobics instructors,,        229030
39-9032,Recreation workers,,        282680
39-9041,Residential advisors,,         52240
39-9099,"Personal care and service workers, all other",,         75780
41-0000,Sales and related occupations,major,      14336430
41-1011,First-line supervisors/managers of retail sales workers,,       1186270
41-1012,First-line supervisors/managers of non-retail sales workers,,        275390
41-2011,Cashiers,,       3545610
41-2012,Gaming change persons and booth cashiers,,         22280
41-2021,Counter and rental clerks,,        448480
41-2022,Parts salespersons,,        226530
41-2031,Retail salespersons,,       4426280
41-3011,Advertising sales agents,,        161550
41-3021,Insurance sales agents,,        327780
41-3031,"Securities, commodities, and financial services sales agents",,        271900
41-3041,Travel agents,,         86420
41-3099,"Sales representatives, services, all other",,        569130
41-4011,"Sales representatives, wholesale and manufacturing, technical and scientific products",,        415120
41-4012,"Sales representatives, wholesale and manufacturing, except technical and scientific products",,       1493760
41-9011,Demonstrators and product promoters,,         83540
41-9012,Models,,          1660
41-9021,Real estate brokers,,         51390
41-9022,Real estate sales agents,,        164080
41-9031,Sales engineers,,         78030
41-9041,Telemarketers,,        345220
41-9091,"Door-to-door sales workers, news and street vendors, and related workers",,          9520
41-9099,"Sales and related workers, all other",,        146480
43-0000,Office and administrative support occupations,major,      23231750
43-1011,First-line supervisors/managers of office and administrative support workers,,       1404330
43-2011,"Switchboard operators, including answering service",,        153860
43-2021,Telephone operators,,         22820
43-2099,"Communications equipment operators, all other",,          3500
43-3011,Bill and account collectors,,        408760
43-3021,Billing and posting clerks and machine operators,,        512120
43-3031,"Bookkeeping, accounting, and auditing clerks",,       1855010
43-3041,Gaming cage workers,,         17060
43-3051,Payroll and timekeeping clerks,,        203210
43-3061,Procurement clerks,,         79610
43-3071,Tellers,,        600380
43-4011,Brokerage clerks,,         68430
43-4021,Correspondence clerks,,         13450
43-4031,"Court, municipal, and license clerks",,        115070
43-4041,"Credit authorizers, checkers, and clerks",,         65020
43-4051,Customer service representatives,,       2233270
43-4061,"Eligibility interviewers, government programs",,        112510
43-4071,File clerks,,        204760
43-4081,"Hotel, motel, and resort desk clerks",,        230230
43-4111,"Interviewers, except eligibility and loan",,        224690
43-4121,"Library assistants, clerical",,        114740
43-4131,Loan interviewers and clerks,,        212340
43-4141,New accounts clerks,,         87300
43-4151,Order clerks,,        248030
43-4161,"Human resources assistants, except payroll and timekeeping",,        164340
43-4171,Receptionists and information clerks,,       1097610
43-4181,Reservation and transportation ticket agents and travel clerks,,        163880
43-4199,All other information and record clerks,,        215780
43-5011,Cargo and freight agents,,         85950
43-5021,Couriers and messengers,,         96110
43-5031,"Police, fire, and ambulance dispatchers",,         96360
43-5032,"Dispatchers, except police, fire, and ambulance",,        193210
43-5041,"Meter readers, utilities",,         44730
43-5051,Postal service clerks,,         78250
43-5052,Postal service mail carriers,,        354570
43-5053,"Postal service mail sorters, processors, and processing machine operators",,        185770
43-5061,"Production, planning, and expediting clerks",,        281660
43-5071,"Shipping, receiving, and traffic clerks",,        760950
43-5081,Stock clerks and order fillers,,       1873390
43-5111,"Weighers, measurers, checkers, and samplers, recordkeeping",,         72720
43-6011,Executive secretaries and administrative assistants,,       1491520
43-6012,Legal secretaries,,        257810
43-6013,Medical secretaries,,        454500
43-6014,"Secretaries, except legal, medical, and executive",,       1872070
43-9011,Computer operators,,        107450
43-9021,Data entry keyers,,        272810
43-9022,Word processors and typists,,        128010
43-9031,Desktop publishers,,         26210
43-9041,Insurance claims and policy processing clerks,,        237800
43-9051,"Mail clerks and mail machine operators, except postal service",,        137350
43-9061,"Office clerks, general",,       2906600
43-9071,"Office machine operators, except computer",,         79470
43-9081,Proofreaders and copy markers,,         15300
43-9111,Statistical assistants,,         16900
43-9199,"Office and administrative support workers, all other",,        272190
45-0000,"Farming, fishing, and forestry occupations",major,        438490
45-1011,"First-line supervisors/managers of farming, fishing, and forestry workers",,         20800
45-1012,Farm labor contractors,,          1110
45-2011,Agricultural inspectors,,         14340
45-2021,Animal breeders,,          2080
45-2041,"Graders and sorters, agricultural products",,         37500
45-2091,Agricultural equipment operators,,         22110
45-2092,"Farmworkers and laborers, crop, nursery, and greenhouse",,        242390
45-2093,"Farmworkers, farm and ranch animals",,         38110
45-2099,"Agricultural workers, all other",,          7680
45-3011,Fishers and related fishing workers,,          1110
45-4011,Forest and conservation workers,,          8280
45-4021,Fallers,,          7120
45-4022,Logging equipment operators,,         27010
45-4023,Log graders and scalers,,          3610
45-4029,"Logging workers, all other",,          5180
47-0000,Construction and extraction occupations,major,       6548760
47-1011,First-line supervisors/managers of construction trades and extraction workers,,        577390
47-2011,Boilermakers,,         20400
47-2021,Brickmasons and blockmasons,,        106270
47-2022,Stonemasons,,         18910
47-2031,Carpenters,,        899920
47-2041,Carpet installers,,         34390
47-2042,"Floor layers, except carpet, wood, and hard tiles",,         14250
47-2043,Floor sanders and finishers,,          8220
47-2044,Tile and marble setters,,         51210
47-2051,Cement masons and concrete finishers,,        201730
47-2053,Terrazzo workers and finishers,,          5550
47-2061,Construction laborers,,       1020290
47-2071,"Paving, surfacing, and tamping equipment operators",,         61230
47-2072,Pile-driver operators,,          4790
47-2073,Operating engineers and other construction equipment operators,,        398910
47-2081,Drywall and ceiling tile installers,,        128740
47-2082,Tapers,,         31850
47-2111,Electricians,,        633010
47-2121,Glaziers,,         51730
47-2131,"Insulation workers, floor, ceiling, and wall",,         28390
47-2132,"Insulation workers, mechanical",,         30150
47-2141,"Painters, construction and maintenance",,        250310
47-2142,Paperhangers,,          4610
47-2151,Pipelayers,,         54440
47-2152,"Plumbers, pipefitters, and steamfitters",,        437540
47-2161,Plasterers and stucco masons,,         43290
47-2171,Reinforcing iron and rebar workers,,         28620
47-2181,Roofers,,        120200
47-2211,Sheet metal workers,,        163480
47-2221,Structural iron and steel workers,,         68670
47-3011,"Helpers--brickmasons, blockmasons, stonemasons, and tile and marble setters",,         53300
47-3012,Helpers--carpenters,,         81260
47-3013,Helpers--electricians,,        104050
47-3014,"Helpers--painters, paperhangers, plasterers, and stucco masons",,         19900
47-3015,"Helpers--pipelayers, plumbers, pipefitters, and steamfitters",,         79870
47-3016,Helpers--roofers,,         18730
47-3019,"Helpers, construction trades, all other",,         27210
47-4011,Construction and building inspectors,,         96000
47-4021,Elevator installers and repairers,,         25070
47-4031,Fence erectors,,         25710
47-4041,Hazardous materials removal workers,,         42500
47-4051,Highway maintenance workers,,        136420
47-4061,Rail-track laying and maintenance equipment operators,,         15020
47-4071,Septic tank servicers and sewer pipe cleaners,,         24730
47-4091,Segmental pavers,,          1170
47-4099,"Construction and related workers, all other",,         55820
47-5011,"Derrick operators, oil and gas",,         23590
47-5012,"Rotary drill operators, oil and gas",,         27020
47-5013,"Service unit operators, oil, gas, and mining",,         36850
47-5021,"Earth drillers, except oil and gas",,         20220
47-5031,"Explosives workers, ordnance handling experts, and blasters",,          6060
47-5041,Continuous mining machine operators,,         10920
47-5042,Mine cutting and channeling machine operators,,          9190
47-5049,"Mining machine operators, all other",,          4650
47-5051,"Rock splitters, quarry",,          4210
47-5061,"Roof bolters, mining",,          4950
47-5071,"Roustabouts, oil and gas",,         62540
47-5081,Helpers--extraction workers,,         25550
47-5099,"Extraction workers, all other",,          7800
49-0000,"Installation, maintenance, and repair occupations",major,       5374850
49-1011,"First-line supervisors/managers of mechanics, installers, and repairers",,        443840
49-2011,"Computer, automated teller, and office machine repairers",,        122400
49-2021,Radio mechanics,,          5440
49-2022,"Telecommunications equipment installers and repairers, except line installers",,        195170
49-2091,Avionics technicians,,         18360
49-2092,"Electric motor, power tool, and related repairers",,         23400
49-2093,"Electrical and electronics installers and repairers, transportation equipment",,         15860
49-2094,"Electrical and electronics repairers, commercial and industrial equipment",,         77270
49-2095,"Electrical and electronics repairers, powerhouse, substation, and relay",,         23180
49-2096,"Electronic equipment installers and repairers, motor vehicles",,         19980
49-2097,Electronic home entertainment equipment installers and repairers,,         38680
49-2098,Security and fire alarm systems installers,,         62720
49-3011,Aircraft mechanics and service technicians,,        116310
49-3021,Automotive body and related repairers,,        147200
49-3022,Automotive glass installers and repairers,,         18330
49-3023,Automotive service technicians and mechanics,,        649460
49-3031,Bus and truck mechanics and diesel engine specialists,,        248620
49-3041,Farm equipment mechanics,,         30240
49-3042,"Mobile heavy equipment mechanics, except engines",,        125930
49-3043,Rail car repairers,,         20780
49-3051,Motorboat mechanics,,         19640
49-3052,Motorcycle mechanics,,         16850
49-3053,Outdoor power equipment and other small engine mechanics,,         26440
49-3091,Bicycle repairers,,          9690
49-3092,Recreational vehicle service technicians,,         13400
49-3093,Tire repairers and changers,,         98520
49-9011,Mechanical door repairers,,         17530
49-9012,"Control and valve installers and repairers, except mechanical door",,         43900
49-9021,"Heating, air conditioning, and refrigeration mechanics and installers",,        261610
49-9031,Home appliance repairers,,         37300
49-9041,Industrial machinery mechanics,,        280620
49-9042,"Maintenance and repair workers, general",,       1305170
49-9043,"Maintenance workers, machinery",,         73650
49-9044,Millwrights,,         46250
49-9045,"Refractory materials repairers, except brickmasons",,          2450
49-9051,Electrical power-line installers and repairers,,        111580
49-9052,Telecommunications line installers and repairers,,        168050
49-9061,Camera and photographic equipment repairers,,          3820
49-9062,Medical equipment repairers,,         34260
49-9063,Musical instrument repairers and tuners,,          5310
49-9064,Watch repairers,,          2770
49-9069,"Precision instrument and equipment repairers, all other",,         12990
49-9091,"Coin, vending, and amusement machine servicers and repairers",,         41280
49-9092,Commercial divers,,          2370
49-9093,"Fabric menders, except garment",,           960
49-9094,Locksmiths and safe repairers,,         18500
49-9095,Manufactured building and mobile home installers,,          8290
49-9096,Riggers,,         13490
49-9097,Signal and track switch repairers,,          6570
49-9098,"Helpers--installation, maintenance, and repair workers",,        149350
49-9099,"Installation, maintenance, and repair workers, all other",,        139100
51-0000,Production occupations,major,       9919120
51-1011,First-line supervisors/managers of production and operating workers,,        658500
51-2011,"Aircraft structure, surfaces, rigging, and systems assemblers",,         43330
51-2021,"Coil winders, tapers, and finishers",,         22160
51-2022,Electrical and electronic equipment assemblers,,        215230
51-2023,Electromechanical equipment assemblers,,         62310
51-2031,Engine and other machine assemblers,,         39270
51-2041,Structural metal fabricators and fitters,,        111620
51-2091,Fiberglass laminators and fabricators,,         30890
51-2092,Team assemblers,,       1131060
51-2093,"Timing device assemblers, adjusters, and calibrators",,          2700
51-2099,"Assemblers and fabricators, all other",,        318060
51-3011,Bakers,,        141130
51-3021,Butchers and meat cutters,,        128210
51-3022,"Meat, poultry, and fish cutters and trimmers",,        166150
51-3023,Slaughterers and meat packers,,         97000
51-3091,"Food and tobacco roasting, baking, and drying machine operators and tenders",,         17870
51-3092,Food batchmakers,,         99170
51-3093,Food cooking machine operators and tenders,,         39300
51-4011,"Computer-controlled machine tool operators, metal and plastic",,        143030
51-4012,Numerical tool and process control programmers,,         16990
51-4021,"Extruding and drawing machine setters, operators, and tenders, metal and plastic",,         92160
51-4022,"Forging machine setters, operators, and tenders, metal and plastic",,         28800
51-4023,"Rolling machine setters, operators, and tenders, metal and plastic",,         34970
51-4031,"Cutting, punching, and press machine setters, operators, and tenders, metal and plastic",,        242970
51-4032,"Drilling and boring machine tool setters, operators, and tenders, metal and plastic",,         33550
51-4033,"Grinding, lapping, polishing, and buffing machine tool setters, operators, and tenders, metal and plastic",,         91990
51-4034,"Lathe and turning machine tool setters, operators, and tenders, metal and plastic",,         56500
51-4035,"Milling and planing machine setters, operators, and tenders, metal and plastic",,         26220
51-4041,Machinists,,        419070
51-4051,Metal-refining furnace operators and tenders,,         19280
51-4052,"Pourers and casters, metal",,         15320
51-4061,"Model makers, metal and plastic",,          8990
51-4062,"Patternmakers, metal and plastic",,          6220
51-4071,Foundry mold and coremakers,,         15240
51-4072,"Molding, coremaking, and casting machine setters, operators, and tenders, metal and plastic",,        145760
51-4081,"Multiple machine tool setters, operators, and tenders, metal and plastic",,         87800
51-4111,Tool and die makers,,         85610
51-4121,"Welders, cutters, solderers, and brazers",,        392520
51-4122,"Welding, soldering, and brazing machine setters, operators, and tenders",,         51840
51-4191,"Heat treating equipment setters, operators, and tenders, metal and plastic",,         23630
51-4192,"Lay-out workers, metal and plastic",,          8340
51-4193,"Plating and coating machine setters, operators, and tenders, metal and plastic",,         40300
51-4194,"Tool grinders, filers, and sharpeners",,         16410
51-4199,"Metal workers and plastic workers, all other",,         43690
51-5011,Bindery workers,,         60560
51-5012,Bookbinders,,          6150
51-5021,Job printers,,         42640
51-5022,Prepress technicians and workers,,         61170
51-5023,Printing machine operators,,        193510
51-6011,Laundry and dry-cleaning workers,,        221230
51-6021,"Pressers, textile, garment, and related materials",,         67500
51-6031,Sewing machine operators,,        190440
51-6041,Shoe and leather workers and repairers,,          8170
51-6042,Shoe machine operators and tenders,,          4910
51-6051,"Sewers, hand",,          7050
51-6052,"Tailors, dressmakers, and custom sewers",,         31700
51-6061,Textile bleaching and dyeing machine operators and tenders,,         16180
51-6062,"Textile cutting machine setters, operators, and tenders",,         20170
51-6063,"Textile knitting and weaving machine setters, operators, and tenders",,         30250
51-6064,"Textile winding, twisting, and drawing out machine setters, operators, and tenders",,         36540
51-6091,"Extruding and forming machine setters, operators, and tenders, synthetic and glass fibers",,         14440
51-6092,Fabric and apparel patternmakers,,          7500
51-6093,Upholsterers,,         39090
51-6099,"Textile, apparel, and furnishings workers, all other",,         17430
51-7011,Cabinetmakers and bench carpenters,,        120960
51-7021,Furniture finishers,,         21630
51-7031,"Model makers, wood",,          1740
51-7032,"Patternmakers, wood",,          1930
51-7041,"Sawing machine setters, operators, and tenders, wood",,         51830
51-7042,"Woodworking machine setters, operators, and tenders, except sawing",,         88510
51-7099,"Woodworkers, all other",,         11260
51-8011,Nuclear power reactor operators,,          4970
51-8012,Power distributors and dispatchers,,          9820
51-8013,Power plant operators,,         34700
51-8021,Stationary engineers and boiler operators,,         39000
51-8031,Water and liquid waste treatment plant and system operators,,        110300
51-8091,Chemical plant and system operators,,         44600
51-8092,Gas plant operators,,         14500
51-8093,"Petroleum pump system operators, refinery operators, and gaugers",,         45710
51-8099,"Plant and system operators, all other",,         12370
51-9011,Chemical equipment operators and tenders,,         52890
51-9012,"Separating, filtering, clarifying, precipitating, and still machine setters, operators, and tenders",,         41200
51-9021,"Crushing, grinding, and polishing machine setters, operators, and tenders",,         41270
51-9022,"Grinding and polishing workers, hand",,         40290
51-9023,"Mixing and blending machine setters, operators, and tenders",,        140120
51-9031,"Cutters and trimmers, hand",,         24700
51-9032,"Cutting and slicing machine setters, operators, and tenders",,         76500
51-9041,"Extruding, forming, pressing, and compacting machine setters, operators, and tenders",,         85130
51-9051,"Furnace, kiln, oven, drier, and kettle operators and tenders",,         22950
51-9061,"Inspectors, testers, sorters, samplers, and weighers",,        467010
51-9071,Jewelers and precious stone and metal workers,,         24780
51-9081,Dental laboratory technicians,,         42640
51-9082,Medical appliance technicians,,         12930
51-9083,Ophthalmic laboratory technicians,,         32930
51-9111,Packaging and filling machine operators and tenders,,        357480
51-9121,"Coating, painting, and spraying machine setters, operators, and tenders",,        103310
51-9122,"Painters, transportation equipment",,         50310
51-9123,"Painting, coating, and decorating workers",,         31200
51-9131,Photographic process workers,,         21040
51-9132,Photographic processing machine operators,,         49550
51-9141,Semiconductor processors,,         32230
51-9191,Cementing and gluing machine operators and tenders,,         19640
51-9192,"Cleaning, washing, and metal pickling equipment operators and tenders",,         18870
51-9193,Cooling and freezing equipment operators and tenders,,          9940
51-9194,Etchers and engravers,,         10760
51-9195,"Molders, shapers, and casters, except metal and plastic",,         41900
51-9196,"Paper goods machine setters, operators, and tenders",,        104170
51-9197,Tire builders,,         21740
51-9198,Helpers--production workers,,        499870
51-9199,"Production workers, all other",,        280160
53-0000,Transportation and material moving occupations,major,       9508750
53-1011,Aircraft cargo handling supervisors,,          4950
53-1021,"First-line supervisors/managers of helpers, laborers, and material movers, hand",,        186230
53-1031,First-line supervisors/managers of transportation and material-moving machine and vehicle operators,,        218480
53-2011,"Airline pilots, copilots, and flight engineers",,         77090
53-2012,Commercial pilots,,         31250
53-2021,Air traffic controllers,,         24260
53-2022,Airfield operations specialists,,          8050
53-3011,"Ambulance drivers and attendants, except emergency medical technicians",,         21790
53-3021,"Bus drivers, transit and intercity",,        184160
53-3022,"Bus drivers, school",,        460100
53-3031,Driver/sales workers,,        372720
53-3032,"Truck drivers, heavy and tractor-trailer",,       1672580
53-3033,"Truck drivers, light or delivery services",,        908960
53-3041,Taxi drivers and chauffeurs,,        170520
53-3099,"Motor vehicle operators, all other",,         78610
53-4011,Locomotive engineers,,         42760
53-4012,Locomotive firers,,           970
53-4013,"Rail yard engineers, dinkey operators, and hostlers",,          5480
53-4021,"Railroad brake, signal, and switch operators",,         24610
53-4031,Railroad conductors and yardmasters,,         39580
53-4041,Subway and streetcar operators,,          7430
53-4099,"Rail transportation workers, all other",,          4660
53-5011,Sailors and marine oilers,,         32420
53-5021,"Captains, mates, and pilots of water vessels",,         30600
53-5022,Motorboat operators,,          3380
53-5031,Ship engineers,,         11190
53-6011,Bridge and lock tenders,,          4490
53-6021,Parking lot attendants,,        136470
53-6031,Service station attendants,,         84480
53-6041,Traffic technicians,,          7030
53-6051,Transportation inspectors,,         24940
53-6099,"Transportation workers, all other",,         43330
53-7011,Conveyor operators and tenders,,         41920
53-7021,Crane and tower operators,,         44490
53-7031,Dredge operators,,          1910
53-7032,Excavating and loading machine and dragline operators,,         65160
53-7033,"Loading machine operators, underground mining",,          3670
53-7041,Hoist and winch operators,,          2810
53-7051,Industrial truck and tractor operators,,        620450
53-7061,Cleaners of vehicles and equipment,,        330850
53-7062,"Laborers and freight, stock, and material movers, hand",,       2335510
53-7063,Machine feeders and offbearers,,        144820
53-7064,"Packers and packagers, hand",,        777630
53-7071,Gas compressor and gas pumping station operators,,          4050
53-7072,"Pump operators, except wellhead pumpers",,          9280
53-7073,Wellhead pumpers,,         17050
53-7081,Refuse and recyclable material collectors,,        129080
53-7111,Shuttle car operators,,          3050
53-7121,"Tank car, truck, and ship loaders",,         12330
53-7199,"Material moving workers, all other",,         41140
