occ_code,occ_title,occ_group,emp_15
00-0000,All Occupations,total,137896660
11-0000,Management Occupations,major,6936990
11-1000,Top Executives,minor,2439900
11-1010,Chief Executives,broad,238940
11-1011,Chief Executives,detailed,238940
11-1020,General and Operations Managers,broad,2145140
11-1021,General and Operations Managers,detailed,2145140
11-1030,Legislators,broad,55820
11-1031,Legislators,detailed,55820
11-2000,"Advertising, Marketing, Promotions, Public Relations, and Sales Managers",minor,647360
11-2010,Advertising and Promotions Managers,broad,29340
11-2011,Advertising and Promotions Managers,detailed,29340
11-2020,Marketing and Sales Managers,broad,557640
11-2021,Marketing Managers,detailed,192890
11-2022,Sales Managers,detailed,364750
11-2030,Public Relations and Fundraising Managers,broad,60380
11-2031,Public Relations and Fundraising Managers,detailed,60380
11-3000,Operations Specialties Managers,minor,1663790
11-3010,Administrative Services Managers,broad,270080
11-3011,Administrative Services Managers,detailed,270080
11-3020,Computer and Information Systems Managers,broad,341250
11-3021,Computer and Information Systems Managers,detailed,341250
11-3030,Financial Managers,broad,531120
11-3031,Financial Managers,detailed,531120
11-3050,Industrial Production Managers,broad,169390
11-3051,Industrial Production Managers,detailed,169390
11-3060,Purchasing Managers,broad,72600
11-3061,Purchasing Managers,detailed,72600
11-3070,"Transportation, Storage, and Distribution Managers",broad,109210
11-3071,"Transportation, Storage, and Distribution Managers",detailed,109210
11-3110,Compensation and Benefits Managers,broad,15930
11-3111,Compensation and Benefits Managers,detailed,15930
11-3120,Human Resources Managers,broad,122780
11-3121,Human Resources Managers,detailed,122780
11-3130,Training and Development Managers,broad,31430
11-3131,Training and Development Managers,detailed,31430
11-9000,Other Management Occupations,minor,2185950
11-9010,"Farmers, Ranchers, and Other Agricultural Managers",broad,4370
11-9013,"Farmers, Ranchers, and Other Agricultural Managers",detailed,4370
11-9020,Construction Managers,broad,239640
11-9021,Construction Managers,detailed,239640
11-9030,Education Administrators,broad,449430
11-9031,"Education Administrators, Preschool and Childcare Center/Program",detailed,46760
11-9032,"Education Administrators, Elementary and Secondary School",detailed,235110
11-9033,"Education Administrators, Postsecondary",detailed,135690
11-9039,"Education Administrators, All Other",detailed,31880
11-9040,Architectural and Engineering Managers,broad,179770
11-9041,Architectural and Engineering Managers,detailed,179770
11-9050,Food Service Managers,broad,201370
11-9051,Food Service Managers,detailed,201370
11-9060,Funeral Service Managers,broad,8300
11-9061,Funeral Service Managers,detailed,8300
11-9070,Gaming Managers,broad,3950
11-9071,Gaming Managers,detailed,3950
11-9080,Lodging Managers,broad,35480
11-9081,Lodging Managers,detailed,35480
11-9110,Medical and Health Services Managers,broad,314950
11-9111,Medical and Health Services Managers,detailed,314950
11-9120,Natural Sciences Managers,broad,53450
11-9121,Natural Sciences Managers,detailed,53450
11-9130,Postmasters and Mail Superintendents,broad,14770
11-9131,Postmasters and Mail Superintendents,detailed,14770
11-9140,"Property, Real Estate, and Community Association Managers",broad,174410
11-9141,"Property, Real Estate, and Community Association Managers",detailed,174410
11-9150,Social and Community Service Managers,broad,119770
11-9151,Social and Community Service Managers,detailed,119770
11-9160,Emergency Management Directors,broad,9840
11-9161,Emergency Management Directors,detailed,9840
11-9190,Miscellaneous Managers,broad,376440
11-9199,"Managers, All Other",detailed,376440
13-0000,Business and Financial Operations Occupations,major,7032560
13-1000,Business Operations Specialists,minor,4424800
13-1010,"Agents and Business Managers of Artists, Performers, and Athletes",broad,13230
13-1011,"Agents and Business Managers of Artists, Performers, and Athletes",detailed,13230
13-1020,Buyers and Purchasing Agents,broad,414900
13-1021,"Buyers and Purchasing Agents, Farm Products",detailed,12160
13-1022,"Wholesale and Retail Buyers, Except Farm Products",detailed,111200
13-1023,"Purchasing Agents, Except Wholesale, Retail, and Farm Products",detailed,291540
13-1030,"Claims Adjusters, Appraisers, Examiners, and Investigators",broad,286870
13-1031,"Claims Adjusters, Examiners, and Investigators",detailed,271600
13-1032,"Insurance Appraisers, Auto Damage",detailed,15270
13-1040,Compliance Officers,broad,257010
13-1041,Compliance Officers,detailed,257010
13-1050,Cost Estimators,broad,216270
13-1051,Cost Estimators,detailed,216270
13-1070,Human Resources Workers,broad,571640
13-1071,Human Resources Specialists,detailed,491090
13-1074,Farm Labor Contractors,detailed,1230
13-1075,Labor Relations Specialists,detailed,79330
13-1080,Logisticians,broad,133770
13-1081,Logisticians,detailed,133770
13-1110,Management Analysts,broad,614110
13-1111,Management Analysts,detailed,614110
13-1120,"Meeting, Convention, and Event Planners",broad,87400
13-1121,"Meeting, Convention, and Event Planners",detailed,87400
13-1130,Fundraisers,broad,62720
13-1131,Fundraisers,detailed,62720
13-1140,"Compensation, Benefits, and Job Analysis Specialists",broad,79780
13-1141,"Compensation, Benefits, and Job Analysis Specialists",detailed,79780
13-1150,Training and Development Specialists,broad,254060
13-1151,Training and Development Specialists,detailed,254060
13-1160,Market Research Analysts and Marketing Specialists,broad,506420
13-1161,Market Research Analysts and Marketing Specialists,detailed,506420
13-1190,Miscellaneous Business Operations Specialists,broad,926610
13-1199,"Business Operations Specialists, All Other",detailed,926610
13-2000,Financial Specialists,minor,2607760
13-2010,Accountants and Auditors,broad,1226910
13-2011,Accountants and Auditors,detailed,1226910
13-2020,Appraisers and Assessors of Real Estate,broad,60290
13-2021,Appraisers and Assessors of Real Estate,detailed,60290
13-2030,Budget Analysts,broad,56300
13-2031,Budget Analysts,detailed,56300
13-2040,Credit Analysts,broad,70840
13-2041,Credit Analysts,detailed,70840
13-2050,Financial Analysts and Advisors,broad,555900
13-2051,Financial Analysts,detailed,268360
13-2052,Personal Financial Advisors,detailed,197580
13-2053,Insurance Underwriters,detailed,89960
13-2060,Financial Examiners,broad,44200
13-2061,Financial Examiners,detailed,44200
13-2070,Credit Counselors and Loan Officers,broad,334380
13-2071,Credit Counselors,detailed,30510
13-2072,Loan Officers,detailed,303870
13-2080,"Tax Examiners, Collectors and Preparers, and Revenue Agents",broad,131700
13-2081,"Tax Examiners and Collectors, and Revenue Agents",detailed,59640
13-2082,Tax Preparers,detailed,72060
13-2090,Miscellaneous Financial Specialists,broad,127250
13-2099,"Financial Specialists, All Other",detailed,127250
15-0000,Computer and Mathematical Occupations,major,4005250
15-1100,Computer Occupations,minor,3853860
15-1110,Computer and Information Research Scientists,broad,25510
15-1111,Computer and Information Research Scientists,detailed,25510
15-1120,Computer and Information Analysts,broad,645550
15-1121,Computer Systems Analysts,detailed,556660
15-1122,Information Security Analysts,detailed,88880
15-1130,Software Developers and Programmers,broad,1554960
15-1131,Computer Programmers,detailed,289420
15-1132,"Software Developers, Applications",detailed,747730
15-1133,"Software Developers, Systems Software",detailed,390750
15-1134,Web Developers,detailed,127070
15-1140,Database and Systems Administrators and Network Architects,broad,634850
15-1141,Database Administrators,detailed,113770
15-1142,Network and Computer Systems Administrators,detailed,374480
15-1143,Computer Network Architects,detailed,146600
15-1150,Computer Support Specialists,broad,769630
15-1151,Computer User Support Specialists,detailed,585060
15-1152,Computer Network Support Specialists,detailed,184570
15-1190,Miscellaneous Computer Occupations,broad,223370
15-1199,"Computer Occupations, All Other",detailed,223370
15-2000,Mathematical Science Occupations,minor,151380
15-2010,Actuaries,broad,19770
15-2011,Actuaries,detailed,19770
15-2020,Mathematicians,broad,3170
15-2021,Mathematicians,detailed,3170
15-2030,Operations Research Analysts,broad,95860
15-2031,Operations Research Analysts,detailed,95860
15-2040,Statisticians,broad,29870
15-2041,Statisticians,detailed,29870
15-2090,Miscellaneous Mathematical Science Occupations,broad,2700
15-2091,Mathematical Technicians,detailed,820
15-2099,"Mathematical Science Occupations, All Other",detailed,1880
17-0000,Architecture and Engineering Occupations,major,2475390
17-1000,"Architects, Surveyors, and Cartographers",minor,168660
17-1010,"Architects, Except Naval",broad,113550
17-1011,"Architects, Except Landscape and Naval",detailed,93720
17-1012,Landscape Architects,detailed,19820
17-1020,"Surveyors, Cartographers, and Photogrammetrists",broad,55110
17-1021,Cartographers and Photogrammetrists,detailed,11970
17-1022,Surveyors,detailed,43140
17-2000,Engineers,minor,1610480
17-2010,Aerospace Engineers,broad,66980
17-2011,Aerospace Engineers,detailed,66980
17-2020,Agricultural Engineers,broad,2330
17-2021,Agricultural Engineers,detailed,2330
17-2030,Biomedical Engineers,broad,20890
17-2031,Biomedical Engineers,detailed,20890
17-2040,Chemical Engineers,broad,32230
17-2041,Chemical Engineers,detailed,32230
17-2050,Civil Engineers,broad,275210
17-2051,Civil Engineers,detailed,275210
17-2060,Computer Hardware Engineers,broad,75870
17-2061,Computer Hardware Engineers,detailed,75870
17-2070,Electrical and Electronics Engineers,broad,313970
17-2071,Electrical Engineers,detailed,178580
17-2072,"Electronics Engineers, Except Computer",detailed,135390
17-2080,Environmental Engineers,broad,52600
17-2081,Environmental Engineers,detailed,52600
17-2110,"Industrial Engineers, Including Health and Safety",broad,272470
17-2111,"Health and Safety Engineers, Except Mining Safety Engineers and Inspectors",detailed,24900
17-2112,Industrial Engineers,detailed,247570
17-2120,Marine Engineers and Naval Architects,broad,7600
17-2121,Marine Engineers and Naval Architects,detailed,7600
17-2130,Materials Engineers,broad,27040
17-2131,Materials Engineers,detailed,27040
17-2140,Mechanical Engineers,broad,278340
17-2141,Mechanical Engineers,detailed,278340
17-2150,"Mining and Geological Engineers, Including Mining Safety Engineers",broad,8000
17-2151,"Mining and Geological Engineers, Including Mining Safety Engineers",detailed,8000
17-2160,Nuclear Engineers,broad,16880
17-2161,Nuclear Engineers,detailed,16880
17-2170,Petroleum Engineers,broad,34600
17-2171,Petroleum Engineers,detailed,34600
17-2190,Miscellaneous Engineers,broad,125460
17-2199,"Engineers, All Other",detailed,125460
17-3000,"Drafters, Engineering Technicians, and Mapping Technicians",minor,696250
17-3010,Drafters,broad,205190
17-3011,Architectural and Civil Drafters,detailed,95280
17-3012,Electrical and Electronics Drafters,detailed,29200
17-3013,Mechanical Drafters,detailed,65250
17-3019,"Drafters, All Other",detailed,15470
17-3020,"Engineering Technicians, Except Drafters",broad,437440
17-3021,Aerospace Engineering and Operations Technicians,detailed,12890
17-3022,Civil Engineering Technicians,detailed,71440
17-3023,Electrical and Electronics Engineering Technicians,detailed,139080
17-3024,Electro-Mechanical Technicians,detailed,14720
17-3025,Environmental Engineering Technicians,detailed,17360
17-3026,Industrial Engineering Technicians,detailed,62290
17-3027,Mechanical Engineering Technicians,detailed,48910
17-3029,"Engineering Technicians, Except Drafters, All Other",detailed,70750
17-3030,Surveying and Mapping Technicians,broad,53620
17-3031,Surveying and Mapping Technicians,detailed,53620
19-0000,"Life, Physical, and Social Science Occupations",major,1146110
19-1000,Life Scientists,minor,281440
19-1010,Agricultural and Food Scientists,broad,31700
19-1011,Animal Scientists,detailed,2430
19-1012,Food Scientists and Technologists,detailed,14660
19-1013,Soil and Plant Scientists,detailed,14610
19-1020,Biological Scientists,broad,101970
19-1021,Biochemists and Biophysicists,detailed,30800
19-1022,Microbiologists,detailed,21210
19-1023,Zoologists and Wildlife Biologists,detailed,17910
19-1029,"Biological Scientists, All Other",detailed,32050
19-1030,Conservation Scientists and Foresters,broad,28790
19-1031,Conservation Scientists,detailed,20200
19-1032,Foresters,detailed,8590
19-1040,Medical Scientists,broad,109900
19-1041,Epidemiologists,detailed,5460
19-1042,"Medical Scientists, Except Epidemiologists",detailed,104440
19-1090,Miscellaneous Life Scientists,broad,9070
19-1099,"Life Scientists, All Other",detailed,9070
19-2000,Physical Scientists,minor,266060
19-2010,Astronomers and Physicists,broad,17410
19-2011,Astronomers,detailed,1760
19-2012,Physicists,detailed,15650
19-2020,Atmospheric and Space Scientists,broad,10370
19-2021,Atmospheric and Space Scientists,detailed,10370
19-2030,Chemists and Materials Scientists,broad,91520
19-2031,Chemists,detailed,84720
19-2032,Materials Scientists,detailed,6790
19-2040,Environmental Scientists and Geoscientists,broad,125630
19-2041,"Environmental Scientists and Specialists, Including Health",detailed,87250
19-2042,"Geoscientists, Except Hydrologists and Geographers",detailed,31800
19-2043,Hydrologists,detailed,6580
19-2090,Miscellaneous Physical Scientists,broad,21130
19-2099,"Physical Scientists, All Other",detailed,21130
19-3000,Social Scientists and Related Workers,minor,239170
19-3010,Economists,broad,19090
19-3011,Economists,detailed,19090
19-3020,Survey Researchers,broad,13650
19-3022,Survey Researchers,detailed,13650
19-3030,Psychologists,broad,118990
19-3031,"Clinical, Counseling, and School Psychologists",detailed,105600
19-3032,Industrial-Organizational Psychologists,detailed,990
19-3039,"Psychologists, All Other",detailed,12400
19-3040,Sociologists,broad,2620
19-3041,Sociologists,detailed,2620
19-3050,Urban and Regional Planners,broad,35480
19-3051,Urban and Regional Planners,detailed,35480
19-3090,Miscellaneous Social Scientists and Related Workers,broad,49340
19-3091,Anthropologists and Archeologists,detailed,6980
19-3092,Geographers,detailed,1280
19-3093,Historians,detailed,3010
19-3094,Political Scientists,detailed,3910
19-3099,"Social Scientists and Related Workers, All Other",detailed,34160
19-4000,"Life, Physical, and Social Science Technicians",minor,359440
19-4010,Agricultural and Food Science Technicians,broad,20260
19-4011,Agricultural and Food Science Technicians,detailed,20260
19-4020,Biological Technicians,broad,72900
19-4021,Biological Technicians,detailed,72900
19-4030,Chemical Technicians,broad,64770
19-4031,Chemical Technicians,detailed,64770
19-4040,Geological and Petroleum Technicians,broad,16820
19-4041,Geological and Petroleum Technicians,detailed,16820
19-4050,Nuclear Technicians,broad,6500
19-4051,Nuclear Technicians,detailed,6500
19-4060,Social Science Research Assistants,broad,28060
19-4061,Social Science Research Assistants,detailed,28060
19-4090,"Miscellaneous Life, Physical, and Social Science Technicians",broad,150140
19-4091,"Environmental Science and Protection Technicians, Including Health",detailed,34250
19-4092,Forensic Science Technicians,detailed,14070
19-4093,Forest and Conservation Technicians,detailed,29810
19-4099,"Life, Physical, and Social Science Technicians, All Other",detailed,72020
21-0000,Community and Social Service Occupations,major,1972140
21-1000,"Counselors, Social Workers, and Other Community and Social Service Specialists",minor,1895770
21-1010,Counselors,broad,628820
21-1011,Substance Abuse and Behavioral Disorder Counselors,detailed,87090
21-1012,"Educational, Guidance, School, and Vocational Counselors",detailed,253460
21-1013,Marriage and Family Therapists,detailed,32070
21-1014,Mental Health Counselors,detailed,128200
21-1015,Rehabilitation Counselors,detailed,101630
21-1019,"Counselors, All Other",detailed,26370
21-1020,Social Workers,broad,619300
21-1021,"Child, Family, and School Social Workers",detailed,294080
21-1022,Healthcare Social Workers,detailed,155590
21-1023,Mental Health and Substance Abuse Social Workers,detailed,110070
21-1029,"Social Workers, All Other",detailed,59570
21-1090,Miscellaneous Community and Social Service Specialists,broad,647650
21-1091,Health Educators,detailed,57570
21-1092,Probation Officers and Correctional Treatment Specialists,detailed,87950
21-1093,Social and Human Service Assistants,detailed,359350
21-1094,Community Health Workers,detailed,48130
21-1099,"Community and Social Service Specialists, All Other",detailed,94670
21-2000,Religious Workers,minor,76370
21-2010,Clergy,broad,48250
21-2011,Clergy,detailed,48250
21-2020,"Directors, Religious Activities and Education",broad,20280
21-2021,"Directors, Religious Activities and Education",detailed,20280
21-2090,Miscellaneous Religious Workers,broad,7840
21-2099,"Religious Workers, All Other",detailed,7840
23-0000,Legal Occupations,major,1062370
23-1000,"Lawyers, Judges, and Related Workers",minor,672580
23-1010,Lawyers and Judicial Law Clerks,broad,622590
23-1011,Lawyers,detailed,609930
23-1012,Judicial Law Clerks,detailed,12660
23-1020,"Judges, Magistrates, and Other Judicial Workers",broad,49990
23-1021,"Administrative Law Judges, Adjudicators, and Hearing Officers",detailed,14590
23-1022,"Arbitrators, Mediators, and Conciliators",detailed,6380
23-1023,"Judges, Magistrate Judges, and Magistrates",detailed,29020
23-2000,Legal Support Workers,minor,389790
23-2010,Paralegals and Legal Assistants,broad,271930
23-2011,Paralegals and Legal Assistants,detailed,271930
23-2090,Miscellaneous Legal Support Workers,broad,117850
23-2091,Court Reporters,detailed,17670
23-2093,"Title Examiners, Abstractors, and Searchers",detailed,54620
23-2099,"Legal Support Workers, All Other",detailed,45570
25-0000,"Education, Training, and Library Occupations",major,8542670
25-1000,Postsecondary Teachers,minor,1531350
25-1010,"Business Teachers, Postsecondary",broad,84890
25-1011,"Business Teachers, Postsecondary",detailed,84890
25-1020,"Math and Computer Teachers, Postsecondary",broad,87610
25-1021,"Computer Science Teachers, Postsecondary",detailed,33760
25-1022,"Mathematical Science Teachers, Postsecondary",detailed,53850
25-1030,"Engineering and Architecture Teachers, Postsecondary",broad,44610
25-1031,"Architecture Teachers, Postsecondary",detailed,7340
25-1032,"Engineering Teachers, Postsecondary",detailed,37270
25-1040,"Life Sciences Teachers, Postsecondary",broad,62990
25-1041,"Agricultural Sciences Teachers, Postsecondary",detailed,9680
25-1042,"Biological Science Teachers, Postsecondary",detailed,51640
25-1043,"Forestry and Conservation Science Teachers, Postsecondary",detailed,1660
25-1050,"Physical Sciences Teachers, Postsecondary",broad,52200
25-1051,"Atmospheric, Earth, Marine, and Space Sciences Teachers, Postsecondary",detailed,10890
25-1052,"Chemistry Teachers, Postsecondary",detailed,21460
25-1053,"Environmental Science Teachers, Postsecondary",detailed,5540
25-1054,"Physics Teachers, Postsecondary",detailed,14310
25-1060,"Social Sciences Teachers, Postsecondary",broad,116420
25-1061,"Anthropology and Archeology Teachers, Postsecondary",detailed,6000
25-1062,"Area, Ethnic, and Cultural Studies Teachers, Postsecondary",detailed,9240
25-1063,"Economics Teachers, Postsecondary",detailed,13580
25-1064,"Geography Teachers, Postsecondary",detailed,4350
25-1065,"Political Science Teachers, Postsecondary",detailed,17460
25-1066,"Psychology Teachers, Postsecondary",detailed,38380
25-1067,"Sociology Teachers, Postsecondary",detailed,16160
25-1069,"Social Sciences Teachers, Postsecondary, All Other",detailed,11250
25-1070,"Health Teachers, Postsecondary",broad,236290
25-1071,"Health Specialties Teachers, Postsecondary",detailed,178900
25-1072,"Nursing Instructors and Teachers, Postsecondary",detailed,57390
25-1080,"Education and Library Science Teachers, Postsecondary",broad,65160
25-1081,"Education Teachers, Postsecondary",detailed,60260
25-1082,"Library Science Teachers, Postsecondary",detailed,4910
25-1110,"Law, Criminal Justice, and Social Work Teachers, Postsecondary",broad,42720
25-1111,"Criminal Justice and Law Enforcement Teachers, Postsecondary",detailed,14560
25-1112,"Law Teachers, Postsecondary",detailed,16430
25-1113,"Social Work Teachers, Postsecondary",detailed,11740
25-1120,"Arts, Communications, and Humanities Teachers, Postsecondary",broad,280710
25-1121,"Art, Drama, and Music Teachers, Postsecondary",detailed,98310
25-1122,"Communications Teachers, Postsecondary",detailed,29050
25-1123,"English Language and Literature Teachers, Postsecondary",detailed,75730
25-1124,"Foreign Language and Literature Teachers, Postsecondary",detailed,30120
25-1125,"History Teachers, Postsecondary",detailed,23680
25-1126,"Philosophy and Religion Teachers, Postsecondary",detailed,23820
25-1190,Miscellaneous Postsecondary Teachers,broad,457750
25-1191,Graduate Teaching Assistants,detailed,125100
25-1192,"Home Economics Teachers, Postsecondary",detailed,3650
25-1193,"Recreation and Fitness Studies Teachers, Postsecondary",detailed,17980
25-1194,"Vocational Education Teachers, Postsecondary",detailed,119800
25-1199,"Postsecondary Teachers, All Other",detailed,191220
25-2000,"Preschool, Primary, Secondary, and Special Education School Teachers",minor,4080100
25-2010,Preschool and Kindergarten Teachers,broad,528330
25-2011,"Preschool Teachers, Except Special Education",detailed,370190
25-2012,"Kindergarten Teachers, Except Special Education",detailed,158150
25-2020,Elementary and Middle School Teachers,broad,2027280
25-2021,"Elementary School Teachers, Except Special Education",detailed,1381430
25-2022,"Middle School Teachers, Except Special and Career/Technical Education",detailed,632760
25-2023,"Career/Technical Education Teachers, Middle School",detailed,13090
25-2030,Secondary School Teachers,broad,1040250
25-2031,"Secondary School Teachers, Except Special and Career/Technical Education",detailed,962820
25-2032,"Career/Technical Education Teachers, Secondary School",detailed,77430
25-2050,Special Education Teachers,broad,484240
25-2051,"Special Education Teachers, Preschool",detailed,29230
25-2052,"Special Education Teachers, Kindergarten and Elementary School",detailed,195780
25-2053,"Special Education Teachers, Middle School",detailed,91050
25-2054,"Special Education Teachers, Secondary School",detailed,129770
25-2059,"Special Education Teachers, All Other",detailed,38410
25-3000,Other Teachers and Instructors,minor,1182320
25-3010,Adult Basic and Secondary Education and Literacy Teachers and Instructors,broad,65110
25-3011,Adult Basic and Secondary Education and Literacy Teachers and Instructors,detailed,65110
25-3020,Self-Enrichment Education Teachers,broad,217530
25-3021,Self-Enrichment Education Teachers,detailed,217530
25-3090,Miscellaneous Teachers and Instructors,broad,899670
25-3097,"Teachers and Instructors, All Other, Except Substitute Teachers",detailed,272920
25-3098,Substitute Teachers,detailed,626750
25-4000,"Librarians, Curators, and Archivists",minor,253810
25-4010,"Archivists, Curators, and Museum Technicians",broad,28080
25-4011,Archivists,detailed,5460
25-4012,Curators,detailed,11870
25-4013,Museum Technicians and Conservators,detailed,10750
25-4020,Librarians,broad,131550
25-4021,Librarians,detailed,131550
25-4030,Library Technicians,broad,94170
25-4031,Library Technicians,detailed,94170
25-9000,"Other Education, Training, and Library Occupations",minor,1495090
25-9010,Audio-Visual and Multimedia Collections Specialists,broad,10170
25-9011,Audio-Visual and Multimedia Collections Specialists,detailed,10170
25-9020,Farm and Home Management Advisors,broad,8760
25-9021,Farm and Home Management Advisors,detailed,8760
25-9030,Instructional Coordinators,broad,139460
25-9031,Instructional Coordinators,detailed,139460
25-9040,Teacher Assistants,broad,1228440
25-9041,Teacher Assistants,detailed,1228440
25-9090,"Miscellaneous Education, Training, and Library Workers",broad,108270
25-9099,"Education, Training, and Library Workers, All Other",detailed,108270
27-0000,"Arts, Design, Entertainment, Sports, and Media Occupations",major,1843600
27-1000,Art and Design Workers,minor,559820
27-1010,Artists and Related Workers,broad,90150
27-1011,Art Directors,detailed,34690
27-1012,Craft Artists,detailed,5270
27-1013,"Fine Artists, Including Painters, Sculptors, and Illustrators",detailed,12240
27-1014,Multimedia Artists and Animators,detailed,30240
27-1019,"Artists and Related Workers, All Other",detailed,7700
27-1020,Designers,broad,469670
27-1021,Commercial and Industrial Designers,detailed,31330
27-1022,Fashion Designers,detailed,19040
27-1023,Floral Designers,detailed,44350
27-1024,Graphic Designers,detailed,204850
27-1025,Interior Designers,detailed,51050
27-1026,Merchandise Displayers and Window Trimmers,detailed,100540
27-1027,Set and Exhibit Designers,detailed,11930
27-1029,"Designers, All Other",detailed,6590
27-2000,"Entertainers and Performers, Sports and Related Workers",minor,498020
27-2010,"Actors, Producers, and Directors",broad,155210
27-2011,Actors,detailed,50570
27-2012,Producers and Directors,detailed,104650
27-2020,"Athletes, Coaches, Umpires, and Related Workers",broad,254440
27-2021,Athletes and Sports Competitors,detailed,11710
27-2022,Coaches and Scouts,detailed,224110
27-2023,"Umpires, Referees, and Other Sports Officials",detailed,18620
27-2030,Dancers and Choreographers,broad,15160
27-2031,Dancers,detailed,10030
27-2032,Choreographers,detailed,5130
27-2040,"Musicians, Singers, and Related Workers",broad,58630
27-2041,Music Directors and Composers,detailed,21540
27-2042,Musicians and Singers,detailed,37090
27-2090,"Miscellaneous Entertainers and Performers, Sports and Related Workers",broad,14570
27-2099,"Entertainers and Performers, Sports and Related Workers, All Other",detailed,14570
27-3000,Media and Communication Workers,minor,564800
27-3010,Announcers,broad,38380
27-3011,Radio and Television Announcers,detailed,30390
27-3012,Public Address System and Other Announcers,detailed,8000
27-3020,"News Analysts, Reporters and Correspondents",broad,45790
27-3021,Broadcast News Analysts,detailed,4730
27-3022,Reporters and Correspondents,detailed,41050
27-3030,Public Relations Specialists,broad,218910
27-3031,Public Relations Specialists,detailed,218910
27-3040,Writers and Editors,broad,189840
27-3041,Editors,detailed,96690
27-3042,Technical Writers,detailed,49770
27-3043,Writers and Authors,detailed,43380
27-3090,Miscellaneous Media and Communication Workers,broad,71890
27-3091,Interpreters and Translators,detailed,49650
27-3099,"Media and Communication Workers, All Other",detailed,22240
27-4000,Media and Communication Equipment Workers,minor,220950
27-4010,Broadcast and Sound Engineering Technicians and Radio Operators,broad,105500
27-4011,Audio and Video Equipment Technicians,detailed,62460
27-4012,Broadcast Technicians,detailed,28270
27-4013,Radio Operators,detailed,940
27-4014,Sound Engineering Technicians,detailed,13840
27-4020,Photographers,broad,50070
27-4021,Photographers,detailed,50070
27-4030,"Television, Video, and Motion Picture Camera Operators and Editors",broad,47710
27-4031,"Camera Operators, Television, Video, and Motion Picture",detailed,20060
27-4032,Film and Video Editors,detailed,27660
27-4090,Miscellaneous Media and Communication Equipment Workers,broad,17670
27-4099,"Media and Communication Equipment Workers, All Other",detailed,17670
29-0000,Healthcare Practitioners and Technical Occupations,major,8021800
29-1000,Health Diagnosing and Treating Practitioners,minor,4960900
29-1010,Chiropractors,broad,32080
29-1011,Chiropractors,detailed,32080
29-1020,Dentists,broad,116750
29-1021,"Dentists, General",detailed,100080
29-1022,Oral and Maxillofacial Surgeons,detailed,5000
29-1023,Orthodontists,detailed,5410
29-1024,Prosthodontists,detailed,710
29-1029,"Dentists, All Other Specialists",detailed,5550
29-1030,Dietitians and Nutritionists,broad,59740
29-1031,Dietitians and Nutritionists,detailed,59740
29-1040,Optometrists,broad,35300
29-1041,Optometrists,detailed,35300
29-1050,Pharmacists,broad,295620
29-1051,Pharmacists,detailed,295620
29-1060,Physicians and Surgeons,broad,642720
29-1061,Anesthesiologists,detailed,29220
29-1062,Family and General Practitioners,detailed,127430
29-1063,"Internists, General",detailed,48920
29-1064,Obstetricians and Gynecologists,detailed,20090
29-1065,"Pediatricians, General",detailed,28660
29-1066,Psychiatrists,detailed,24060
29-1067,Surgeons,detailed,41600
29-1069,"Physicians and Surgeons, All Other",detailed,322740
29-1070,Physician Assistants,broad,98470
29-1071,Physician Assistants,detailed,98470
29-1080,Podiatrists,broad,9500
29-1081,Podiatrists,detailed,9500
29-1120,Therapists,broad,628440
29-1122,Occupational Therapists,detailed,114660
29-1123,Physical Therapists,detailed,209690
29-1124,Radiation Therapists,detailed,16930
29-1125,Recreational Therapists,detailed,17880
29-1126,Respiratory Therapists,detailed,120330
29-1127,Speech-Language Pathologists,detailed,131450
29-1128,Exercise Physiologists,detailed,6620
29-1129,"Therapists, All Other",detailed,10890
29-1130,Veterinarians,broad,65650
29-1131,Veterinarians,detailed,65650
29-1140,Registered Nurses,broad,2745910
29-1141,Registered Nurses,detailed,2745910
29-1150,Nurse Anesthetists,broad,39410
29-1151,Nurse Anesthetists,detailed,39410
29-1160,Nurse Midwives,broad,7430
29-1161,Nurse Midwives,detailed,7430
29-1170,Nurse Practitioners,broad,136060
29-1171,Nurse Practitioners,detailed,136060
29-1180,Audiologists,broad,12070
29-1181,Audiologists,detailed,12070
29-1190,Miscellaneous Health Diagnosing and Treating Practitioners,broad,35750
29-1199,"Health Diagnosing and Treating Practitioners, All Other",detailed,35750
29-2000,Health Technologists and Technicians,minor,2909230
29-2010,Clinical Laboratory Technologists and Technicians,broad,320550
29-2011,Medical and Clinical Laboratory Technologists,detailed,162950
29-2012,Medical and Clinical Laboratory Technicians,detailed,157610
29-2020,Dental Hygienists,broad,200550
29-2021,Dental Hygienists,detailed,200550
29-2030,Diagnostic Related Technologists and Technicians,broad,361430
29-2031,Cardiovascular Technologists and Technicians,detailed,51400
29-2032,Diagnostic Medical Sonographers,detailed,61250
29-2033,Nuclear Medicine Technologists,detailed,19740
29-2034,Radiologic Technologists,detailed,195590
29-2035,Magnetic Resonance Imaging Technologists,detailed,33460
29-2040,Emergency Medical Technicians and Paramedics,broad,236890
29-2041,Emergency Medical Technicians and Paramedics,detailed,236890
29-2050,Health Practitioner Support Technologists and Technicians,broad,712050
29-2051,Dietetic Technicians,detailed,28950
29-2052,Pharmacy Technicians,detailed,379430
29-2053,Psychiatric Technicians,detailed,58450
29-2054,Respiratory Therapy Technicians,detailed,10000
29-2055,Surgical Technologists,detailed,100270
29-2056,Veterinary Technologists and Technicians,detailed,95790
29-2057,Ophthalmic Medical Technicians,detailed,39160
29-2060,Licensed Practical and Licensed Vocational Nurses,broad,697250
29-2061,Licensed Practical and Licensed Vocational Nurses,detailed,697250
29-2070,Medical Records and Health Information Technicians,broad,189930
29-2071,Medical Records and Health Information Technicians,detailed,189930
29-2080,"Opticians, Dispensing",broad,73520
29-2081,"Opticians, Dispensing",detailed,73520
29-2090,Miscellaneous Health Technologists and Technicians,broad,117040
29-2091,Orthotists and Prosthetists,detailed,7100
29-2092,Hearing Aid Specialists,detailed,5920
29-2099,"Health Technologists and Technicians, All Other",detailed,104020
29-9000,Other Healthcare Practitioners and Technical Occupations,minor,151680
29-9010,Occupational Health and Safety Specialists and Technicians,broad,86270
29-9011,Occupational Health and Safety Specialists,detailed,70220
29-9012,Occupational Health and Safety Technicians,detailed,16050
29-9090,Miscellaneous Health Practitioners and Technical Workers,broad,65410
29-9091,Athletic Trainers,detailed,23450
29-9092,Genetic Counselors,detailed,2520
29-9099,"Healthcare Practitioners and Technical Workers, All Other",detailed,39440
31-0000,Healthcare Support Occupations,major,3989910
31-1000,"Nursing, Psychiatric, and Home Health Aides",minor,2363400
31-1010,"Nursing, Psychiatric, and Home Health Aides",broad,2363400
31-1011,Home Health Aides,detailed,820630
31-1013,Psychiatric Aides,detailed,69550
31-1014,Nursing Assistants,detailed,1420570
31-1015,Orderlies,detailed,52660
31-2000,Occupational Therapy and Physical Therapist Assistants and Aides,minor,174800
31-2010,Occupational Therapy Assistants and Aides,broad,43030
31-2011,Occupational Therapy Assistants,detailed,35460
31-2012,Occupational Therapy Aides,detailed,7570
31-2020,Physical Therapist Assistants and Aides,broad,131770
31-2021,Physical Therapist Assistants,detailed,81230
31-2022,Physical Therapist Aides,detailed,50540
31-9000,Other Healthcare Support Occupations,minor,1451710
31-9010,Massage Therapists,broad,92090
31-9011,Massage Therapists,detailed,92090
31-9090,Miscellaneous Healthcare Support Occupations,broad,1359620
31-9091,Dental Assistants,detailed,323110
31-9092,Medical Assistants,detailed,601240
31-9093,Medical Equipment Preparers,detailed,50330
31-9094,Medical Transcriptionists,detailed,57830
31-9095,Pharmacy Aides,detailed,38040
31-9096,Veterinary Assistants and Laboratory Animal Caretakers,detailed,75620
31-9097,Phlebotomists,detailed,118160
31-9099,"Healthcare Support Workers, All Other",detailed,95290
33-0000,Protective Service Occupations,major,3351620
33-1000,Supervisors of Protective Service Workers,minor,270660
33-1010,First-Line Supervisors of Law Enforcement Workers,broad,142890
33-1011,First-Line Supervisors of Correctional Officers,detailed,42520
33-1012,First-Line Supervisors of Police and Detectives,detailed,100370
33-1020,First-Line Supervisors of Fire Fighting and Prevention Workers,broad,58110
33-1021,First-Line Supervisors of Fire Fighting and Prevention Workers,detailed,58110
33-1090,"Miscellaneous First-Line Supervisors, Protective Service Workers",broad,69660
33-1099,"First-Line Supervisors of Protective Service Workers, All Other",detailed,69660
33-2000,Fire Fighting and Prevention Workers,minor,332730
33-2010,Firefighters,broad,318790
33-2011,Firefighters,detailed,318790
33-2020,Fire Inspectors,broad,13940
33-2021,Fire Inspectors and Investigators,detailed,12290
33-2022,Forest Fire Inspectors and Prevention Specialists,detailed,1650
33-3000,Law Enforcement Workers,minor,1223890
33-3010,"Bailiffs, Correctional Officers, and Jailers",broad,445520
33-3011,Bailiffs,detailed,17730
33-3012,Correctional Officers and Jailers,detailed,427790
33-3020,Detectives and Criminal Investigators,broad,106580
33-3021,Detectives and Criminal Investigators,detailed,106580
33-3030,Fish and Game Wardens,broad,5630
33-3031,Fish and Game Wardens,detailed,5630
33-3040,Parking Enforcement Workers,broad,8710
33-3041,Parking Enforcement Workers,detailed,8710
33-3050,Police Officers,broad,657460
33-3051,Police and Sheriff's Patrol Officers,detailed,653740
33-3052,Transit and Railroad Police,detailed,3720
33-9000,Other Protective Service Workers,minor,1524340
33-9010,Animal Control Workers,broad,13180
33-9011,Animal Control Workers,detailed,13180
33-9020,Private Detectives and Investigators,broad,30460
33-9021,Private Detectives and Investigators,detailed,30460
33-9030,Security Guards and Gaming Surveillance Officers,broad,1108310
33-9031,Gaming Surveillance Officers and Gaming Investigators,detailed,10650
33-9032,Security Guards,detailed,1097660
33-9090,Miscellaneous Protective Service Workers,broad,372390
33-9091,Crossing Guards,detailed,68640
33-9092,"Lifeguards, Ski Patrol, and Other Recreational Protective Service Workers",detailed,141670
33-9093,Transportation Security Screeners,detailed,41820
33-9099,"Protective Service Workers, All Other",detailed,120270
35-0000,Food Preparation and Serving Related Occupations,major,12577080
35-1000,Supervisors of Food Preparation and Serving Workers,minor,1013460
35-1010,Supervisors of Food Preparation and Serving Workers,broad,1013460
35-1011,Chefs and Head Cooks,detailed,129370
35-1012,First-Line Supervisors of Food Preparation and Serving Workers,detailed,884090
35-2000,Cooks and Food Preparation Workers,minor,3147210
35-2010,Cooks,broad,2284470
35-2011,"Cooks, Fast Food",detailed,520010
35-2012,"Cooks, Institution and Cafeteria",detailed,404980
35-2013,"Cooks, Private Household",detailed,380
35-2014,"Cooks, Restaurant",detailed,1150760
35-2015,"Cooks, Short Order",detailed,193170
35-2019,"Cooks, All Other",detailed,15160
35-2020,Food Preparation Workers,broad,862740
35-2021,Food Preparation Workers,detailed,862740
35-3000,Food and Beverage Serving Workers,minor,7054960
35-3010,Bartenders,broad,589150
35-3011,Bartenders,detailed,589150
35-3020,Fast Food and Counter Workers,broad,3703110
35-3021,"Combined Food Preparation and Serving Workers, Including Fast Food",detailed,3216460
35-3022,"Counter Attendants, Cafeteria, Food Concession, and Coffee Shop",detailed,486650
35-3030,Waiters and Waitresses,broad,2505630
35-3031,Waiters and Waitresses,detailed,2505630
35-3040,"Food Servers, Nonrestaurant",broad,257070
35-3041,"Food Servers, Nonrestaurant",detailed,257070
35-9000,Other Food Preparation and Serving Related Workers,minor,1361450
35-9010,Dining Room and Cafeteria Attendants and Bartender Helpers,broad,412830
35-9011,Dining Room and Cafeteria Attendants and Bartender Helpers,detailed,412830
35-9020,Dishwashers,broad,505000
35-9021,Dishwashers,detailed,505000
35-9030,"Hosts and Hostesses, Restaurant, Lounge, and Coffee Shop",broad,391150
35-9031,"Hosts and Hostesses, Restaurant, Lounge, and Coffee Shop",detailed,391150
35-9090,Miscellaneous Food Preparation and Serving Related Workers,broad,52470
35-9099,"Food Preparation and Serving Related Workers, All Other",detailed,52470
37-0000,Building and Grounds Cleaning and Maintenance Occupations,major,4407050
37-1000,Supervisors of Building and Grounds Cleaning and Maintenance Workers,minor,270360
37-1010,First-Line Supervisors of Building and Grounds Cleaning and Maintenance Workers,broad,270360
37-1011,First-Line Supervisors of Housekeeping and Janitorial Workers,detailed,166920
37-1012,"First-Line Supervisors of Landscaping, Lawn Service, and Groundskeeping Workers",detailed,103450
37-2000,Building Cleaning and Pest Control Workers,minor,3159840
37-2010,Building Cleaning Workers,broad,3089590
37-2011,"Janitors and Cleaners, Except Maids and Housekeeping Cleaners",detailed,2146880
37-2012,Maids and Housekeeping Cleaners,detailed,926240
37-2019,"Building Cleaning Workers, All Other",detailed,16480
37-2020,Pest Control Workers,broad,70250
37-2021,Pest Control Workers,detailed,70250
37-3000,Grounds Maintenance Workers,minor,976840
37-3010,Grounds Maintenance Workers,broad,976840
37-3011,Landscaping and Groundskeeping Workers,detailed,895600
37-3012,"Pesticide Handlers, Sprayers, and Applicators, Vegetation",detailed,24200
37-3013,Tree Trimmers and Pruners,detailed,40160
37-3019,"Grounds Maintenance Workers, All Other",detailed,16890
39-0000,Personal Care and Service Occupations,major,4307500
39-1000,Supervisors of Personal Care and Service Workers,minor,208040
39-1010,First-Line Supervisors of Gaming Workers,broad,30340
39-1011,Gaming Supervisors,detailed,22640
39-1012,Slot Supervisors,detailed,7700
39-1020,First-Line Supervisors of Personal Service Workers,broad,177700
39-1021,First-Line Supervisors of Personal Service Workers,detailed,177700
39-2000,Animal Care and Service Workers,minor,185780
39-2010,Animal Trainers,broad,11720
39-2011,Animal Trainers,detailed,11720
39-2020,Nonfarm Animal Caretakers,broad,174060
39-2021,Nonfarm Animal Caretakers,detailed,174060
39-3000,Entertainment Attendants and Related Workers,minor,551590
39-3010,Gaming Services Workers,broad,119540
39-3011,Gaming Dealers,detailed,94900
39-3012,Gaming and Sports Book Writers and Runners,detailed,12370
39-3019,"Gaming Service Workers, All Other",detailed,12280
39-3020,Motion Picture Projectionists,broad,5620
39-3021,Motion Picture Projectionists,detailed,5620
39-3030,"Ushers, Lobby Attendants, and Ticket Takers",broad,114000
39-3031,"Ushers, Lobby Attendants, and Ticket Takers",detailed,114000
39-3090,Miscellaneous Entertainment Attendants and Related Workers,broad,312430
39-3091,Amusement and Recreation Attendants,detailed,273870
39-3092,Costume Attendants,detailed,6120
39-3093,"Locker Room, Coatroom, and Dressing Room Attendants",detailed,17430
39-3099,"Entertainment Attendants and Related Workers, All Other",detailed,15010
39-4000,Funeral Service Workers,minor,64470
39-4010,Embalmers,broad,3710
39-4011,Embalmers,detailed,3710
39-4020,Funeral Attendants,broad,35290
39-4021,Funeral Attendants,detailed,35290
39-4030,"Morticians, Undertakers, and Funeral Directors",broad,25470
39-4031,"Morticians, Undertakers, and Funeral Directors",detailed,25470
39-5000,Personal Appearance Workers,minor,504640
39-5010,"Barbers, Hairdressers, Hairstylists and Cosmetologists",broad,362360
39-5011,Barbers,detailed,14350
39-5012,"Hairdressers, Hairstylists, and Cosmetologists",detailed,348010
39-5090,Miscellaneous Personal Appearance Workers,broad,142280
39-5091,"Makeup Artists, Theatrical and Performance",detailed,3060
39-5092,Manicurists and Pedicurists,detailed,83840
39-5093,Shampooers,detailed,15190
39-5094,Skincare Specialists,detailed,40190
39-6000,"Baggage Porters, Bellhops, and Concierges",minor,77980
39-6010,"Baggage Porters, Bellhops, and Concierges",broad,77980
39-6011,Baggage Porters and Bellhops,detailed,46550
39-6012,Concierges,detailed,31430
39-7000,Tour and Travel Guides,minor,38740
39-7010,Tour and Travel Guides,broad,38740
39-7011,Tour Guides and Escorts,detailed,35930
39-7012,Travel Guides,detailed,2810
39-9000,Other Personal Care and Service Workers,minor,2676260
39-9010,Childcare Workers,broad,573440
39-9011,Childcare Workers,detailed,573440
39-9020,Personal Care Aides,broad,1369230
39-9021,Personal Care Aides,detailed,1369230
39-9030,Recreation and Fitness Workers,broad,573920
39-9031,Fitness Trainers and Aerobics Instructors,detailed,237760
39-9032,Recreation Workers,detailed,336150
39-9040,Residential Advisors,broad,102540
39-9041,Residential Advisors,detailed,102540
39-9090,Miscellaneous Personal Care and Service Workers,broad,57140
39-9099,"Personal Care and Service Workers, All Other",detailed,57140
41-0000,Sales and Related Occupations,major,14462120
41-1000,Supervisors of Sales Workers,minor,1441700
41-1010,First-Line Supervisors of Sales Workers,broad,1441700
41-1011,First-Line Supervisors of Retail Sales Workers,detailed,1193850
41-1012,First-Line Supervisors of Non-Retail Sales Workers,detailed,247850
41-2000,Retail Sales Workers,minor,8799250
41-2010,Cashiers,broad,3501210
41-2011,Cashiers,detailed,3478420
41-2012,Gaming Change Persons and Booth Cashiers,detailed,22790
41-2020,Counter and Rental Clerks and Parts Salespersons,broad,685520
41-2021,Counter and Rental Clerks,detailed,447050
41-2022,Parts Salespersons,detailed,238470
41-2030,Retail Salespersons,broad,4612510
41-2031,Retail Salespersons,detailed,4612510
41-3000,"Sales Representatives, Services",minor,1808330
41-3010,Advertising Sales Agents,broad,149770
41-3011,Advertising Sales Agents,detailed,149770
41-3020,Insurance Sales Agents,broad,386140
41-3021,Insurance Sales Agents,detailed,386140
41-3030,"Securities, Commodities, and Financial Services Sales Agents",broad,319280
41-3031,"Securities, Commodities, and Financial Services Sales Agents",detailed,319280
41-3040,Travel Agents,broad,66560
41-3041,Travel Agents,detailed,66560
41-3090,"Miscellaneous Sales Representatives, Services",broad,886580
41-3099,"Sales Representatives, Services, All Other",detailed,886580
41-4000,"Sales Representatives, Wholesale and Manufacturing",minor,1743560
41-4010,"Sales Representatives, Wholesale and Manufacturing",broad,1743560
41-4011,"Sales Representatives, Wholesale and Manufacturing, Technical and Scientific Products",detailed,334010
41-4012,"Sales Representatives, Wholesale and Manufacturing, Except Technical and Scientific Products",detailed,1409550
41-9000,Other Sales and Related Workers,minor,669270
41-9010,"Models, Demonstrators, and Product Promoters",broad,88080
41-9011,Demonstrators and Product Promoters,detailed,83620
41-9012,Models,detailed,4460
41-9020,Real Estate Brokers and Sales Agents,broad,190510
41-9021,Real Estate Brokers,detailed,38810
41-9022,Real Estate Sales Agents,detailed,151700
41-9030,Sales Engineers,broad,72200
41-9031,Sales Engineers,detailed,72200
41-9040,Telemarketers,broad,226730
41-9041,Telemarketers,detailed,226730
41-9090,Miscellaneous Sales and Related Workers,broad,91760
41-9091,"Door-to-Door Sales Workers, News and Street Vendors, and Related Workers",detailed,7510
41-9099,"Sales and Related Workers, All Other",detailed,84240
43-0000,Office and Administrative Support Occupations,major,21846420
43-1000,Supervisors of Office and Administrative Support Workers,minor,1424450
43-1010,First-Line Supervisors of Office and Administrative Support Workers,broad,1424450
43-1011,First-Line Supervisors of Office and Administrative Support Workers,detailed,1424450
43-2000,Communications Equipment Operators,minor,112260
43-2010,"Switchboard Operators, Including Answering Service",broad,100500
43-2011,"Switchboard Operators, Including Answering Service",detailed,100500
43-2020,Telephone Operators,broad,9750
43-2021,Telephone Operators,detailed,9750
43-2090,Miscellaneous Communications Equipment Operators,broad,2010
43-2099,"Communications Equipment Operators, All Other",detailed,2010
43-3000,Financial Clerks,minor,3179250
43-3010,Bill and Account Collectors,broad,318970
43-3011,Bill and Account Collectors,detailed,318970
43-3020,Billing and Posting Clerks,broad,491070
43-3021,Billing and Posting Clerks,detailed,491070
43-3030,"Bookkeeping, Accounting, and Auditing Clerks",broad,1580220
43-3031,"Bookkeeping, Accounting, and Auditing Clerks",detailed,1580220
43-3040,Gaming Cage Workers,broad,17650
43-3041,Gaming Cage Workers,detailed,17650
43-3050,Payroll and Timekeeping Clerks,broad,166700
43-3051,Payroll and Timekeeping Clerks,detailed,166700
43-3060,Procurement Clerks,broad,71470
43-3061,Procurement Clerks,detailed,71470
43-3070,Tellers,broad,498460
43-3071,Tellers,detailed,498460
43-3090,Miscellaneous Financial Clerks,broad,34700
43-3099,"Financial Clerks, All Other",detailed,34700
43-4000,Information and Record Clerks,minor,5513250
43-4010,Brokerage Clerks,broad,57490
43-4011,Brokerage Clerks,detailed,57490
43-4020,Correspondence Clerks,broad,7320
43-4021,Correspondence Clerks,detailed,7320
43-4030,"Court, Municipal, and License Clerks",broad,130190
43-4031,"Court, Municipal, and License Clerks",detailed,130190
43-4040,"Credit Authorizers, Checkers, and Clerks",broad,41880
43-4041,"Credit Authorizers, Checkers, and Clerks",detailed,41880
43-4050,Customer Service Representatives,broad,2595990
43-4051,Customer Service Representatives,detailed,2595990
43-4060,"Eligibility Interviewers, Government Programs",broad,130420
43-4061,"Eligibility Interviewers, Government Programs",detailed,130420
43-4070,File Clerks,broad,140560
43-4071,File Clerks,detailed,140560
43-4080,"Hotel, Motel, and Resort Desk Clerks",broad,243210
43-4081,"Hotel, Motel, and Resort Desk Clerks",detailed,243210
43-4110,"Interviewers, Except Eligibility and Loan",broad,184050
43-4111,"Interviewers, Except Eligibility and Loan",detailed,184050
43-4120,"Library Assistants, Clerical",broad,100090
43-4121,"Library Assistants, Clerical",detailed,100090
43-4130,Loan Interviewers and Clerks,broad,216380
43-4131,Loan Interviewers and Clerks,detailed,216380
43-4140,New Accounts Clerks,broad,48970
43-4141,New Accounts Clerks,detailed,48970
43-4150,Order Clerks,broad,185890
43-4151,Order Clerks,detailed,185890
43-4160,"Human Resources Assistants, Except Payroll and Timekeeping",broad,138910
43-4161,"Human Resources Assistants, Except Payroll and Timekeeping",detailed,138910
43-4170,Receptionists and Information Clerks,broad,975890
43-4171,Receptionists and Information Clerks,detailed,975890
43-4180,Reservation and Transportation Ticket Agents and Travel Clerks,broad,138810
43-4181,Reservation and Transportation Ticket Agents and Travel Clerks,detailed,138810
43-4190,Miscellaneous Information and Record Clerks,broad,177210
43-4199,"Information and Record Clerks, All Other",detailed,177210
43-5000,"Material Recording, Scheduling, Dispatching, and Distributing Workers",minor,3973740
43-5010,Cargo and Freight Agents,broad,81120
43-5011,Cargo and Freight Agents,detailed,81120
43-5020,Couriers and Messengers,broad,73180
43-5021,Couriers and Messengers,detailed,73180
43-5030,Dispatchers,broad,292570
43-5031,"Police, Fire, and Ambulance Dispatchers",detailed,95630
43-5032,"Dispatchers, Except Police, Fire, and Ambulance",detailed,196940
43-5040,"Meter Readers, Utilities",broad,34970
43-5041,"Meter Readers, Utilities",detailed,34970
43-5050,Postal Service Workers,broad,504540
43-5051,Postal Service Clerks,detailed,78660
43-5052,Postal Service Mail Carriers,detailed,315950
43-5053,"Postal Service Mail Sorters, Processors, and Processing Machine Operators",detailed,109930
43-5060,"Production, Planning, and Expediting Clerks",broad,309110
43-5061,"Production, Planning, and Expediting Clerks",detailed,309110
43-5070,"Shipping, Receiving, and Traffic Clerks",broad,674820
43-5071,"Shipping, Receiving, and Traffic Clerks",detailed,674820
43-5080,Stock Clerks and Order Fillers,broad,1934060
43-5081,Stock Clerks and Order Fillers,detailed,1934060
43-5110,"Weighers, Measurers, Checkers, and Samplers, Recordkeeping",broad,69360
43-5111,"Weighers, Measurers, Checkers, and Samplers, Recordkeeping",detailed,69360
43-6000,Secretaries and Administrative Assistants,minor,3680630
43-6010,Secretaries and Administrative Assistants,broad,3680630
43-6011,Executive Secretaries and Executive Administrative Assistants,detailed,666490
43-6012,Legal Secretaries,detailed,202660
43-6013,Medical Secretaries,detailed,530360
43-6014,"Secretaries and Administrative Assistants, Except Legal, Medical, and Executive",detailed,2281120
43-9000,Other Office and Administrative Support Workers,minor,3962840
43-9010,Computer Operators,broad,51510
43-9011,Computer Operators,detailed,51510
43-9020,Data Entry and Information Processing Workers,broad,267900
43-9021,Data Entry Keyers,detailed,199240
43-9022,Word Processors and Typists,detailed,68660
43-9030,Desktop Publishers,broad,13240
43-9031,Desktop Publishers,detailed,13240
43-9040,Insurance Claims and Policy Processing Clerks,broad,262910
43-9041,Insurance Claims and Policy Processing Clerks,detailed,262910
43-9050,"Mail Clerks and Mail Machine Operators, Except Postal Service",broad,95640
43-9051,"Mail Clerks and Mail Machine Operators, Except Postal Service",detailed,95640
43-9060,"Office Clerks, General",broad,2944420
43-9061,"Office Clerks, General",detailed,2944420
43-9070,"Office Machine Operators, Except Computer",broad,63290
43-9071,"Office Machine Operators, Except Computer",detailed,63290
43-9080,Proofreaders and Copy Markers,broad,10810
43-9081,Proofreaders and Copy Markers,detailed,10810
43-9110,Statistical Assistants,broad,13510
43-9111,Statistical Assistants,detailed,13510
43-9190,Miscellaneous Office and Administrative Support Workers,broad,239630
43-9199,"Office and Administrative Support Workers, All Other",detailed,239630
45-0000,"Farming, Fishing, and Forestry Occupations",major,454230
45-1000,"Supervisors of Farming, Fishing, and Forestry Workers",minor,19060
45-1010,"First-Line Supervisors of Farming, Fishing, and Forestry Workers",broad,19060
45-1011,"First-Line Supervisors of Farming, Fishing, and Forestry Workers",detailed,19060
45-2000,Agricultural Workers,minor,388900
45-2010,Agricultural Inspectors,broad,14670
45-2011,Agricultural Inspectors,detailed,14670
45-2020,Animal Breeders,broad,1030
45-2021,Animal Breeders,detailed,1030
45-2040,"Graders and Sorters, Agricultural Products",broad,35290
45-2041,"Graders and Sorters, Agricultural Products",detailed,35290
45-2090,Miscellaneous Agricultural Workers,broad,337920
45-2091,Agricultural Equipment Operators,detailed,27200
45-2092,"Farmworkers and Laborers, Crop, Nursery, and Greenhouse",detailed,272170
45-2093,"Farmworkers, Farm, Ranch, and Aquacultural Animals",detailed,33530
45-2099,"Agricultural Workers, All Other",detailed,5020
45-3000,Fishing and Hunting Workers,minor,700
45-3010,Fishers and Related Fishing Workers,broad,540
45-3011,Fishers and Related Fishing Workers,detailed,540
45-4000,"Forest, Conservation, and Logging Workers",minor,45570
45-4010,Forest and Conservation Workers,broad,6870
45-4011,Forest and Conservation Workers,detailed,6870
45-4020,Logging Workers,broad,38700
45-4021,Fallers,detailed,5840
45-4022,Logging Equipment Operators,detailed,27290
45-4023,Log Graders and Scalers,detailed,2740
45-4029,"Logging Workers, All Other",detailed,2830
47-0000,Construction and Extraction Occupations,major,5477820
47-1000,Supervisors of Construction and Extraction Workers,minor,517560
47-1010,First-Line Supervisors of Construction Trades and Extraction Workers,broad,517560
47-1011,First-Line Supervisors of Construction Trades and Extraction Workers,detailed,517560
47-2000,Construction Trades Workers,minor,4076800
47-2010,Boilermakers,broad,16350
47-2011,Boilermakers,detailed,16350
47-2020,"Brickmasons, Blockmasons, and Stonemasons",broad,74570
47-2021,Brickmasons and Blockmasons,detailed,61360
47-2022,Stonemasons,detailed,13210
47-2030,Carpenters,broad,639190
47-2031,Carpenters,detailed,639190
47-2040,"Carpet, Floor, and Tile Installers and Finishers",broad,75280
47-2041,Carpet Installers,detailed,25810
47-2042,"Floor Layers, Except Carpet, Wood, and Hard Tiles",detailed,9830
47-2043,Floor Sanders and Finishers,detailed,4700
47-2044,Tile and Marble Setters,detailed,34940
47-2050,"Cement Masons, Concrete Finishers, and Terrazzo Workers",broad,166610
47-2051,Cement Masons and Concrete Finishers,detailed,163360
47-2053,Terrazzo Workers and Finishers,detailed,3250
47-2060,Construction Laborers,broad,887580
47-2061,Construction Laborers,detailed,887580
47-2070,Construction Equipment Operators,broad,411920
47-2071,"Paving, Surfacing, and Tamping Equipment Operators",detailed,53110
47-2072,Pile-Driver Operators,detailed,3670
47-2073,Operating Engineers and Other Construction Equipment Operators,detailed,355140
47-2080,"Drywall Installers, Ceiling Tile Installers, and Tapers",broad,106000
47-2081,Drywall and Ceiling Tile Installers,detailed,88490
47-2082,Tapers,detailed,17500
47-2110,Electricians,broad,592230
47-2111,Electricians,detailed,592230
47-2120,Glaziers,broad,44230
47-2121,Glaziers,detailed,44230
47-2130,Insulation Workers,broad,55180
47-2131,"Insulation Workers, Floor, Ceiling, and Wall",detailed,25850
47-2132,"Insulation Workers, Mechanical",detailed,29330
47-2140,Painters and Paperhangers,broad,216340
47-2141,"Painters, Construction and Maintenance",detailed,213330
47-2142,Paperhangers,detailed,3020
47-2150,"Pipelayers, Plumbers, Pipefitters, and Steamfitters",broad,432380
47-2151,Pipelayers,detailed,40710
47-2152,"Plumbers, Pipefitters, and Steamfitters",detailed,391680
47-2160,Plasterers and Stucco Masons,broad,22420
47-2161,Plasterers and Stucco Masons,detailed,22420
47-2170,Reinforcing Iron and Rebar Workers,broad,20060
47-2171,Reinforcing Iron and Rebar Workers,detailed,20060
47-2180,Roofers,broad,109720
47-2181,Roofers,detailed,109720
47-2210,Sheet Metal Workers,broad,135570
47-2211,Sheet Metal Workers,detailed,135570
47-2220,Structural Iron and Steel Workers,broad,64280
47-2221,Structural Iron and Steel Workers,detailed,64280
47-2230,Solar Photovoltaic Installers,broad,6870
47-2231,Solar Photovoltaic Installers,detailed,6870
47-3000,"Helpers, Construction Trades",minor,228710
47-3010,"Helpers, Construction Trades",broad,228710
47-3011,"Helpers--Brickmasons, Blockmasons, Stonemasons, and Tile and Marble Setters",detailed,22970
47-3012,Helpers--Carpenters,detailed,37820
47-3013,Helpers--Electricians,detailed,71610
47-3014,"Helpers--Painters, Paperhangers, Plasterers, and Stucco Masons",detailed,11030
47-3015,"Helpers--Pipelayers, Plumbers, Pipefitters, and Steamfitters",detailed,55530
47-3016,Helpers--Roofers,detailed,10810
47-3019,"Helpers, Construction Trades, All Other",detailed,18930
47-4000,Other Construction and Related Workers,minor,393710
47-4010,Construction and Building Inspectors,broad,91480
47-4011,Construction and Building Inspectors,detailed,91480
47-4020,Elevator Installers and Repairers,broad,21000
47-4021,Elevator Installers and Repairers,detailed,21000
47-4030,Fence Erectors,broad,21160
47-4031,Fence Erectors,detailed,21160
47-4040,Hazardous Materials Removal Workers,broad,42560
47-4041,Hazardous Materials Removal Workers,detailed,42560
47-4050,Highway Maintenance Workers,broad,142300
47-4051,Highway Maintenance Workers,detailed,142300
47-4060,Rail-Track Laying and Maintenance Equipment Operators,broad,14470
47-4061,Rail-Track Laying and Maintenance Equipment Operators,detailed,14470
47-4070,Septic Tank Servicers and Sewer Pipe Cleaners,broad,27080
47-4071,Septic Tank Servicers and Sewer Pipe Cleaners,detailed,27080
47-4090,Miscellaneous Construction and Related Workers,broad,33660
47-4091,Segmental Pavers,detailed,1240
47-4099,"Construction and Related Workers, All Other",detailed,32420
47-5000,Extraction Workers,minor,261040
47-5010,"Derrick, Rotary Drill, and Service Unit Operators, Oil, Gas, and Mining",broad,105120
47-5011,"Derrick Operators, Oil and Gas",detailed,19330
47-5012,"Rotary Drill Operators, Oil and Gas",detailed,24960
47-5013,"Service Unit Operators, Oil, Gas, and Mining",detailed,60830
47-5020,"Earth Drillers, Except Oil and Gas",broad,19490
47-5021,"Earth Drillers, Except Oil and Gas",detailed,19490
47-5030,"Explosives Workers, Ordnance Handling Experts, and Blasters",broad,7540
47-5031,"Explosives Workers, Ordnance Handling Experts, and Blasters",detailed,7540
47-5040,Mining Machine Operators,broad,19880
47-5041,Continuous Mining Machine Operators,detailed,11130
47-5042,Mine Cutting and Channeling Machine Operators,detailed,6630
47-5049,"Mining Machine Operators, All Other",detailed,2120
47-5050,"Rock Splitters, Quarry",broad,3790
47-5051,"Rock Splitters, Quarry",detailed,3790
47-5060,"Roof Bolters, Mining",broad,5220
47-5061,"Roof Bolters, Mining",detailed,5220
47-5070,"Roustabouts, Oil and Gas",broad,71790
47-5071,"Roustabouts, Oil and Gas",detailed,71790
47-5080,Helpers--Extraction Workers,broad,22820
47-5081,Helpers--Extraction Workers,detailed,22820
47-5090,Miscellaneous Extraction Workers,broad,5400
47-5099,"Extraction Workers, All Other",detailed,5400
49-0000,"Installation, Maintenance, and Repair Occupations",major,5374150
49-1000,"Supervisors of Installation, Maintenance, and Repair Workers",minor,445510
49-1010,"First-Line Supervisors of Mechanics, Installers, and Repairers",broad,445510
49-1011,"First-Line Supervisors of Mechanics, Installers, and Repairers",detailed,445510
49-2000,"Electrical and Electronic Equipment Mechanics, Installers, and Repairers",minor,585270
49-2010,"Computer, Automated Teller, and Office Machine Repairers",broad,106100
49-2011,"Computer, Automated Teller, and Office Machine Repairers",detailed,106100
49-2020,Radio and Telecommunications Equipment Installers and Repairers,broad,233260
49-2021,"Radio, Cellular, and Tower Equipment Installers and Repairers",detailed,14160
49-2022,"Telecommunications Equipment Installers and Repairers, Except Line Installers",detailed,219100
49-2090,"Miscellaneous Electrical and Electronic Equipment Mechanics, Installers, and Repairers",broad,245910
49-2091,Avionics Technicians,detailed,17340
49-2092,"Electric Motor, Power Tool, and Related Repairers",detailed,17920
49-2093,"Electrical and Electronics Installers and Repairers, Transportation Equipment",detailed,14210
49-2094,"Electrical and Electronics Repairers, Commercial and Industrial Equipment",detailed,69290
49-2095,"Electrical and Electronics Repairers, Powerhouse, Substation, and Relay",detailed,23070
49-2096,"Electronic Equipment Installers and Repairers, Motor Vehicles",detailed,12470
49-2097,Electronic Home Entertainment Equipment Installers and Repairers,detailed,26890
49-2098,Security and Fire Alarm Systems Installers,detailed,64730
49-3000,"Vehicle and Mobile Equipment Mechanics, Installers, and Repairers",minor,1554340
49-3010,Aircraft Mechanics and Service Technicians,broad,124040
49-3011,Aircraft Mechanics and Service Technicians,detailed,124040
49-3020,Automotive Technicians and Repairers,broad,798280
49-3021,Automotive Body and Related Repairers,detailed,143040
49-3022,Automotive Glass Installers and Repairers,detailed,17160
49-3023,Automotive Service Technicians and Mechanics,detailed,638080
49-3030,Bus and Truck Mechanics and Diesel Engine Specialists,broad,251750
49-3031,Bus and Truck Mechanics and Diesel Engine Specialists,detailed,251750
49-3040,Heavy Vehicle and Mobile Equipment Service Technicians and Mechanics,broad,180400
49-3041,Farm Equipment Mechanics and Service Technicians,detailed,37080
49-3042,"Mobile Heavy Equipment Mechanics, Except Engines",detailed,121900
49-3043,Rail Car Repairers,detailed,21410
49-3050,Small Engine Mechanics,broad,67850
49-3051,Motorboat Mechanics and Service Technicians,detailed,20440
49-3052,Motorcycle Mechanics,detailed,15850
49-3053,Outdoor Power Equipment and Other Small Engine Mechanics,detailed,31560
49-3090,"Miscellaneous Vehicle and Mobile Equipment Mechanics, Installers, and Repairers",broad,132030
49-3091,Bicycle Repairers,detailed,12560
49-3092,Recreational Vehicle Service Technicians,detailed,11970
49-3093,Tire Repairers and Changers,detailed,107500
49-9000,"Other Installation, Maintenance, and Repair Occupations",minor,2789020
49-9010,Control and Valve Installers and Repairers,broad,60440
49-9011,Mechanical Door Repairers,detailed,17930
49-9012,"Control and Valve Installers and Repairers, Except Mechanical Door",detailed,42510
49-9020,"Heating, Air Conditioning, and Refrigeration Mechanics and Installers",broad,274680
49-9021,"Heating, Air Conditioning, and Refrigeration Mechanics and Installers",detailed,274680
49-9030,Home Appliance Repairers,broad,33990
49-9031,Home Appliance Repairers,detailed,33990
49-9040,"Industrial Machinery Installation, Repair, and Maintenance Workers",broad,457380
49-9041,Industrial Machinery Mechanics,detailed,323280
49-9043,"Maintenance Workers, Machinery",detailed,92520
49-9044,Millwrights,detailed,40030
49-9045,"Refractory Materials Repairers, Except Brickmasons",detailed,1550
49-9050,Line Installers and Repairers,broad,221740
49-9051,Electrical Power-Line Installers and Repairers,detailed,115380
49-9052,Telecommunications Line Installers and Repairers,detailed,106360
49-9060,Precision Instrument and Equipment Repairers,broad,66660
49-9061,Camera and Photographic Equipment Repairers,detailed,3540
49-9062,Medical Equipment Repairers,detailed,41060
49-9063,Musical Instrument Repairers and Tuners,detailed,7730
49-9064,Watch Repairers,detailed,2200
49-9069,"Precision Instrument and Equipment Repairers, All Other",detailed,12130
49-9070,"Maintenance and Repair Workers, General",broad,1314560
49-9071,"Maintenance and Repair Workers, General",detailed,1314560
49-9080,Wind Turbine Service Technicians,broad,3950
49-9081,Wind Turbine Service Technicians,detailed,3950
49-9090,"Miscellaneous Installation, Maintenance, and Repair Workers",broad,355620
49-9091,"Coin, Vending, and Amusement Machine Servicers and Repairers",detailed,32250
49-9092,Commercial Divers,detailed,3450
49-9093,"Fabric Menders, Except Garment",detailed,620
49-9094,Locksmiths and Safe Repairers,detailed,17800
49-9095,Manufactured Building and Mobile Home Installers,detailed,3650
49-9096,Riggers,detailed,22790
49-9097,Signal and Track Switch Repairers,detailed,8190
49-9098,"Helpers--Installation, Maintenance, and Repair Workers",detailed,124220
49-9099,"Installation, Maintenance, and Repair Workers, All Other",detailed,142650
51-0000,Production Occupations,major,9073290
51-1000,Supervisors of Production Workers,minor,603080
51-1010,First-Line Supervisors of Production and Operating Workers,broad,603080
51-1011,First-Line Supervisors of Production and Operating Workers,detailed,603080
51-2000,Assemblers and Fabricators,minor,1800410
51-2010,"Aircraft Structure, Surfaces, Rigging, and Systems Assemblers",broad,42810
51-2011,"Aircraft Structure, Surfaces, Rigging, and Systems Assemblers",detailed,42810
51-2020,"Electrical, Electronics, and Electromechanical Assemblers",broad,273030
51-2021,"Coil Winders, Tapers, and Finishers",detailed,14450
51-2022,Electrical and Electronic Equipment Assemblers,detailed,212170
51-2023,Electromechanical Equipment Assemblers,detailed,46400
51-2030,Engine and Other Machine Assemblers,broad,38700
51-2031,Engine and Other Machine Assemblers,detailed,38700
51-2040,Structural Metal Fabricators and Fitters,broad,79620
51-2041,Structural Metal Fabricators and Fitters,detailed,79620
51-2090,Miscellaneous Assemblers and Fabricators,broad,1366250
51-2091,Fiberglass Laminators and Fabricators,detailed,20630
51-2092,Team Assemblers,detailed,1115510
51-2093,Timing Device Assemblers and Adjusters,detailed,1190
51-2099,"Assemblers and Fabricators, All Other",detailed,228930
51-3000,Food Processing Workers,minor,783650
51-3010,Bakers,broad,176610
51-3011,Bakers,detailed,176610
51-3020,"Butchers and Other Meat, Poultry, and Fish Processing Workers",broad,372980
51-3021,Butchers and Meat Cutters,detailed,137350
51-3022,"Meat, Poultry, and Fish Cutters and Trimmers",detailed,155390
51-3023,Slaughterers and Meat Packers,detailed,80250
51-3090,Miscellaneous Food Processing Workers,broad,234060
51-3091,"Food and Tobacco Roasting, Baking, and Drying Machine Operators and Tenders",detailed,20320
51-3092,Food Batchmakers,detailed,133470
51-3093,Food Cooking Machine Operators and Tenders,detailed,34640
51-3099,"Food Processing Workers, All Other",detailed,45630
51-4000,Metal Workers and Plastic Workers,minor,1945220
51-4010,Computer Control Programmers and Operators,broad,172260
51-4011,"Computer-Controlled Machine Tool Operators, Metal and Plastic",detailed,146600
51-4012,"Computer Numerically Controlled Machine Tool Programmers, Metal and Plastic",detailed,25660
51-4020,"Forming Machine Setters, Operators, and Tenders, Metal and Plastic",broad,123780
51-4021,"Extruding and Drawing Machine Setters, Operators, and Tenders, Metal and Plastic",detailed,72390
51-4022,"Forging Machine Setters, Operators, and Tenders, Metal and Plastic",detailed,19650
51-4023,"Rolling Machine Setters, Operators, and Tenders, Metal and Plastic",detailed,31740
51-4030,"Machine Tool Cutting Setters, Operators, and Tenders, Metal and Plastic",broad,342970
51-4031,"Cutting, Punching, and Press Machine Setters, Operators, and Tenders, Metal and Plastic",detailed,194670
51-4032,"Drilling and Boring Machine Tool Setters, Operators, and Tenders, Metal and Plastic",detailed,14840
51-4033,"Grinding, Lapping, Polishing, and Buffing Machine Tool Setters, Operators, and Tenders, Metal and Plastic",detailed,73570
51-4034,"Lathe and Turning Machine Tool Setters, Operators, and Tenders, Metal and Plastic",detailed,40140
51-4035,"Milling and Planing Machine Setters, Operators, and Tenders, Metal and Plastic",detailed,19750
51-4040,Machinists,broad,399040
51-4041,Machinists,detailed,399040
51-4050,"Metal Furnace Operators, Tenders, Pourers, and Casters",broad,29700
51-4051,Metal-Refining Furnace Operators and Tenders,detailed,20070
51-4052,"Pourers and Casters, Metal",detailed,9630
51-4060,"Model Makers and Patternmakers, Metal and Plastic",broad,10400
51-4061,"Model Makers, Metal and Plastic",detailed,6380
51-4062,"Patternmakers, Metal and Plastic",detailed,4020
51-4070,"Molders and Molding Machine Setters, Operators, and Tenders, Metal and Plastic",broad,148410
51-4071,Foundry Mold and Coremakers,detailed,12860
51-4072,"Molding, Coremaking, and Casting Machine Setters, Operators, and Tenders, Metal and Plastic",detailed,135550
51-4080,"Multiple Machine Tool Setters, Operators, and Tenders, Metal and Plastic",broad,105570
51-4081,"Multiple Machine Tool Setters, Operators, and Tenders, Metal and Plastic",detailed,105570
51-4110,Tool and Die Makers,broad,74510
51-4111,Tool and Die Makers,detailed,74510
51-4120,"Welding, Soldering, and Brazing Workers",broad,439320
51-4121,"Welders, Cutters, Solderers, and Brazers",detailed,386240
51-4122,"Welding, Soldering, and Brazing Machine Setters, Operators, and Tenders",detailed,53080
51-4190,Miscellaneous Metal Workers and Plastic Workers,broad,99270
51-4191,"Heat Treating Equipment Setters, Operators, and Tenders, Metal and Plastic",detailed,20570
51-4192,"Layout Workers, Metal and Plastic",detailed,10660
51-4193,"Plating and Coating Machine Setters, Operators, and Tenders, Metal and Plastic",detailed,35640
51-4194,"Tool Grinders, Filers, and Sharpeners",detailed,10220
51-4199,"Metal Workers and Plastic Workers, All Other",detailed,22190
51-5100,Printing Workers,minor,256040
51-5110,Printing Workers,broad,256040
51-5111,Prepress Technicians and Workers,detailed,35330
51-5112,Printing Press Operators,detailed,168330
51-5113,Print Binding and Finishing Workers,detailed,52380
51-6000,"Textile, Apparel, and Furnishings Workers",minor,578100
51-6010,Laundry and Dry-Cleaning Workers,broad,201620
51-6011,Laundry and Dry-Cleaning Workers,detailed,201620
51-6020,"Pressers, Textile, Garment, and Related Materials",broad,48340
51-6021,"Pressers, Textile, Garment, and Related Materials",detailed,48340
51-6030,Sewing Machine Operators,broad,141520
51-6031,Sewing Machine Operators,detailed,141520
51-6040,Shoe and Leather Workers,broad,11410
51-6041,Shoe and Leather Workers and Repairers,detailed,8180
51-6042,Shoe Machine Operators and Tenders,detailed,3230
51-6050,"Tailors, Dressmakers, and Sewers",broad,26900
51-6051,"Sewers, Hand",detailed,6920
51-6052,"Tailors, Dressmakers, and Custom Sewers",detailed,19980
51-6060,"Textile Machine Setters, Operators, and Tenders",broad,76630
51-6061,Textile Bleaching and Dyeing Machine Operators and Tenders,detailed,11630
51-6062,"Textile Cutting Machine Setters, Operators, and Tenders",detailed,14680
51-6063,"Textile Knitting and Weaving Machine Setters, Operators, and Tenders",detailed,22560
51-6064,"Textile Winding, Twisting, and Drawing Out Machine Setters, Operators, and Tenders",detailed,27760
51-6090,"Miscellaneous Textile, Apparel, and Furnishings Workers",broad,71690
51-6091,"Extruding and Forming Machine Setters, Operators, and Tenders, Synthetic and Glass Fibers",detailed,19810
51-6092,Fabric and Apparel Patternmakers,detailed,5140
51-6093,Upholsterers,detailed,30180
51-6099,"Textile, Apparel, and Furnishings Workers, All Other",detailed,16560
51-7000,Woodworkers,minor,243350
51-7010,Cabinetmakers and Bench Carpenters,broad,93650
51-7011,Cabinetmakers and Bench Carpenters,detailed,93650
51-7020,Furniture Finishers,broad,16480
51-7021,Furniture Finishers,detailed,16480
51-7030,"Model Makers and Patternmakers, Wood",broad,2180
51-7031,"Model Makers, Wood",detailed,1160
51-7032,"Patternmakers, Wood",detailed,1030
51-7040,"Woodworking Machine Setters, Operators, and Tenders",broad,124150
51-7041,"Sawing Machine Setters, Operators, and Tenders, Wood",detailed,48600
51-7042,"Woodworking Machine Setters, Operators, and Tenders, Except Sawing",detailed,75540
51-7090,Miscellaneous Woodworkers,broad,6900
51-7099,"Woodworkers, All Other",detailed,6900
51-8000,Plant and System Operators,minor,311050
51-8010,"Power Plant Operators, Distributors, and Dispatchers",broad,55990
51-8011,Nuclear Power Reactor Operators,detailed,6940
51-8012,Power Distributors and Dispatchers,detailed,11540
51-8013,Power Plant Operators,detailed,37510
51-8020,Stationary Engineers and Boiler Operators,broad,34630
51-8021,Stationary Engineers and Boiler Operators,detailed,34630
51-8030,Water and Wastewater Treatment Plant and System Operators,broad,114770
51-8031,Water and Wastewater Treatment Plant and System Operators,detailed,114770
51-8090,Miscellaneous Plant and System Operators,broad,105670
51-8091,Chemical Plant and System Operators,detailed,35020
51-8092,Gas Plant Operators,detailed,16790
51-8093,"Petroleum Pump System Operators, Refinery Operators, and Gaugers",detailed,42320
51-8099,"Plant and System Operators, All Other",detailed,11540
51-9000,Other Production Occupations,minor,2552380
51-9010,"Chemical Processing Machine Setters, Operators, and Tenders",broad,115400
51-9011,Chemical Equipment Operators and Tenders,detailed,67650
51-9012,"Separating, Filtering, Clarifying, Precipitating, and Still Machine Setters, Operators, and Tenders",detailed,47750
51-9020,"Crushing, Grinding, Polishing, Mixing, and Blending Workers",broad,188510
51-9021,"Crushing, Grinding, and Polishing Machine Setters, Operators, and Tenders",detailed,31140
51-9022,"Grinding and Polishing Workers, Hand",detailed,28110
51-9023,"Mixing and Blending Machine Setters, Operators, and Tenders",detailed,129270
51-9030,Cutting Workers,broad,79070
51-9031,"Cutters and Trimmers, Hand",detailed,15740
51-9032,"Cutting and Slicing Machine Setters, Operators, and Tenders",detailed,63330
51-9040,"Extruding, Forming, Pressing, and Compacting Machine Setters, Operators, and Tenders",broad,71430
51-9041,"Extruding, Forming, Pressing, and Compacting Machine Setters, Operators, and Tenders",detailed,71430
51-9050,"Furnace, Kiln, Oven, Drier, and Kettle Operators and Tenders",broad,19650
51-9051,"Furnace, Kiln, Oven, Drier, and Kettle Operators and Tenders",detailed,19650
51-9060,"Inspectors, Testers, Sorters, Samplers, and Weighers",broad,508590
51-9061,"Inspectors, Testers, Sorters, Samplers, and Weighers",detailed,508590
51-9070,Jewelers and Precious Stone and Metal Workers,broad,25270
51-9071,Jewelers and Precious Stone and Metal Workers,detailed,25270
51-9080,"Medical, Dental, and Ophthalmic Laboratory Technicians",broad,80150
51-9081,Dental Laboratory Technicians,detailed,37520
51-9082,Medical Appliance Technicians,detailed,14640
51-9083,Ophthalmic Laboratory Technicians,detailed,27990
51-9110,Packaging and Filling Machine Operators and Tenders,broad,378560
51-9111,Packaging and Filling Machine Operators and Tenders,detailed,378560
51-9120,Painting Workers,broad,156550
51-9121,"Coating, Painting, and Spraying Machine Setters, Operators, and Tenders",detailed,88780
51-9122,"Painters, Transportation Equipment",detailed,51760
51-9123,"Painting, Coating, and Decorating Workers",detailed,16020
51-9140,Semiconductor Processors,broad,24230
51-9141,Semiconductor Processors,detailed,24230
51-9150,Photographic Process Workers and Processing Machine Operators,broad,23940
51-9151,Photographic Process Workers and Processing Machine Operators,detailed,23940
51-9190,Miscellaneous Production Workers,broad,881020
51-9191,Adhesive Bonding Machine Operators and Tenders,detailed,17400
51-9192,"Cleaning, Washing, and Metal Pickling Equipment Operators and Tenders",detailed,17420
51-9193,Cooling and Freezing Equipment Operators and Tenders,detailed,7970
51-9194,Etchers and Engravers,detailed,9490
51-9195,"Molders, Shapers, and Casters, Except Metal and Plastic",detailed,38730
51-9196,"Paper Goods Machine Setters, Operators, and Tenders",detailed,91400
51-9197,Tire Builders,detailed,17710
51-9198,Helpers--Production Workers,detailed,439000
51-9199,"Production Workers, All Other",detailed,241910
53-0000,Transportation and Material Moving Occupations,major,9536610
53-1000,Supervisors of Transportation and Material Moving Workers,minor,386340
53-1010,Aircraft Cargo Handling Supervisors,broad,6760
53-1011,Aircraft Cargo Handling Supervisors,detailed,6760
53-1020,"First-Line Supervisors of Helpers, Laborers, and Material Movers, Hand",broad,176030
53-1021,"First-Line Supervisors of Helpers, Laborers, and Material Movers, Hand",detailed,176030
53-1030,First-Line Supervisors of Transportation and Material-Moving Machine and Vehicle Operators,broad,203550
53-1031,First-Line Supervisors of Transportation and Material-Moving Machine and Vehicle Operators,detailed,203550
53-2000,Air Transportation Workers,minor,260670
53-2010,Aircraft Pilots and Flight Engineers,broad,121110
53-2011,"Airline Pilots, Copilots, and Flight Engineers",detailed,81350
53-2012,Commercial Pilots,detailed,39760
53-2020,Air Traffic Controllers and Airfield Operations Specialists,broad,31050
53-2021,Air Traffic Controllers,detailed,23130
53-2022,Airfield Operations Specialists,detailed,7920
53-2030,Flight Attendants,broad,108510
53-2031,Flight Attendants,detailed,108510
53-3000,Motor Vehicle Operators,minor,3851720
53-3010,"Ambulance Drivers and Attendants, Except Emergency Medical Technicians",broad,19950
53-3011,"Ambulance Drivers and Attendants, Except Emergency Medical Technicians",detailed,19950
53-3020,Bus Drivers,broad,674180
53-3021,"Bus Drivers, Transit and Intercity",detailed,168620
53-3022,"Bus Drivers, School or Special Client",detailed,505560
53-3030,Driver/Sales Workers and Truck Drivers,broad,2922450
53-3031,Driver/Sales Workers,detailed,417660
53-3032,Heavy and Tractor-Trailer Truck Drivers,detailed,1678280
53-3033,Light Truck or Delivery Services Drivers,detailed,826510
53-3040,Taxi Drivers and Chauffeurs,broad,180960
53-3041,Taxi Drivers and Chauffeurs,detailed,180960
53-3090,Miscellaneous Motor Vehicle Operators,broad,54160
53-3099,"Motor Vehicle Operators, All Other",detailed,54160
53-4000,Rail Transportation Workers,minor,122010
53-4010,Locomotive Engineers and Operators,broad,43560
53-4011,Locomotive Engineers,detailed,37490
53-4012,Locomotive Firers,detailed,1610
53-4013,"Rail Yard Engineers, Dinkey Operators, and Hostlers",detailed,4460
53-4020,"Railroad Brake, Signal, and Switch Operators",broad,18970
53-4021,"Railroad Brake, Signal, and Switch Operators",detailed,18970
53-4030,Railroad Conductors and Yardmasters,broad,42330
53-4031,Railroad Conductors and Yardmasters,detailed,42330
53-4040,Subway and Streetcar Operators,broad,12600
53-4041,Subway and Streetcar Operators,detailed,12600
53-4090,Miscellaneous Rail Transportation Workers,broad,4550
53-4099,"Rail Transportation Workers, All Other",detailed,4550
53-5000,Water Transportation Workers,minor,77260
53-5010,Sailors and Marine Oilers,broad,30570
53-5011,Sailors and Marine Oilers,detailed,30570
53-5020,Ship and Boat Captains and Operators,broad,36760
53-5021,"Captains, Mates, and Pilots of Water Vessels",detailed,33110
53-5022,Motorboat Operators,detailed,3650
53-5030,Ship Engineers,broad,9940
53-5031,Ship Engineers,detailed,9940
53-6000,Other Transportation Workers,minor,343230
53-6010,Bridge and Lock Tenders,broad,3170
53-6011,Bridge and Lock Tenders,detailed,3170
53-6020,Parking Lot Attendants,broad,144150
53-6021,Parking Lot Attendants,detailed,144150
53-6030,Automotive and Watercraft Service Attendants,broad,109710
53-6031,Automotive and Watercraft Service Attendants,detailed,109710
53-6040,Traffic Technicians,broad,6750
53-6041,Traffic Technicians,detailed,6750
53-6050,Transportation Inspectors,broad,25860
53-6051,Transportation Inspectors,detailed,25860
53-6060,"Transportation Attendants, Except Flight Attendants",broad,15680
53-6061,"Transportation Attendants, Except Flight Attendants",detailed,15680
53-6090,Miscellaneous Transportation Workers,broad,37900
53-6099,"Transportation Workers, All Other",detailed,37900
53-7000,Material Moving Workers,minor,4495380
53-7010,Conveyor Operators and Tenders,broad,32890
53-7011,Conveyor Operators and Tenders,detailed,32890
53-7020,Crane and Tower Operators,broad,46490
53-7021,Crane and Tower Operators,detailed,46490
53-7030,"Dredge, Excavating, and Loading Machine Operators",broad,54930
53-7031,Dredge Operators,detailed,1850
53-7032,Excavating and Loading Machine and Dragline Operators,detailed,49880
53-7033,"Loading Machine Operators, Underground Mining",detailed,3210
53-7040,Hoist and Winch Operators,broad,2880
53-7041,Hoist and Winch Operators,detailed,2880
53-7050,Industrial Truck and Tractor Operators,broad,539810
53-7051,Industrial Truck and Tractor Operators,detailed,539810
53-7060,"Laborers and Material Movers, Hand",broad,3637790
53-7061,Cleaners of Vehicles and Equipment,detailed,336960
53-7062,"Laborers and Freight, Stock, and Material Movers, Hand",detailed,2487680
53-7063,Machine Feeders and Offbearers,detailed,100020
53-7064,"Packers and Packagers, Hand",detailed,713130
53-7070,Pumping Station Operators,broad,30350
53-7071,Gas Compressor and Gas Pumping Station Operators,detailed,4100
53-7072,"Pump Operators, Except Wellhead Pumpers",detailed,13390
53-7073,Wellhead Pumpers,detailed,12860
53-7080,Refuse and Recyclable Material Collectors,broad,114220
53-7081,Refuse and Recyclable Material Collectors,detailed,114220
53-7110,Mine Shuttle Car Operators,broad,2310
53-7111,Mine Shuttle Car Operators,detailed,2310
53-7120,"Tank Car, Truck, and Ship Loaders",broad,11960
53-7121,"Tank Car, Truck, and Ship Loaders",detailed,11960
53-7190,Miscellaneous Material Moving Workers,broad,21740
53-7199,"Material Moving Workers, All Other",detailed,21740
