occ_code,occ_title,occ_group,emp_17
00-0000,All Occupations,total,142549250
11-0000,Management Occupations,major,7280330
11-1000,Top Executives,minor,2473740
11-1010,Chief Executives,broad,210160
11-1011,Chief Executives,detailed,210160
11-1020,General and Operations Managers,broad,2212200
11-1021,General and Operations Managers,detailed,2212200
11-1030,Legislators,broad,51380
11-1031,Legislators,detailed,51380
11-2000,"Advertising, Marketing, Promotions, Public Relations, and Sales Managers",minor,685780
11-2010,Advertising and Promotions Managers,broad,28100
11-2011,Advertising and Promotions Managers,detailed,28100
11-2020,Marketing and Sales Managers,broad,590380
11-2021,Marketing Managers,detailed,218970
11-2022,Sales Managers,detailed,371410
11-2030,Public Relations and Fundraising Managers,broad,67300
11-2031,Public Relations and Fundraising Managers,detailed,67300
11-3000,Operations Specialties Managers,minor,1752130
11-3010,Administrative Services Managers,broad,270100
11-3011,Administrative Services Managers,detailed,270100
11-3020,Computer and Information Systems Managers,broad,365690
11-3021,Computer and Information Systems Managers,detailed,365690
11-3030,Financial Managers,broad,569380
11-3031,Financial Managers,detailed,569380
11-3050,Industrial Production Managers,broad,171520
11-3051,Industrial Production Managers,detailed,171520
11-3060,Purchasing Managers,broad,70430
11-3061,Purchasing Managers,detailed,70430
11-3070,"Transportation, Storage, and Distribution Managers",broad,118680
11-3071,"Transportation, Storage, and Distribution Managers",detailed,118680
11-3110,Compensation and Benefits Managers,broad,15520
11-3111,Compensation and Benefits Managers,detailed,15520
11-3120,Human Resources Managers,broad,136310
11-3121,Human Resources Managers,detailed,136310
11-3130,Training and Development Managers,broad,34500
11-3131,Training and Development Managers,detailed,34500
11-9000,Other Management Occupations,minor,2368680
11-9010,"Farmers, Ranchers, and Other Agricultural Managers",broad,4610
11-9013,"Farmers, Ranchers, and Other Agricultural Managers",detailed,4610
11-9020,Construction Managers,broad,263480
11-9021,Construction Managers,detailed,263480
11-9030,Education Administrators,broad,477750
11-9031,"Education Administrators, Preschool and Childcare Center/Program",detailed,49130
11-9032,"Education Administrators, Elementary and Secondary School",detailed,250280
11-9033,"Education Administrators, Postsecondary",detailed,142160
11-9039,"Education Administrators, All Other",detailed,36190
11-9040,Architectural and Engineering Managers,broad,179990
11-9041,Architectural and Engineering Managers,detailed,179990
11-9050,Food Service Managers,broad,208110
11-9051,Food Service Managers,detailed,208110
11-9060,Funeral Service Managers,broad,8350
11-9061,Funeral Service Managers,detailed,8350
11-9070,Gaming Managers,broad,4420
11-9071,Gaming Managers,detailed,4420
11-9080,Lodging Managers,broad,36610
11-9081,Lodging Managers,detailed,36610
11-9110,Medical and Health Services Managers,broad,346980
11-9111,Medical and Health Services Managers,detailed,346980
11-9120,Natural Sciences Managers,broad,56210
11-9121,Natural Sciences Managers,detailed,56210
11-9130,Postmasters and Mail Superintendents,broad,13960
11-9131,Postmasters and Mail Superintendents,detailed,13960
11-9140,"Property, Real Estate, and Community Association Managers",broad,186720
11-9141,"Property, Real Estate, and Community Association Managers",detailed,186720
11-9150,Social and Community Service Managers,broad,141830
11-9151,Social and Community Service Managers,detailed,141830
11-9160,Emergency Management Directors,broad,9560
11-9161,Emergency Management Directors,detailed,9560
11-9190,Miscellaneous Managers,broad,430120
11-9199,"Managers, All Other",detailed,430120
13-0000,Business and Financial Operations Occupations,major,7472750
13-1000,Business Operations Specialists,minor,4811530
13-1010,"Agents and Business Managers of Artists, Performers, and Athletes",broad,15450
13-1011,"Agents and Business Managers of Artists, Performers, and Athletes",detailed,15450
13-1020,Buyers and Purchasing Agents,detailed,413540
13-1020,Buyers and Purchasing Agents,broad,413540
13-1030,"Claims Adjusters, Appraisers, Examiners, and Investigators",broad,298170
13-1031,"Claims Adjusters, Examiners, and Investigators",detailed,282030
13-1032,"Insurance Appraisers, Auto Damage",detailed,16150
13-1040,Compliance Officers,broad,287130
13-1041,Compliance Officers,detailed,287130
13-1050,Cost Estimators,broad,210900
13-1051,Cost Estimators,detailed,210900
13-1070,Human Resources Workers,broad,633250
13-1071,Human Resources Specialists,detailed,553950
13-1074,Farm Labor Contractors,detailed,780
13-1075,Labor Relations Specialists,detailed,78510
13-1080,Logisticians,broad,159800
13-1081,Logisticians,detailed,159800
13-1110,Management Analysts,broad,659200
13-1111,Management Analysts,detailed,659200
13-1120,"Meeting, Convention, and Event Planners",broad,102420
13-1121,"Meeting, Convention, and Event Planners",detailed,102420
13-1130,Fundraisers,broad,72920
13-1131,Fundraisers,detailed,72920
13-1140,"Compensation, Benefits, and Job Analysis Specialists",broad,80530
13-1141,"Compensation, Benefits, and Job Analysis Specialists",detailed,80530
13-1150,Training and Development Specialists,broad,280340
13-1151,Training and Development Specialists,detailed,280340
13-1160,Market Research Analysts and Marketing Specialists,broad,596450
13-1161,Market Research Analysts and Marketing Specialists,detailed,596450
13-1190,Miscellaneous Business Operations Specialists,broad,1001420
13-1199,"Business Operations Specialists, All Other",detailed,1001420
13-2000,Financial Specialists,minor,2661230
13-2010,Accountants and Auditors,broad,1241000
13-2011,Accountants and Auditors,detailed,1241000
13-2020,Appraisers and Assessors of Real Estate,broad,58880
13-2021,Appraisers and Assessors of Real Estate,detailed,58880
13-2030,Budget Analysts,broad,54550
13-2031,Budget Analysts,detailed,54550
13-2040,Credit Analysts,broad,74850
13-2041,Credit Analysts,detailed,74850
13-2050,Financial Analysts and Advisors,broad,584940
13-2051,Financial Analysts,detailed,294110
13-2052,Personal Financial Advisors,detailed,200920
13-2053,Insurance Underwriters,detailed,89910
13-2060,Financial Examiners,broad,52580
13-2061,Financial Examiners,detailed,52580
13-2070,Credit Counselors and Loan Officers,broad,343150
13-2071,Credit Counselors,detailed,35900
13-2072,Loan Officers,detailed,307240
13-2080,"Tax Examiners, Collectors and Preparers, and Revenue Agents",broad,125380
13-2081,"Tax Examiners and Collectors, and Revenue Agents",detailed,56660
13-2082,Tax Preparers,detailed,68720
13-2090,Miscellaneous Financial Specialists,broad,125900
13-2099,"Financial Specialists, All Other",detailed,125900
15-0000,Computer and Mathematical Occupations,major,4261460
15-1100,Computer Occupations,minor,4094930
15-1110,Computer and Information Research Scientists,broad,27920
15-1111,Computer and Information Research Scientists,detailed,27920
15-1120,Computer and Information Analysts,broad,687210
15-1121,Computer Systems Analysts,detailed,581960
15-1122,Information Security Analysts,detailed,105250
15-1130,Software Developers and Programmers,broad,1617400
15-1131,Computer Programmers,detailed,247690
15-1132,"Software Developers, Applications",detailed,849230
15-1133,"Software Developers, Systems Software",detailed,394590
15-1134,Web Developers,detailed,125890
15-1140,Database and Systems Administrators and Network Architects,broad,646570
15-1141,Database Administrators,detailed,113690
15-1142,Network and Computer Systems Administrators,detailed,375040
15-1143,Computer Network Architects,detailed,157830
15-1150,Computer Support Specialists,broad,800010
15-1151,Computer User Support Specialists,detailed,613780
15-1152,Computer Network Support Specialists,detailed,186230
15-1190,Miscellaneous Computer Occupations,broad,315830
15-1199,"Computer Occupations, All Other",detailed,315830
15-2000,Mathematical Science Occupations,minor,166530
15-2010,Actuaries,broad,19210
15-2011,Actuaries,detailed,19210
15-2020,Mathematicians,broad,2730
15-2021,Mathematicians,detailed,2730
15-2030,Operations Research Analysts,broad,106050
15-2031,Operations Research Analysts,detailed,106050
15-2040,Statisticians,broad,36540
15-2041,Statisticians,detailed,36540
15-2090,Miscellaneous Mathematical Science Occupations,detailed,2000
15-2090,Miscellaneous Mathematical Science Occupations,broad,2000
17-0000,Architecture and Engineering Occupations,major,2516780
17-1000,"Architects, Surveyors, and Cartographers",minor,177030
17-1010,"Architects, Except Naval",broad,122160
17-1011,"Architects, Except Landscape and Naval",detailed,103110
17-1012,Landscape Architects,detailed,19040
17-1020,"Surveyors, Cartographers, and Photogrammetrists",broad,54870
17-1021,Cartographers and Photogrammetrists,detailed,11440
17-1022,Surveyors,detailed,43430
17-2000,Engineers,minor,1665220
17-2010,Aerospace Engineers,broad,65760
17-2011,Aerospace Engineers,detailed,65760
17-2020,Agricultural Engineers,broad,1770
17-2021,Agricultural Engineers,detailed,1770
17-2030,Biomedical Engineers,broad,20100
17-2031,Biomedical Engineers,detailed,20100
17-2040,Chemical Engineers,broad,33500
17-2041,Chemical Engineers,detailed,33500
17-2050,Civil Engineers,broad,298910
17-2051,Civil Engineers,detailed,298910
17-2060,Computer Hardware Engineers,broad,66770
17-2061,Computer Hardware Engineers,detailed,66770
17-2070,Electrical and Electronics Engineers,broad,318300
17-2071,Electrical Engineers,detailed,183370
17-2072,"Electronics Engineers, Except Computer",detailed,134930
17-2080,Environmental Engineers,broad,52640
17-2081,Environmental Engineers,detailed,52640
17-2110,"Industrial Engineers, Including Health and Safety",broad,291660
17-2111,"Health and Safety Engineers, Except Mining Safety Engineers and Inspectors",detailed,26130
17-2112,Industrial Engineers,detailed,265520
17-2120,Marine Engineers and Naval Architects,broad,10960
17-2121,Marine Engineers and Naval Architects,detailed,10960
17-2130,Materials Engineers,broad,27200
17-2131,Materials Engineers,detailed,27200
17-2140,Mechanical Engineers,broad,291290
17-2141,Mechanical Engineers,detailed,291290
17-2150,"Mining and Geological Engineers, Including Mining Safety Engineers",broad,6150
17-2151,"Mining and Geological Engineers, Including Mining Safety Engineers",detailed,6150
17-2160,Nuclear Engineers,broad,16700
17-2161,Nuclear Engineers,detailed,16700
17-2170,Petroleum Engineers,broad,32010
17-2171,Petroleum Engineers,detailed,32010
17-2190,Miscellaneous Engineers,broad,131500
17-2199,"Engineers, All Other",detailed,131500
17-3000,"Drafters, Engineering Technicians, and Mapping Technicians",minor,674540
17-3010,Drafters,broad,195510
17-3011,Architectural and Civil Drafters,detailed,95960
17-3012,Electrical and Electronics Drafters,detailed,26060
17-3013,Mechanical Drafters,detailed,58190
17-3019,"Drafters, All Other",detailed,15300
17-3020,"Engineering Technicians, Except Drafters",broad,427140
17-3021,Aerospace Engineering and Operations Technicians,detailed,11710
17-3022,Civil Engineering Technicians,detailed,71430
17-3023,Electrical and Electronics Engineering Technicians,detailed,128320
17-3024,Electro-Mechanical Technicians,detailed,13050
17-3025,Environmental Engineering Technicians,detailed,17590
17-3026,Industrial Engineering Technicians,detailed,65020
17-3027,Mechanical Engineering Technicians,detailed,43390
17-3029,"Engineering Technicians, Except Drafters, All Other",detailed,76630
17-3030,Surveying and Mapping Technicians,broad,51890
17-3031,Surveying and Mapping Technicians,detailed,51890
19-0000,"Life, Physical, and Social Science Occupations",major,1148300
19-1000,Life Scientists,minor,292310
19-1010,Agricultural and Food Scientists,broad,31750
19-1011,Animal Scientists,detailed,2550
19-1012,Food Scientists and Technologists,detailed,15020
19-1013,Soil and Plant Scientists,detailed,14180
19-1020,Biological Scientists,broad,104550
19-1021,Biochemists and Biophysicists,detailed,27380
19-1022,Microbiologists,detailed,21870
19-1023,Zoologists and Wildlife Biologists,detailed,17710
19-1029,"Biological Scientists, All Other",detailed,37590
19-1030,Conservation Scientists and Foresters,broad,30340
19-1031,Conservation Scientists,detailed,22040
19-1032,Foresters,detailed,8300
19-1040,Medical Scientists,broad,118560
19-1041,Epidemiologists,detailed,6870
19-1042,"Medical Scientists, Except Epidemiologists",detailed,111690
19-1090,Miscellaneous Life Scientists,broad,7120
19-1099,"Life Scientists, All Other",detailed,7120
19-2000,Physical Scientists,minor,253660
19-2010,Astronomers and Physicists,broad,18720
19-2011,Astronomers,detailed,2020
19-2012,Physicists,detailed,16710
19-2020,Atmospheric and Space Scientists,broad,8940
19-2021,Atmospheric and Space Scientists,detailed,8940
19-2030,Chemists and Materials Scientists,broad,91880
19-2031,Chemists,detailed,84400
19-2032,Materials Scientists,detailed,7470
19-2040,Environmental Scientists and Geoscientists,broad,116790
19-2041,"Environmental Scientists and Specialists, Including Health",detailed,81920
19-2042,"Geoscientists, Except Hydrologists and Geographers",detailed,28520
19-2043,Hydrologists,detailed,6350
19-2090,Miscellaneous Physical Scientists,broad,17320
19-2099,"Physical Scientists, All Other",detailed,17320
19-3000,Social Scientists and Related Workers,minor,243150
19-3010,Economists,broad,19550
19-3011,Economists,detailed,19550
19-3020,Survey Researchers,broad,11270
19-3022,Survey Researchers,detailed,11270
19-3030,Psychologists,broad,121870
19-3031,"Clinical, Counseling, and School Psychologists",detailed,108060
19-3032,Industrial-Organizational Psychologists,detailed,920
19-3039,"Psychologists, All Other",detailed,12880
19-3040,Sociologists,broad,2770
19-3041,Sociologists,detailed,2770
19-3050,Urban and Regional Planners,broad,35310
19-3051,Urban and Regional Planners,detailed,35310
19-3090,Miscellaneous Social Scientists and Related Workers,broad,52380
19-3091,Anthropologists and Archeologists,detailed,6120
19-3092,Geographers,detailed,1400
19-3093,Historians,detailed,3060
19-3094,Political Scientists,detailed,6320
19-3099,"Social Scientists and Related Workers, All Other",detailed,35490
19-4000,"Life, Physical, and Social Science Technicians",minor,359180
19-4010,Agricultural and Food Science Technicians,broad,21120
19-4011,Agricultural and Food Science Technicians,detailed,21120
19-4020,Biological Technicians,broad,74980
19-4021,Biological Technicians,detailed,74980
19-4030,Chemical Technicians,broad,64550
19-4031,Chemical Technicians,detailed,64550
19-4040,Geological and Petroleum Technicians,broad,14820
19-4041,Geological and Petroleum Technicians,detailed,14820
19-4050,Nuclear Technicians,broad,6850
19-4051,Nuclear Technicians,detailed,6850
19-4060,Social Science Research Assistants,broad,31500
19-4061,Social Science Research Assistants,detailed,31500
19-4090,"Miscellaneous Life, Physical, and Social Science Technicians",broad,145360
19-4091,"Environmental Science and Protection Technicians, Including Health",detailed,32840
19-4092,Forensic Science Technicians,detailed,15070
19-4093,Forest and Conservation Technicians,detailed,30570
19-4099,"Life, Physical, and Social Science Technicians, All Other",detailed,66890
21-0000,Community and Social Service Occupations,major,2096740
21-1000,"Counselors, Social Workers, and Other Community and Social Service Specialists",minor,2017250
21-1010,Counselors,broad,687150
21-1012,"Educational, Guidance, School, and Vocational Counselors",detailed,271350
21-1013,Marriage and Family Therapists,detailed,42880
21-1015,Rehabilitation Counselors,detailed,103840
21-1018,"Substance Abuse, Behavioral Disorder, and Mental Health Counselors",detailed,241930
21-1019,"Counselors, All Other",detailed,27150
21-1020,Social Workers,broad,644290
21-1021,"Child, Family, and School Social Workers",detailed,306370
21-1022,Healthcare Social Workers,detailed,167730
21-1023,Mental Health and Substance Abuse Social Workers,detailed,112040
21-1029,"Social Workers, All Other",detailed,58150
21-1090,Miscellaneous Community and Social Service Specialists,broad,685810
21-1091,Health Educators,detailed,58040
21-1092,Probation Officers and Correctional Treatment Specialists,detailed,87700
21-1093,Social and Human Service Assistants,detailed,384080
21-1094,Community Health Workers,detailed,54760
21-1099,"Community and Social Service Specialists, All Other",detailed,101230
21-2000,Religious Workers,minor,79490
21-2010,Clergy,broad,49850
21-2011,Clergy,detailed,49850
21-2020,"Directors, Religious Activities and Education",broad,21430
21-2021,"Directors, Religious Activities and Education",detailed,21430
21-2090,Miscellaneous Religious Workers,broad,8210
21-2099,"Religious Workers, All Other",detailed,8210
23-0000,Legal Occupations,major,1095770
23-1000,"Lawyers, Judges, and Related Workers",minor,692660
23-1010,Lawyers and Judicial Law Clerks,broad,643630
23-1011,Lawyers,detailed,628370
23-1012,Judicial Law Clerks,detailed,15260
23-1020,"Judges, Magistrates, and Other Judicial Workers",broad,49030
23-1021,"Administrative Law Judges, Adjudicators, and Hearing Officers",detailed,14480
23-1022,"Arbitrators, Mediators, and Conciliators",detailed,6110
23-1023,"Judges, Magistrate Judges, and Magistrates",detailed,28440
23-2000,Legal Support Workers,minor,403110
23-2010,Paralegals and Legal Assistants,broad,290410
23-2011,Paralegals and Legal Assistants,detailed,290410
23-2090,Miscellaneous Legal Support Workers,broad,112700
23-2091,Court Reporters,detailed,15220
23-2093,"Title Examiners, Abstractors, and Searchers",detailed,53040
23-2099,"Legal Support Workers, All Other",detailed,44440
25-0000,"Education, Training, and Library Occupations",major,8727710
25-1000,Postsecondary Teachers,minor,1525170
25-1010,"Business Teachers, Postsecondary",broad,84340
25-1011,"Business Teachers, Postsecondary",detailed,84340
25-1020,"Math and Computer Teachers, Postsecondary",broad,83100
25-1021,"Computer Science Teachers, Postsecondary",detailed,32230
25-1022,"Mathematical Science Teachers, Postsecondary",detailed,50870
25-1030,"Engineering and Architecture Teachers, Postsecondary",broad,44780
25-1031,"Architecture Teachers, Postsecondary",detailed,7280
25-1032,"Engineering Teachers, Postsecondary",detailed,37500
25-1040,"Life Sciences Teachers, Postsecondary",broad,62710
25-1041,"Agricultural Sciences Teachers, Postsecondary",detailed,10800
25-1042,"Biological Science Teachers, Postsecondary",detailed,49910
25-1043,"Forestry and Conservation Science Teachers, Postsecondary",detailed,2000
25-1050,"Physical Sciences Teachers, Postsecondary",broad,51530
25-1051,"Atmospheric, Earth, Marine, and Space Sciences Teachers, Postsecondary",detailed,10730
25-1052,"Chemistry Teachers, Postsecondary",detailed,21090
25-1053,"Environmental Science Teachers, Postsecondary",detailed,5990
25-1054,"Physics Teachers, Postsecondary",detailed,13710
25-1060,"Social Sciences Teachers, Postsecondary",broad,115860
25-1061,"Anthropology and Archeology Teachers, Postsecondary",detailed,5770
25-1062,"Area, Ethnic, and Cultural Studies Teachers, Postsecondary",detailed,9850
25-1063,"Economics Teachers, Postsecondary",detailed,12770
25-1064,"Geography Teachers, Postsecondary",detailed,3980
25-1065,"Political Science Teachers, Postsecondary",detailed,16200
25-1066,"Psychology Teachers, Postsecondary",detailed,37090
25-1067,"Sociology Teachers, Postsecondary",detailed,13630
25-1069,"Social Sciences Teachers, Postsecondary, All Other",detailed,16580
25-1070,"Health Teachers, Postsecondary",broad,250190
25-1071,"Health Specialties Teachers, Postsecondary",detailed,194610
25-1072,"Nursing Instructors and Teachers, Postsecondary",detailed,55580
25-1080,"Education and Library Science Teachers, Postsecondary",broad,65500
25-1081,"Education Teachers, Postsecondary",detailed,60500
25-1082,"Library Science Teachers, Postsecondary",detailed,5010
25-1110,"Law, Criminal Justice, and Social Work Teachers, Postsecondary",broad,43540
25-1111,"Criminal Justice and Law Enforcement Teachers, Postsecondary",detailed,14210
25-1112,"Law Teachers, Postsecondary",detailed,16900
25-1113,"Social Work Teachers, Postsecondary",detailed,12430
25-1120,"Arts, Communications, and Humanities Teachers, Postsecondary",broad,264290
25-1121,"Art, Drama, and Music Teachers, Postsecondary",detailed,95110
25-1122,"Communications Teachers, Postsecondary",detailed,28770
25-1123,"English Language and Literature Teachers, Postsecondary",detailed,69140
25-1124,"Foreign Language and Literature Teachers, Postsecondary",detailed,27240
25-1125,"History Teachers, Postsecondary",detailed,21120
25-1126,"Philosophy and Religion Teachers, Postsecondary",detailed,22920
25-1190,Miscellaneous Postsecondary Teachers,broad,459310
25-1191,Graduate Teaching Assistants,detailed,136820
25-1192,"Home Economics Teachers, Postsecondary",detailed,2580
25-1193,"Recreation and Fitness Studies Teachers, Postsecondary",detailed,16630
25-1194,"Vocational Education Teachers, Postsecondary",detailed,114020
25-1199,"Postsecondary Teachers, All Other",detailed,189270
25-2000,"Preschool, Primary, Secondary, and Special Education School Teachers",minor,4174870
25-2010,Preschool and Kindergarten Teachers,broad,550390
25-2011,"Preschool Teachers, Except Special Education",detailed,409740
25-2012,"Kindergarten Teachers, Except Special Education",detailed,140660
25-2020,Elementary and Middle School Teachers,broad,2043520
25-2021,"Elementary School Teachers, Except Special Education",detailed,1409140
25-2022,"Middle School Teachers, Except Special and Career/Technical Education",detailed,622340
25-2023,"Career/Technical Education Teachers, Middle School",detailed,12040
25-2030,Secondary School Teachers,broad,1106060
25-2031,"Secondary School Teachers, Except Special and Career/Technical Education",detailed,1027230
25-2032,"Career/Technical Education Teachers, Secondary School",detailed,78840
25-2050,Special Education Teachers,broad,474890
25-2051,"Special Education Teachers, Preschool",detailed,28540
25-2052,"Special Education Teachers, Kindergarten and Elementary School",detailed,184920
25-2053,"Special Education Teachers, Middle School",detailed,87550
25-2054,"Special Education Teachers, Secondary School",detailed,135910
25-2059,"Special Education Teachers, All Other",detailed,37980
25-3000,Other Teachers and Instructors,minor,1204930
25-3010,Adult Basic and Secondary Education and Literacy Teachers and Instructors,broad,60670
25-3011,Adult Basic and Secondary Education and Literacy Teachers and Instructors,detailed,60670
25-3020,Self-Enrichment Education Teachers,broad,238710
25-3021,Self-Enrichment Education Teachers,detailed,238710
25-3090,Miscellaneous Teachers and Instructors,broad,905550
25-3097,"Teachers and Instructors, All Other, Except Substitute Teachers",detailed,294240
25-3098,Substitute Teachers,detailed,611310
25-4000,"Librarians, Curators, and Archivists",minor,246760
25-4010,"Archivists, Curators, and Museum Technicians",broad,29920
25-4011,Archivists,detailed,6080
25-4012,Curators,detailed,11550
25-4013,Museum Technicians and Conservators,detailed,12290
25-4020,Librarians,broad,126800
25-4021,Librarians,detailed,126800
25-4030,Library Technicians,broad,90030
25-4031,Library Technicians,detailed,90030
25-9000,"Other Education, Training, and Library Occupations",minor,1576000
25-9010,Audio-Visual and Multimedia Collections Specialists,broad,10430
25-9011,Audio-Visual and Multimedia Collections Specialists,detailed,10430
25-9020,Farm and Home Management Advisors,broad,8450
25-9021,Farm and Home Management Advisors,detailed,8450
25-9030,Instructional Coordinators,broad,157490
25-9031,Instructional Coordinators,detailed,157490
25-9040,Teacher Assistants,broad,1299800
25-9041,Teacher Assistants,detailed,1299800
25-9090,"Miscellaneous Education, Training, and Library Workers",broad,99830
25-9099,"Education, Training, and Library Workers, All Other",detailed,99830
27-0000,"Arts, Design, Entertainment, Sports, and Media Occupations",major,1925140
27-1000,Art and Design Workers,minor,597970
27-1010,Artists and Related Workers,broad,90940
27-1011,Art Directors,detailed,38110
27-1012,Craft Artists,detailed,4730
27-1013,"Fine Artists, Including Painters, Sculptors, and Illustrators",detailed,11230
27-1014,Multimedia Artists and Animators,detailed,29860
27-1019,"Artists and Related Workers, All Other",detailed,7010
27-1020,Designers,broad,507030
27-1021,Commercial and Industrial Designers,detailed,31250
27-1022,Fashion Designers,detailed,18940
27-1023,Floral Designers,detailed,43470
27-1024,Graphic Designers,detailed,217170
27-1025,Interior Designers,detailed,56070
27-1026,Merchandise Displayers and Window Trimmers,detailed,120870
27-1027,Set and Exhibit Designers,detailed,11490
27-1029,"Designers, All Other",detailed,7770
27-2000,"Entertainers and Performers, Sports and Related Workers",minor,508410
27-2010,"Actors, Producers, and Directors",broad,161000
27-2011,Actors,detailed,43470
27-2012,Producers and Directors,detailed,117520
27-2020,"Athletes, Coaches, Umpires, and Related Workers",broad,265160
27-2021,Athletes and Sports Competitors,detailed,11150
27-2022,Coaches and Scouts,detailed,235400
27-2023,"Umpires, Referees, and Other Sports Officials",detailed,18610
27-2030,Dancers and Choreographers,broad,15240
27-2031,Dancers,detailed,9930
27-2032,Choreographers,detailed,5310
27-2040,"Musicians, Singers, and Related Workers",broad,55570
27-2041,Music Directors and Composers,detailed,15400
27-2042,Musicians and Singers,detailed,40170
27-2090,"Miscellaneous Entertainers and Performers, Sports and Related Workers",broad,11440
27-2099,"Entertainers and Performers, Sports and Related Workers, All Other",detailed,11440
27-3000,Media and Communication Workers,minor,581520
27-3010,Announcers,broad,36500
27-3011,Radio and Television Announcers,detailed,28580
27-3012,Public Address System and Other Announcers,detailed,7920
27-3020,"News Analysts, Reporters and Correspondents",broad,44480
27-3021,Broadcast News Analysts,detailed,5700
27-3022,Reporters and Correspondents,detailed,38790
27-3030,Public Relations Specialists,broad,233730
27-3031,Public Relations Specialists,detailed,233730
27-3040,Writers and Editors,broad,192160
27-3041,Editors,detailed,96890
27-3042,Technical Writers,detailed,49960
27-3043,Writers and Authors,detailed,45300
27-3090,Miscellaneous Media and Communication Workers,broad,74650
27-3091,Interpreters and Translators,detailed,53150
27-3099,"Media and Communication Workers, All Other",detailed,21510
27-4000,Media and Communication Equipment Workers,minor,237240
27-4010,Broadcast and Sound Engineering Technicians and Radio Operators,broad,117270
27-4011,Audio and Video Equipment Technicians,detailed,72740
27-4012,Broadcast Technicians,detailed,30390
27-4013,Radio Operators,detailed,770
27-4014,Sound Engineering Technicians,detailed,13370
27-4020,Photographers,broad,49320
27-4021,Photographers,detailed,49320
27-4030,"Television, Video, and Motion Picture Camera Operators and Editors",broad,51630
27-4031,"Camera Operators, Television, Video, and Motion Picture",detailed,20860
27-4032,Film and Video Editors,detailed,30770
27-4090,Miscellaneous Media and Communication Equipment Workers,broad,19030
27-4099,"Media and Communication Equipment Workers, All Other",detailed,19030
29-0000,Healthcare Practitioners and Technical Occupations,major,8506740
29-1000,Health Diagnosing and Treating Practitioners,minor,5269630
29-1010,Chiropractors,broad,33630
29-1011,Chiropractors,detailed,33630
29-1020,Dentists,broad,125300
29-1021,"Dentists, General",detailed,110400
29-1022,Oral and Maxillofacial Surgeons,detailed,4800
29-1023,Orthodontists,detailed,5080
29-1024,Prosthodontists,detailed,430
29-1029,"Dentists, All Other Specialists",detailed,4590
29-1030,Dietitians and Nutritionists,broad,62980
29-1031,Dietitians and Nutritionists,detailed,62980
29-1040,Optometrists,broad,37240
29-1041,Optometrists,detailed,37240
29-1050,Pharmacists,broad,309330
29-1051,Pharmacists,detailed,309330
29-1060,Physicians and Surgeons,broad,666490
29-1061,Anesthesiologists,detailed,30590
29-1062,Family and General Practitioners,detailed,126440
29-1063,"Internists, General",detailed,42280
29-1064,Obstetricians and Gynecologists,detailed,18880
29-1065,"Pediatricians, General",detailed,28990
29-1066,Psychiatrists,detailed,25250
29-1067,Surgeons,detailed,38600
29-1069,"Physicians and Surgeons, All Other",detailed,355460
29-1070,Physician Assistants,broad,109220
29-1071,Physician Assistants,detailed,109220
29-1080,Podiatrists,broad,9670
29-1081,Podiatrists,detailed,9670
29-1120,Therapists,broad,676140
29-1122,Occupational Therapists,detailed,126050
29-1123,Physical Therapists,detailed,225420
29-1124,Radiation Therapists,detailed,17250
29-1125,Recreational Therapists,detailed,18490
29-1126,Respiratory Therapists,detailed,128250
29-1127,Speech-Language Pathologists,detailed,142360
29-1128,Exercise Physiologists,detailed,6300
29-1129,"Therapists, All Other",detailed,12020
29-1130,Veterinarians,broad,69370
29-1131,Veterinarians,detailed,69370
29-1140,Registered Nurses,broad,2906840
29-1141,Registered Nurses,detailed,2906840
29-1150,Nurse Anesthetists,broad,42620
29-1151,Nurse Anesthetists,detailed,42620
29-1160,Nurse Midwives,broad,6530
29-1161,Nurse Midwives,detailed,6530
29-1170,Nurse Practitioners,broad,166280
29-1171,Nurse Practitioners,detailed,166280
29-1180,Audiologists,broad,12020
29-1181,Audiologists,detailed,12020
29-1190,Miscellaneous Health Diagnosing and Treating Practitioners,broad,35970
29-1199,"Health Diagnosing and Treating Practitioners, All Other",detailed,35970
29-2000,Health Technologists and Technicians,minor,3075910
29-2010,Clinical Laboratory Technologists and Technicians,detailed,322380
29-2010,Clinical Laboratory Technologists and Technicians,broad,322380
29-2020,Dental Hygienists,broad,211600
29-2021,Dental Hygienists,detailed,211600
29-2030,Diagnostic Related Technologists and Technicians,broad,382500
29-2031,Cardiovascular Technologists and Technicians,detailed,56130
29-2032,Diagnostic Medical Sonographers,detailed,68750
29-2033,Nuclear Medicine Technologists,detailed,18930
29-2034,Radiologic Technologists,detailed,201200
29-2035,Magnetic Resonance Imaging Technologists,detailed,37490
29-2040,Emergency Medical Technicians and Paramedics,broad,251860
29-2041,Emergency Medical Technicians and Paramedics,detailed,251860
29-2050,Health Practitioner Support Technologists and Technicians,broad,785590
29-2051,Dietetic Technicians,detailed,33370
29-2052,Pharmacy Technicians,detailed,417720
29-2053,Psychiatric Technicians,detailed,66930
29-2054,Respiratory Therapy Technicians,detailed,9600
29-2055,Surgical Technologists,detailed,106470
29-2056,Veterinary Technologists and Technicians,detailed,103430
29-2057,Ophthalmic Medical Technicians,detailed,48060
29-2060,Licensed Practical and Licensed Vocational Nurses,broad,702700
29-2061,Licensed Practical and Licensed Vocational Nurses,detailed,702700
29-2070,Medical Records and Health Information Technicians,broad,204220
29-2071,Medical Records and Health Information Technicians,detailed,204220
29-2080,"Opticians, Dispensing",broad,75450
29-2081,"Opticians, Dispensing",detailed,75450
29-2090,Miscellaneous Health Technologists and Technicians,broad,139620
29-2091,Orthotists and Prosthetists,detailed,7840
29-2092,Hearing Aid Specialists,detailed,7380
29-2099,"Health Technologists and Technicians, All Other",detailed,124390
29-9000,Other Healthcare Practitioners and Technical Occupations,minor,161190
29-9010,Occupational Health and Safety Specialists and Technicians,broad,98830
29-9011,Occupational Health and Safety Specialists,detailed,81330
29-9012,Occupational Health and Safety Technicians,detailed,17490
29-9090,Miscellaneous Health Practitioners and Technical Workers,broad,62360
29-9091,Athletic Trainers,detailed,25010
29-9092,Genetic Counselors,detailed,2660
29-9099,"Healthcare Practitioners and Technical Workers, All Other",detailed,34700
31-0000,Healthcare Support Occupations,major,4113410
31-1000,"Nursing, Psychiatric, and Home Health Aides",minor,2393040
31-1010,"Nursing, Psychiatric, and Home Health Aides",broad,2393040
31-1011,Home Health Aides,detailed,820960
31-1013,Psychiatric Aides,detailed,65770
31-1014,Nursing Assistants,detailed,1453670
31-1015,Orderlies,detailed,52630
31-2000,Occupational Therapy and Physical Therapist Assistants and Aides,minor,188850
31-2010,Occupational Therapy Assistants and Aides,broad,49390
31-2011,Occupational Therapy Assistants,detailed,41650
31-2012,Occupational Therapy Aides,detailed,7740
31-2020,Physical Therapist Assistants and Aides,broad,139460
31-2021,Physical Therapist Assistants,detailed,90170
31-2022,Physical Therapist Aides,detailed,49290
31-9000,Other Healthcare Support Occupations,minor,1531520
31-9010,Massage Therapists,broad,103300
31-9011,Massage Therapists,detailed,103300
31-9090,Miscellaneous Healthcare Support Occupations,broad,1428220
31-9091,Dental Assistants,detailed,337160
31-9092,Medical Assistants,detailed,646320
31-9093,Medical Equipment Preparers,detailed,53920
31-9094,Medical Transcriptionists,detailed,55880
31-9095,Pharmacy Aides,detailed,35960
31-9096,Veterinary Assistants and Laboratory Animal Caretakers,detailed,84400
31-9097,Phlebotomists,detailed,122550
31-9099,"Healthcare Support Workers, All Other",detailed,92030
33-0000,Protective Service Occupations,major,3408680
33-1000,Supervisors of Protective Service Workers,minor,280260
33-1010,First-Line Supervisors of Law Enforcement Workers,broad,147140
33-1011,First-Line Supervisors of Correctional Officers,detailed,42280
33-1012,First-Line Supervisors of Police and Detectives,detailed,104860
33-1020,First-Line Supervisors of Fire Fighting and Prevention Workers,broad,58690
33-1021,First-Line Supervisors of Fire Fighting and Prevention Workers,detailed,58690
33-1090,"Miscellaneous First-Line Supervisors, Protective Service Workers",broad,74430
33-1099,"First-Line Supervisors of Protective Service Workers, All Other",detailed,74430
33-2000,Fire Fighting and Prevention Workers,minor,333760
33-2010,Firefighters,broad,319860
33-2011,Firefighters,detailed,319860
33-2020,Fire Inspectors,broad,13900
33-2021,Fire Inspectors and Investigators,detailed,11940
33-2022,Forest Fire Inspectors and Prevention Specialists,detailed,1960
33-3000,Law Enforcement Workers,minor,1235290
33-3010,"Bailiffs, Correctional Officers, and Jailers",broad,447350
33-3011,Bailiffs,detailed,18480
33-3012,Correctional Officers and Jailers,detailed,428870
33-3020,Detectives and Criminal Investigators,broad,105350
33-3021,Detectives and Criminal Investigators,detailed,105350
33-3030,Fish and Game Wardens,broad,6020
33-3031,Fish and Game Wardens,detailed,6020
33-3040,Parking Enforcement Workers,broad,8660
33-3041,Parking Enforcement Workers,detailed,8660
33-3050,Police Officers,broad,667910
33-3051,Police and Sheriff's Patrol Officers,detailed,662390
33-3052,Transit and Railroad Police,detailed,5520
33-9000,Other Protective Service Workers,minor,1559360
33-9010,Animal Control Workers,broad,12700
33-9011,Animal Control Workers,detailed,12700
33-9020,Private Detectives and Investigators,broad,30980
33-9021,Private Detectives and Investigators,detailed,30980
33-9030,Security Guards and Gaming Surveillance Officers,broad,1115730
33-9031,Gaming Surveillance Officers and Gaming Investigators,detailed,10290
33-9032,Security Guards,detailed,1105440
33-9090,Miscellaneous Protective Service Workers,broad,399960
33-9091,Crossing Guards,detailed,76440
33-9092,"Lifeguards, Ski Patrol, and Other Recreational Protective Service Workers",detailed,145660
33-9093,Transportation Security Screeners,detailed,42470
33-9099,"Protective Service Workers, All Other",detailed,135390
35-0000,Food Preparation and Serving Related Occupations,major,13193090
35-1000,Supervisors of Food Preparation and Serving Workers,minor,1058870
35-1010,Supervisors of Food Preparation and Serving Workers,broad,1058870
35-1011,Chefs and Head Cooks,detailed,131430
35-1012,First-Line Supervisors of Food Preparation and Serving Workers,detailed,927440
35-2000,Cooks and Food Preparation Workers,minor,3207700
35-2010,Cooks,broad,2375000
35-2011,"Cooks, Fast Food",detailed,503780
35-2012,"Cooks, Institution and Cafeteria",detailed,404120
35-2013,"Cooks, Private Household",detailed,500
35-2014,"Cooks, Restaurant",detailed,1276510
35-2015,"Cooks, Short Order",detailed,174230
35-2019,"Cooks, All Other",detailed,15870
35-2020,Food Preparation Workers,broad,832690
35-2021,Food Preparation Workers,detailed,832690
35-3000,Food and Beverage Serving Workers,minor,7515370
35-3010,Bartenders,broad,613350
35-3011,Bartenders,detailed,613350
35-3020,Fast Food and Counter Workers,broad,4053160
35-3021,"Combined Food Preparation and Serving Workers, Including Fast Food",detailed,3576220
35-3022,"Counter Attendants, Cafeteria, Food Concession, and Coffee Shop",detailed,476940
35-3030,Waiters and Waitresses,broad,2584220
35-3031,Waiters and Waitresses,detailed,2584220
35-3040,"Food Servers, Nonrestaurant",broad,264630
35-3041,"Food Servers, Nonrestaurant",detailed,264630
35-9000,Other Food Preparation and Serving Related Workers,minor,1411160
35-9010,Dining Room and Cafeteria Attendants and Bartender Helpers,broad,436730
35-9011,Dining Room and Cafeteria Attendants and Bartender Helpers,detailed,436730
35-9020,Dishwashers,broad,503540
35-9021,Dishwashers,detailed,503540
35-9030,"Hosts and Hostesses, Restaurant, Lounge, and Coffee Shop",broad,414540
35-9031,"Hosts and Hostesses, Restaurant, Lounge, and Coffee Shop",detailed,414540
35-9090,Miscellaneous Food Preparation and Serving Related Workers,broad,56350
35-9099,"Food Preparation and Serving Related Workers, All Other",detailed,56350
37-0000,Building and Grounds Cleaning and Maintenance Occupations,major,4424440
37-1000,Supervisors of Building and Grounds Cleaning and Maintenance Workers,minor,255410
37-1010,First-Line Supervisors of Building and Grounds Cleaning and Maintenance Workers,broad,255410
37-1011,First-Line Supervisors of Housekeeping and Janitorial Workers,detailed,155090
37-1012,"First-Line Supervisors of Landscaping, Lawn Service, and Groundskeeping Workers",detailed,100320
37-2000,Building Cleaning and Pest Control Workers,minor,3176790
37-2010,Building Cleaning Workers,broad,3101660
37-2011,"Janitors and Cleaners, Except Maids and Housekeeping Cleaners",detailed,2164040
37-2012,Maids and Housekeeping Cleaners,detailed,922660
37-2019,"Building Cleaning Workers, All Other",detailed,14970
37-2020,Pest Control Workers,broad,75130
37-2021,Pest Control Workers,detailed,75130
37-3000,Grounds Maintenance Workers,minor,992240
37-3010,Grounds Maintenance Workers,broad,992240
37-3011,Landscaping and Groundskeeping Workers,detailed,912360
37-3012,"Pesticide Handlers, Sprayers, and Applicators, Vegetation",detailed,25900
37-3013,Tree Trimmers and Pruners,detailed,41140
37-3019,"Grounds Maintenance Workers, All Other",detailed,12840
39-0000,Personal Care and Service Occupations,major,5159100
39-1000,Supervisors of Personal Care and Service Workers,minor,244300
39-1010,First-Line Supervisors of Gaming Workers,detailed,30670
39-1010,First-Line Supervisors of Gaming Workers,broad,30670
39-1020,First-Line Supervisors of Personal Service Workers,broad,213620
39-1021,First-Line Supervisors of Personal Service Workers,detailed,213620
39-2000,Animal Care and Service Workers,minor,204850
39-2010,Animal Trainers,broad,14340
39-2011,Animal Trainers,detailed,14340
39-2020,Nonfarm Animal Caretakers,broad,190520
39-2021,Nonfarm Animal Caretakers,detailed,190520
39-3000,Entertainment Attendants and Related Workers,minor,586270
39-3010,Gaming Services Workers,broad,115130
39-3011,Gaming Dealers,detailed,94260
39-3012,Gaming and Sports Book Writers and Runners,detailed,11210
39-3019,"Gaming Service Workers, All Other",detailed,9660
39-3020,Motion Picture Projectionists,broad,5700
39-3021,Motion Picture Projectionists,detailed,5700
39-3030,"Ushers, Lobby Attendants, and Ticket Takers",broad,124710
39-3031,"Ushers, Lobby Attendants, and Ticket Takers",detailed,124710
39-3090,Miscellaneous Entertainment Attendants and Related Workers,broad,340740
39-3091,Amusement and Recreation Attendants,detailed,310970
39-3092,Costume Attendants,detailed,6430
39-3093,"Locker Room, Coatroom, and Dressing Room Attendants",detailed,17950
39-3099,"Entertainment Attendants and Related Workers, All Other",detailed,5390
39-4000,Funeral Service Workers,minor,64630
39-4010,Embalmers,broad,4200
39-4011,Embalmers,detailed,4200
39-4020,Funeral Attendants,broad,34970
39-4021,Funeral Attendants,detailed,34970
39-4030,"Morticians, Undertakers, and Funeral Directors",broad,25460
39-4031,"Morticians, Undertakers, and Funeral Directors",detailed,25460
39-5000,Personal Appearance Workers,minor,536550
39-5010,"Barbers, Hairdressers, Hairstylists and Cosmetologists",broad,370710
39-5011,Barbers,detailed,18810
39-5012,"Hairdressers, Hairstylists, and Cosmetologists",detailed,351910
39-5090,Miscellaneous Personal Appearance Workers,broad,165830
39-5091,"Makeup Artists, Theatrical and Performance",detailed,3540
39-5092,Manicurists and Pedicurists,detailed,104020
39-5093,Shampooers,detailed,13330
39-5094,Skincare Specialists,detailed,44940
39-6000,"Baggage Porters, Bellhops, and Concierges",minor,78370
39-6010,"Baggage Porters, Bellhops, and Concierges",broad,78370
39-6011,Baggage Porters and Bellhops,detailed,42620
39-6012,Concierges,detailed,35750
39-7000,Tour and Travel Guides,minor,46140
39-7010,Tour and Travel Guides,detailed,46140
39-7010,Tour and Travel Guides,broad,46140
39-9000,Other Personal Care and Service Workers,minor,3397990
39-9010,Childcare Workers,broad,562420
39-9011,Childcare Workers,detailed,562420
39-9020,Personal Care Aides,broad,2035610
39-9021,Personal Care Aides,detailed,2035610
39-9030,Recreation and Fitness Workers,broad,632430
39-9031,Fitness Trainers and Aerobics Instructors,detailed,280080
39-9032,Recreation Workers,detailed,352350
39-9040,Residential Advisors,broad,110720
39-9041,Residential Advisors,detailed,110720
39-9090,Miscellaneous Personal Care and Service Workers,broad,56820
39-9099,"Personal Care and Service Workers, All Other",detailed,56820
41-0000,Sales and Related Occupations,major,14522580
41-1000,Supervisors of Sales Workers,minor,1452010
41-1010,First-Line Supervisors of Sales Workers,broad,1452010
41-1011,First-Line Supervisors of Retail Sales Workers,detailed,1200180
41-1012,First-Line Supervisors of Non-Retail Sales Workers,detailed,251830
41-2000,Retail Sales Workers,minor,8729350
41-2010,Cashiers,broad,3588960
41-2011,Cashiers,detailed,3564920
41-2012,Gaming Change Persons and Booth Cashiers,detailed,24050
41-2020,Counter and Rental Clerks and Parts Salespersons,broad,698300
41-2021,Counter and Rental Clerks,detailed,445530
41-2022,Parts Salespersons,detailed,252770
41-2030,Retail Salespersons,broad,4442090
41-2031,Retail Salespersons,detailed,4442090
41-3000,"Sales Representatives, Services",minor,1983790
41-3010,Advertising Sales Agents,broad,136520
41-3011,Advertising Sales Agents,detailed,136520
41-3020,Insurance Sales Agents,broad,386320
41-3021,Insurance Sales Agents,detailed,386320
41-3030,"Securities, Commodities, and Financial Services Sales Agents",broad,389610
41-3031,"Securities, Commodities, and Financial Services Sales Agents",detailed,389610
41-3040,Travel Agents,broad,67330
41-3041,Travel Agents,detailed,67330
41-3090,"Miscellaneous Sales Representatives, Services",broad,1004020
41-3099,"Sales Representatives, Services, All Other",detailed,1004020
41-4000,"Sales Representatives, Wholesale and Manufacturing",minor,1718580
41-4010,"Sales Representatives, Wholesale and Manufacturing",broad,1718580
41-4011,"Sales Representatives, Wholesale and Manufacturing, Technical and Scientific Products",detailed,327190
41-4012,"Sales Representatives, Wholesale and Manufacturing, Except Technical and Scientific Products",detailed,1391400
41-9000,Other Sales and Related Workers,minor,638860
41-9010,"Models, Demonstrators, and Product Promoters",broad,88500
41-9011,Demonstrators and Product Promoters,detailed,84780
41-9012,Models,detailed,3710
41-9020,Real Estate Brokers and Sales Agents,broad,188490
41-9021,Real Estate Brokers,detailed,40530
41-9022,Real Estate Sales Agents,detailed,147960
41-9030,Sales Engineers,broad,70820
41-9031,Sales Engineers,detailed,70820
41-9040,Telemarketers,broad,189670
41-9041,Telemarketers,detailed,189670
41-9090,Miscellaneous Sales and Related Workers,broad,101380
41-9091,"Door-to-Door Sales Workers, News and Street Vendors, and Related Workers",detailed,7520
41-9099,"Sales and Related Workers, All Other",detailed,93860
43-0000,Office and Administrative Support Occupations,major,21965480
43-1000,Supervisors of Office and Administrative Support Workers,minor,1458380
43-1010,First-Line Supervisors of Office and Administrative Support Workers,broad,1458380
43-1011,First-Line Supervisors of Office and Administrative Support Workers,detailed,1458380
43-2000,Communications Equipment Operators,minor,88680
43-2010,"Switchboard Operators, Including Answering Service",broad,80380
43-2011,"Switchboard Operators, Including Answering Service",detailed,80380
43-2020,Telephone Operators,broad,6310
43-2021,Telephone Operators,detailed,6310
43-2090,Miscellaneous Communications Equipment Operators,broad,1980
43-2099,"Communications Equipment Operators, All Other",detailed,1980
43-3000,Financial Clerks,minor,3044000
43-3010,Bill and Account Collectors,broad,271700
43-3011,Bill and Account Collectors,detailed,271700
43-3020,Billing and Posting Clerks,broad,476010
43-3021,Billing and Posting Clerks,detailed,476010
43-3030,"Bookkeeping, Accounting, and Auditing Clerks",broad,1532340
43-3031,"Bookkeeping, Accounting, and Auditing Clerks",detailed,1532340
43-3040,Gaming Cage Workers,broad,17030
43-3041,Gaming Cage Workers,detailed,17030
43-3050,Payroll and Timekeeping Clerks,broad,152990
43-3051,Payroll and Timekeeping Clerks,detailed,152990
43-3060,Procurement Clerks,broad,70510
43-3061,Procurement Clerks,detailed,70510
43-3070,Tellers,broad,491150
43-3071,Tellers,detailed,491150
43-3090,Miscellaneous Financial Clerks,broad,32260
43-3099,"Financial Clerks, All Other",detailed,32260
43-4000,Information and Record Clerks,minor,5694680
43-4010,Brokerage Clerks,broad,58930
43-4011,Brokerage Clerks,detailed,58930
43-4020,Correspondence Clerks,broad,6370
43-4021,Correspondence Clerks,detailed,6370
43-4030,"Court, Municipal, and License Clerks",broad,133330
43-4031,"Court, Municipal, and License Clerks",detailed,133330
43-4040,"Credit Authorizers, Checkers, and Clerks",broad,34350
43-4041,"Credit Authorizers, Checkers, and Clerks",detailed,34350
43-4050,Customer Service Representatives,broad,2767790
43-4051,Customer Service Representatives,detailed,2767790
43-4060,"Eligibility Interviewers, Government Programs",broad,140590
43-4061,"Eligibility Interviewers, Government Programs",detailed,140590
43-4070,File Clerks,broad,118840
43-4071,File Clerks,detailed,118840
43-4080,"Hotel, Motel, and Resort Desk Clerks",broad,253540
43-4081,"Hotel, Motel, and Resort Desk Clerks",detailed,253540
43-4110,"Interviewers, Except Eligibility and Loan",broad,189600
43-4111,"Interviewers, Except Eligibility and Loan",detailed,189600
43-4120,"Library Assistants, Clerical",broad,94140
43-4121,"Library Assistants, Clerical",detailed,94140
43-4130,Loan Interviewers and Clerks,broad,227430
43-4131,Loan Interviewers and Clerks,detailed,227430
43-4140,New Accounts Clerks,broad,41680
43-4141,New Accounts Clerks,detailed,41680
43-4150,Order Clerks,broad,169120
43-4151,Order Clerks,detailed,169120
43-4160,"Human Resources Assistants, Except Payroll and Timekeeping",broad,134570
43-4161,"Human Resources Assistants, Except Payroll and Timekeeping",detailed,134570
43-4170,Receptionists and Information Clerks,broad,1014900
43-4171,Receptionists and Information Clerks,detailed,1014900
43-4180,Reservation and Transportation Ticket Agents and Travel Clerks,broad,148220
43-4181,Reservation and Transportation Ticket Agents and Travel Clerks,detailed,148220
43-4190,Miscellaneous Information and Record Clerks,broad,161250
43-4199,"Information and Record Clerks, All Other",detailed,161250
43-5000,"Material Recording, Scheduling, Dispatching, and Distributing Workers",minor,4152650
43-5010,Cargo and Freight Agents,broad,89920
43-5011,Cargo and Freight Agents,detailed,89920
43-5020,Couriers and Messengers,broad,76710
43-5021,Couriers and Messengers,detailed,76710
43-5030,Dispatchers,broad,293970
43-5031,"Police, Fire, and Ambulance Dispatchers",detailed,95450
43-5032,"Dispatchers, Except Police, Fire, and Ambulance",detailed,198520
43-5040,"Meter Readers, Utilities",broad,33860
43-5041,"Meter Readers, Utilities",detailed,33860
43-5050,Postal Service Workers,broad,531750
43-5051,Postal Service Clerks,detailed,82890
43-5052,Postal Service Mail Carriers,detailed,336900
43-5053,"Postal Service Mail Sorters, Processors, and Processing Machine Operators",detailed,111960
43-5060,"Production, Planning, and Expediting Clerks",broad,336000
43-5061,"Production, Planning, and Expediting Clerks",detailed,336000
43-5070,"Shipping, Receiving, and Traffic Clerks",broad,671780
43-5071,"Shipping, Receiving, and Traffic Clerks",detailed,671780
43-5080,Stock Clerks and Order Fillers,broad,2046040
43-5081,Stock Clerks and Order Fillers,detailed,2046040
43-5110,"Weighers, Measurers, Checkers, and Samplers, Recordkeeping",broad,72630
43-5111,"Weighers, Measurers, Checkers, and Samplers, Recordkeeping",detailed,72630
43-6000,Secretaries and Administrative Assistants,minor,3613300
43-6010,Secretaries and Administrative Assistants,broad,3613300
43-6011,Executive Secretaries and Executive Administrative Assistants,detailed,596080
43-6012,Legal Secretaries,detailed,185870
43-6013,Medical Secretaries,detailed,576520
43-6014,"Secretaries and Administrative Assistants, Except Legal, Medical, and Executive",detailed,2254820
43-9000,Other Office and Administrative Support Workers,minor,3913800
43-9010,Computer Operators,broad,40400
43-9011,Computer Operators,detailed,40400
43-9020,Data Entry and Information Processing Workers,broad,245300
43-9021,Data Entry Keyers,detailed,180100
43-9022,Word Processors and Typists,detailed,65200
43-9030,Desktop Publishers,broad,12000
43-9031,Desktop Publishers,detailed,12000
43-9040,Insurance Claims and Policy Processing Clerks,broad,277130
43-9041,Insurance Claims and Policy Processing Clerks,detailed,277130
43-9050,"Mail Clerks and Mail Machine Operators, Except Postal Service",broad,85800
43-9051,"Mail Clerks and Mail Machine Operators, Except Postal Service",detailed,85800
43-9060,"Office Clerks, General",broad,2967620
43-9061,"Office Clerks, General",detailed,2967620
43-9070,"Office Machine Operators, Except Computer",broad,54950
43-9071,"Office Machine Operators, Except Computer",detailed,54950
43-9080,Proofreaders and Copy Markers,broad,11420
43-9081,Proofreaders and Copy Markers,detailed,11420
43-9110,Statistical Assistants,broad,10110
43-9111,Statistical Assistants,detailed,10110
43-9190,Miscellaneous Office and Administrative Support Workers,broad,209070
43-9199,"Office and Administrative Support Workers, All Other",detailed,209070
45-0000,"Farming, Fishing, and Forestry Occupations",major,470920
45-1000,"Supervisors of Farming, Fishing, and Forestry Workers",minor,20750
45-1010,"First-Line Supervisors of Farming, Fishing, and Forestry Workers",broad,20750
45-1011,"First-Line Supervisors of Farming, Fishing, and Forestry Workers",detailed,20750
45-2000,Agricultural Workers,minor,404610
45-2010,Agricultural Inspectors,broad,13960
45-2011,Agricultural Inspectors,detailed,13960
45-2020,Animal Breeders,broad,1800
45-2021,Animal Breeders,detailed,1800
45-2040,"Graders and Sorters, Agricultural Products",broad,39810
45-2041,"Graders and Sorters, Agricultural Products",detailed,39810
45-2090,Miscellaneous Agricultural Workers,broad,349040
45-2091,Agricultural Equipment Operators,detailed,26070
45-2092,"Farmworkers and Laborers, Crop, Nursery, and Greenhouse",detailed,282300
45-2093,"Farmworkers, Farm, Ranch, and Aquacultural Animals",detailed,35460
45-2099,"Agricultural Workers, All Other",detailed,5210
45-3000,Fishing and Hunting Workers,minor,750
45-3010,Fishers and Related Fishing Workers,broad,520
45-3011,Fishers and Related Fishing Workers,detailed,520
45-4000,"Forest, Conservation, and Logging Workers",minor,44800
45-4010,Forest and Conservation Workers,broad,7080
45-4011,Forest and Conservation Workers,detailed,7080
45-4020,Logging Workers,broad,37730
45-4021,Fallers,detailed,5420
45-4022,Logging Equipment Operators,detailed,26010
45-4023,Log Graders and Scalers,detailed,3010
45-4029,"Logging Workers, All Other",detailed,3290
47-0000,Construction and Extraction Occupations,major,5728460
47-1000,Supervisors of Construction and Extraction Workers,minor,556300
47-1010,First-Line Supervisors of Construction Trades and Extraction Workers,broad,556300
47-1011,First-Line Supervisors of Construction Trades and Extraction Workers,detailed,556300
47-2000,Construction Trades Workers,minor,4348180
47-2010,Boilermakers,broad,15020
47-2011,Boilermakers,detailed,15020
47-2020,"Brickmasons, Blockmasons, and Stonemasons",broad,76770
47-2021,Brickmasons and Blockmasons,detailed,64790
47-2022,Stonemasons,detailed,11990
47-2030,Carpenters,broad,693050
47-2031,Carpenters,detailed,693050
47-2040,"Carpet, Floor, and Tile Installers and Finishers",broad,81130
47-2041,Carpet Installers,detailed,26120
47-2042,"Floor Layers, Except Carpet, Wood, and Hard Tiles",detailed,11860
47-2043,Floor Sanders and Finishers,detailed,4320
47-2044,Tile and Marble Setters,detailed,38820
47-2050,"Cement Masons, Concrete Finishers, and Terrazzo Workers",broad,181270
47-2051,Cement Masons and Concrete Finishers,detailed,178640
47-2053,Terrazzo Workers and Finishers,detailed,2630
47-2060,Construction Laborers,broad,962060
47-2061,Construction Laborers,detailed,962060
47-2070,Construction Equipment Operators,broad,418760
47-2071,"Paving, Surfacing, and Tamping Equipment Operators",detailed,49760
47-2072,Pile-Driver Operators,detailed,3710
47-2073,Operating Engineers and Other Construction Equipment Operators,detailed,365300
47-2080,"Drywall Installers, Ceiling Tile Installers, and Tapers",broad,114630
47-2081,Drywall and Ceiling Tile Installers,detailed,96550
47-2082,Tapers,detailed,18080
47-2110,Electricians,broad,631080
47-2111,Electricians,detailed,631080
47-2120,Glaziers,broad,47330
47-2121,Glaziers,detailed,47330
47-2130,Insulation Workers,broad,55930
47-2131,"Insulation Workers, Floor, Ceiling, and Wall",detailed,31100
47-2132,"Insulation Workers, Mechanical",detailed,24840
47-2140,Painters and Paperhangers,broad,224050
47-2141,"Painters, Construction and Maintenance",detailed,221340
47-2142,Paperhangers,detailed,2710
47-2150,"Pipelayers, Plumbers, Pipefitters, and Steamfitters",broad,466950
47-2151,Pipelayers,detailed,38690
47-2152,"Plumbers, Pipefitters, and Steamfitters",detailed,428260
47-2160,Plasterers and Stucco Masons,broad,24180
47-2161,Plasterers and Stucco Masons,detailed,24180
47-2170,Reinforcing Iron and Rebar Workers,broad,18480
47-2171,Reinforcing Iron and Rebar Workers,detailed,18480
47-2180,Roofers,broad,121170
47-2181,Roofers,detailed,121170
47-2210,Sheet Metal Workers,broad,132920
47-2211,Sheet Metal Workers,detailed,132920
47-2220,Structural Iron and Steel Workers,broad,74420
47-2221,Structural Iron and Steel Workers,detailed,74420
47-2230,Solar Photovoltaic Installers,broad,9000
47-2231,Solar Photovoltaic Installers,detailed,9000
47-3000,"Helpers, Construction Trades",minor,229470
47-3010,"Helpers, Construction Trades",broad,229470
47-3011,"Helpers--Brickmasons, Blockmasons, Stonemasons, and Tile and Marble Setters",detailed,24660
47-3012,Helpers--Carpenters,detailed,33740
47-3013,Helpers--Electricians,detailed,72580
47-3014,"Helpers--Painters, Paperhangers, Plasterers, and Stucco Masons",detailed,11000
47-3015,"Helpers--Pipelayers, Plumbers, Pipefitters, and Steamfitters",detailed,54790
47-3016,Helpers--Roofers,detailed,9550
47-3019,"Helpers, Construction Trades, All Other",detailed,23140
47-4000,Other Construction and Related Workers,minor,410610
47-4010,Construction and Building Inspectors,broad,98810
47-4011,Construction and Building Inspectors,detailed,98810
47-4020,Elevator Installers and Repairers,broad,24490
47-4021,Elevator Installers and Repairers,detailed,24490
47-4030,Fence Erectors,broad,21430
47-4031,Fence Erectors,detailed,21430
47-4040,Hazardous Materials Removal Workers,broad,43260
47-4041,Hazardous Materials Removal Workers,detailed,43260
47-4050,Highway Maintenance Workers,broad,146580
47-4051,Highway Maintenance Workers,detailed,146580
47-4060,Rail-Track Laying and Maintenance Equipment Operators,broad,15070
47-4061,Rail-Track Laying and Maintenance Equipment Operators,detailed,15070
47-4070,Septic Tank Servicers and Sewer Pipe Cleaners,broad,26250
47-4071,Septic Tank Servicers and Sewer Pipe Cleaners,detailed,26250
47-4090,Miscellaneous Construction and Related Workers,detailed,34720
47-4090,Miscellaneous Construction and Related Workers,broad,34720
47-5000,Extraction Workers,minor,183900
47-5010,"Derrick, Rotary Drill, and Service Unit Operators, Oil, Gas, and Mining",broad,64240
47-5011,"Derrick Operators, Oil and Gas",detailed,9590
47-5012,"Rotary Drill Operators, Oil and Gas",detailed,15370
47-5013,"Service Unit Operators, Oil, Gas, and Mining",detailed,39270
47-5020,"Earth Drillers, Except Oil and Gas",broad,17470
47-5021,"Earth Drillers, Except Oil and Gas",detailed,17470
47-5030,"Explosives Workers, Ordnance Handling Experts, and Blasters",broad,5850
47-5031,"Explosives Workers, Ordnance Handling Experts, and Blasters",detailed,5850
47-5040,Mining Machine Operators,broad,20240
47-5041,Continuous Mining Machine Operators,detailed,12000
47-5042,Mine Cutting and Channeling Machine Operators,detailed,5400
47-5049,"Mining Machine Operators, All Other",detailed,2840
47-5050,"Rock Splitters, Quarry",broad,4310
47-5051,"Rock Splitters, Quarry",detailed,4310
47-5060,"Roof Bolters, Mining",broad,3410
47-5061,"Roof Bolters, Mining",detailed,3410
47-5070,"Roustabouts, Oil and Gas",broad,48140
47-5071,"Roustabouts, Oil and Gas",detailed,48140
47-5080,Helpers--Extraction Workers,broad,15280
47-5081,Helpers--Extraction Workers,detailed,15280
47-5090,Miscellaneous Extraction Workers,broad,4970
47-5099,"Extraction Workers, All Other",detailed,4970
49-0000,"Installation, Maintenance, and Repair Occupations",major,5528390
49-1000,"Supervisors of Installation, Maintenance, and Repair Workers",minor,460370
49-1010,"First-Line Supervisors of Mechanics, Installers, and Repairers",broad,460370
49-1011,"First-Line Supervisors of Mechanics, Installers, and Repairers",detailed,460370
49-2000,"Electrical and Electronic Equipment Mechanics, Installers, and Repairers",minor,593710
49-2010,"Computer, Automated Teller, and Office Machine Repairers",broad,100580
49-2011,"Computer, Automated Teller, and Office Machine Repairers",detailed,100580
49-2020,Radio and Telecommunications Equipment Installers and Repairers,broad,249000
49-2021,"Radio, Cellular, and Tower Equipment Installers and Repairers",detailed,15310
49-2022,"Telecommunications Equipment Installers and Repairers, Except Line Installers",detailed,233690
49-2090,"Miscellaneous Electrical and Electronic Equipment Mechanics, Installers, and Repairers",broad,244120
49-2091,Avionics Technicians,detailed,18620
49-2092,"Electric Motor, Power Tool, and Related Repairers",detailed,17220
49-2093,"Electrical and Electronics Installers and Repairers, Transportation Equipment",detailed,12310
49-2094,"Electrical and Electronics Repairers, Commercial and Industrial Equipment",detailed,64380
49-2095,"Electrical and Electronics Repairers, Powerhouse, Substation, and Relay",detailed,24430
49-2096,"Electronic Equipment Installers and Repairers, Motor Vehicles",detailed,11520
49-2097,Electronic Home Entertainment Equipment Installers and Repairers,detailed,25810
49-2098,Security and Fire Alarm Systems Installers,detailed,69830
49-3000,"Vehicle and Mobile Equipment Mechanics, Installers, and Repairers",minor,1596660
49-3010,Aircraft Mechanics and Service Technicians,broad,131500
49-3011,Aircraft Mechanics and Service Technicians,detailed,131500
49-3020,Automotive Technicians and Repairers,broad,804200
49-3021,Automotive Body and Related Repairers,detailed,144320
49-3022,Automotive Glass Installers and Repairers,detailed,20190
49-3023,Automotive Service Technicians and Mechanics,detailed,639700
49-3030,Bus and Truck Mechanics and Diesel Engine Specialists,broad,260380
49-3031,Bus and Truck Mechanics and Diesel Engine Specialists,detailed,260380
49-3040,Heavy Vehicle and Mobile Equipment Service Technicians and Mechanics,broad,190100
49-3041,Farm Equipment Mechanics and Service Technicians,detailed,34410
49-3042,"Mobile Heavy Equipment Mechanics, Except Engines",detailed,131590
49-3043,Rail Car Repairers,detailed,24090
49-3050,Small Engine Mechanics,broad,68300
49-3051,Motorboat Mechanics and Service Technicians,detailed,21160
49-3052,Motorcycle Mechanics,detailed,15850
49-3053,Outdoor Power Equipment and Other Small Engine Mechanics,detailed,31300
49-3090,"Miscellaneous Vehicle and Mobile Equipment Mechanics, Installers, and Repairers",broad,142190
49-3091,Bicycle Repairers,detailed,12720
49-3092,Recreational Vehicle Service Technicians,detailed,14780
49-3093,Tire Repairers and Changers,detailed,114690
49-9000,"Other Installation, Maintenance, and Repair Occupations",minor,2877650
49-9010,Control and Valve Installers and Repairers,broad,68700
49-9011,Mechanical Door Repairers,detailed,21010
49-9012,"Control and Valve Installers and Repairers, Except Mechanical Door",detailed,47700
49-9020,"Heating, Air Conditioning, and Refrigeration Mechanics and Installers",broad,307060
49-9021,"Heating, Air Conditioning, and Refrigeration Mechanics and Installers",detailed,307060
49-9030,Home Appliance Repairers,broad,32250
49-9031,Home Appliance Repairers,detailed,32250
49-9040,"Industrial Machinery Installation, Repair, and Maintenance Workers",broad,467450
49-9041,Industrial Machinery Mechanics,detailed,341260
49-9043,"Maintenance Workers, Machinery",detailed,83520
49-9044,Millwrights,detailed,41360
49-9045,"Refractory Materials Repairers, Except Brickmasons",detailed,1310
49-9050,Line Installers and Repairers,broad,223740
49-9051,Electrical Power-Line Installers and Repairers,detailed,116650
49-9052,Telecommunications Line Installers and Repairers,detailed,107090
49-9060,Precision Instrument and Equipment Repairers,broad,69700
49-9061,Camera and Photographic Equipment Repairers,detailed,3650
49-9062,Medical Equipment Repairers,detailed,43670
49-9063,Musical Instrument Repairers and Tuners,detailed,8240
49-9064,Watch Repairers,detailed,2130
49-9069,"Precision Instrument and Equipment Repairers, All Other",detailed,12010
49-9070,"Maintenance and Repair Workers, General",broad,1351210
49-9071,"Maintenance and Repair Workers, General",detailed,1351210
49-9080,Wind Turbine Service Technicians,broad,4390
49-9081,Wind Turbine Service Technicians,detailed,4390
49-9090,"Miscellaneous Installation, Maintenance, and Repair Workers",broad,353160
49-9091,"Coin, Vending, and Amusement Machine Servicers and Repairers",detailed,34010
49-9092,Commercial Divers,detailed,3280
49-9093,"Fabric Menders, Except Garment",detailed,390
49-9094,Locksmiths and Safe Repairers,detailed,17500
49-9095,Manufactured Building and Mobile Home Installers,detailed,2750
49-9096,Riggers,detailed,21000
49-9097,Signal and Track Switch Repairers,detailed,8300
49-9098,"Helpers--Installation, Maintenance, and Repair Workers",detailed,112080
49-9099,"Installation, Maintenance, and Repair Workers, All Other",detailed,153850
51-0000,Production Occupations,major,9024560
51-1000,Supervisors of Production Workers,minor,611800
51-1010,First-Line Supervisors of Production and Operating Workers,broad,611800
51-1011,First-Line Supervisors of Production and Operating Workers,detailed,611800
51-2000,Assemblers and Fabricators,minor,1759720
51-2010,"Aircraft Structure, Surfaces, Rigging, and Systems Assemblers",broad,41130
51-2011,"Aircraft Structure, Surfaces, Rigging, and Systems Assemblers",detailed,41130
51-2020,"Electrical, Electronics, and Electromechanical Assemblers",broad,276340
51-2021,"Coil Winders, Tapers, and Finishers",detailed,13300
51-2028,"Electrical, Electronic, and Electromechanical Assemblers, Except Coil Winders, Tapers, and Finishers",detailed,263040
51-2030,Engine and Other Machine Assemblers,broad,37770
51-2031,Engine and Other Machine Assemblers,detailed,37770
51-2040,Structural Metal Fabricators and Fitters,broad,77600
51-2041,Structural Metal Fabricators and Fitters,detailed,77600
51-2090,Miscellaneous Assemblers and Fabricators,broad,1326870
51-2091,Fiberglass Laminators and Fabricators,detailed,20040
51-2093,Timing Device Assemblers and Adjusters,detailed,680
51-2098,"Assemblers and Fabricators, All Other, Including Team Assemblers",detailed,1306150
51-3000,Food Processing Workers,minor,795240
51-3010,Bakers,broad,182890
51-3011,Bakers,detailed,182890
51-3020,"Butchers and Other Meat, Poultry, and Fish Processing Workers",broad,362380
51-3021,Butchers and Meat Cutters,detailed,131530
51-3022,"Meat, Poultry, and Fish Cutters and Trimmers",detailed,153280
51-3023,Slaughterers and Meat Packers,detailed,77570
51-3090,Miscellaneous Food Processing Workers,broad,249970
51-3091,"Food and Tobacco Roasting, Baking, and Drying Machine Operators and Tenders",detailed,21130
51-3092,Food Batchmakers,detailed,151950
51-3093,Food Cooking Machine Operators and Tenders,detailed,33340
51-3099,"Food Processing Workers, All Other",detailed,43540
51-4000,Metal Workers and Plastic Workers,minor,1895150
51-4010,Computer Control Programmers and Operators,broad,168450
51-4011,"Computer-Controlled Machine Tool Operators, Metal and Plastic",detailed,144660
51-4012,"Computer Numerically Controlled Machine Tool Programmers, Metal and Plastic",detailed,23790
51-4020,"Forming Machine Setters, Operators, and Tenders, Metal and Plastic",broad,117450
51-4021,"Extruding and Drawing Machine Setters, Operators, and Tenders, Metal and Plastic",detailed,73530
51-4022,"Forging Machine Setters, Operators, and Tenders, Metal and Plastic",detailed,18300
51-4023,"Rolling Machine Setters, Operators, and Tenders, Metal and Plastic",detailed,25610
51-4030,"Machine Tool Cutting Setters, Operators, and Tenders, Metal and Plastic",broad,321590
51-4031,"Cutting, Punching, and Press Machine Setters, Operators, and Tenders, Metal and Plastic",detailed,188520
51-4032,"Drilling and Boring Machine Tool Setters, Operators, and Tenders, Metal and Plastic",detailed,11030
51-4033,"Grinding, Lapping, Polishing, and Buffing Machine Tool Setters, Operators, and Tenders, Metal and Plastic",detailed,74600
51-4034,"Lathe and Turning Machine Tool Setters, Operators, and Tenders, Metal and Plastic",detailed,29620
51-4035,"Milling and Planing Machine Setters, Operators, and Tenders, Metal and Plastic",detailed,17820
51-4040,Machinists,broad,378320
51-4041,Machinists,detailed,378320
51-4050,"Metal Furnace Operators, Tenders, Pourers, and Casters",broad,25210
51-4051,Metal-Refining Furnace Operators and Tenders,detailed,17610
51-4052,"Pourers and Casters, Metal",detailed,7600
51-4060,"Model Makers and Patternmakers, Metal and Plastic",broad,9010
51-4061,"Model Makers, Metal and Plastic",detailed,5820
51-4062,"Patternmakers, Metal and Plastic",detailed,3200
51-4070,"Molders and Molding Machine Setters, Operators, and Tenders, Metal and Plastic",broad,168820
51-4071,Foundry Mold and Coremakers,detailed,13960
51-4072,"Molding, Coremaking, and Casting Machine Setters, Operators, and Tenders, Metal and Plastic",detailed,154860
51-4080,"Multiple Machine Tool Setters, Operators, and Tenders, Metal and Plastic",broad,121160
51-4081,"Multiple Machine Tool Setters, Operators, and Tenders, Metal and Plastic",detailed,121160
51-4110,Tool and Die Makers,broad,73510
51-4111,Tool and Die Makers,detailed,73510
51-4120,"Welding, Soldering, and Brazing Workers",broad,416000
51-4121,"Welders, Cutters, Solderers, and Brazers",detailed,377250
51-4122,"Welding, Soldering, and Brazing Machine Setters, Operators, and Tenders",detailed,38750
51-4190,Miscellaneous Metal Workers and Plastic Workers,broad,95620
51-4191,"Heat Treating Equipment Setters, Operators, and Tenders, Metal and Plastic",detailed,19340
51-4192,"Layout Workers, Metal and Plastic",detailed,8550
51-4193,"Plating and Coating Machine Setters, Operators, and Tenders, Metal and Plastic",detailed,37200
51-4194,"Tool Grinders, Filers, and Sharpeners",detailed,8060
51-4199,"Metal Workers and Plastic Workers, All Other",detailed,22470
51-5100,Printing Workers,minor,251310
51-5110,Printing Workers,broad,251310
51-5111,Prepress Technicians and Workers,detailed,31500
51-5112,Printing Press Operators,detailed,171130
51-5113,Print Binding and Finishing Workers,detailed,48680
51-6000,"Textile, Apparel, and Furnishings Workers",minor,572630
51-6010,Laundry and Dry-Cleaning Workers,broad,209350
51-6011,Laundry and Dry-Cleaning Workers,detailed,209350
51-6020,"Pressers, Textile, Garment, and Related Materials",broad,42830
51-6021,"Pressers, Textile, Garment, and Related Materials",detailed,42830
51-6030,Sewing Machine Operators,broad,136530
51-6031,Sewing Machine Operators,detailed,136530
51-6040,Shoe and Leather Workers,broad,10680
51-6041,Shoe and Leather Workers and Repairers,detailed,7180
51-6042,Shoe Machine Operators and Tenders,detailed,3500
51-6050,"Tailors, Dressmakers, and Sewers",broad,26620
51-6051,"Sewers, Hand",detailed,6190
51-6052,"Tailors, Dressmakers, and Custom Sewers",detailed,20440
51-6060,"Textile Machine Setters, Operators, and Tenders",broad,75810
51-6061,Textile Bleaching and Dyeing Machine Operators and Tenders,detailed,9800
51-6062,"Textile Cutting Machine Setters, Operators, and Tenders",detailed,14150
51-6063,"Textile Knitting and Weaving Machine Setters, Operators, and Tenders",detailed,20920
51-6064,"Textile Winding, Twisting, and Drawing Out Machine Setters, Operators, and Tenders",detailed,30940
51-6090,"Miscellaneous Textile, Apparel, and Furnishings Workers",broad,70810
51-6091,"Extruding and Forming Machine Setters, Operators, and Tenders, Synthetic and Glass Fibers",detailed,18880
51-6092,Fabric and Apparel Patternmakers,detailed,4810
51-6093,Upholsterers,detailed,32500
51-6099,"Textile, Apparel, and Furnishings Workers, All Other",detailed,14610
51-7000,Woodworkers,minor,255070
51-7010,Cabinetmakers and Bench Carpenters,broad,97820
51-7011,Cabinetmakers and Bench Carpenters,detailed,97820
51-7020,Furniture Finishers,broad,17530
51-7021,Furniture Finishers,detailed,17530
51-7030,"Model Makers and Patternmakers, Wood",broad,1630
51-7031,"Model Makers, Wood",detailed,850
51-7032,"Patternmakers, Wood",detailed,770
51-7040,"Woodworking Machine Setters, Operators, and Tenders",broad,131600
51-7041,"Sawing Machine Setters, Operators, and Tenders, Wood",detailed,51950
51-7042,"Woodworking Machine Setters, Operators, and Tenders, Except Sawing",detailed,79650
51-7090,Miscellaneous Woodworkers,broad,6490
51-7099,"Woodworkers, All Other",detailed,6490
51-8000,Plant and System Operators,minor,298770
51-8010,"Power Plant Operators, Distributors, and Dispatchers",broad,52290
51-8011,Nuclear Power Reactor Operators,detailed,6010
51-8012,Power Distributors and Dispatchers,detailed,12110
51-8013,Power Plant Operators,detailed,34170
51-8020,Stationary Engineers and Boiler Operators,broad,32790
51-8021,Stationary Engineers and Boiler Operators,detailed,32790
51-8030,Water and Wastewater Treatment Plant and System Operators,broad,117450
51-8031,Water and Wastewater Treatment Plant and System Operators,detailed,117450
51-8090,Miscellaneous Plant and System Operators,broad,96240
51-8091,Chemical Plant and System Operators,detailed,30290
51-8092,Gas Plant Operators,detailed,14890
51-8093,"Petroleum Pump System Operators, Refinery Operators, and Gaugers",detailed,38700
51-8099,"Plant and System Operators, All Other",detailed,12360
51-9000,Other Production Occupations,minor,2584880
51-9010,"Chemical Processing Machine Setters, Operators, and Tenders",broad,126320
51-9011,Chemical Equipment Operators and Tenders,detailed,77870
51-9012,"Separating, Filtering, Clarifying, Precipitating, and Still Machine Setters, Operators, and Tenders",detailed,48450
51-9020,"Crushing, Grinding, Polishing, Mixing, and Blending Workers",broad,191200
51-9021,"Crushing, Grinding, and Polishing Machine Setters, Operators, and Tenders",detailed,31390
51-9022,"Grinding and Polishing Workers, Hand",detailed,30320
51-9023,"Mixing and Blending Machine Setters, Operators, and Tenders",detailed,129490
51-9030,Cutting Workers,broad,72690
51-9031,"Cutters and Trimmers, Hand",detailed,12230
51-9032,"Cutting and Slicing Machine Setters, Operators, and Tenders",detailed,60460
51-9040,"Extruding, Forming, Pressing, and Compacting Machine Setters, Operators, and Tenders",broad,76120
51-9041,"Extruding, Forming, Pressing, and Compacting Machine Setters, Operators, and Tenders",detailed,76120
51-9050,"Furnace, Kiln, Oven, Drier, and Kettle Operators and Tenders",broad,18030
51-9051,"Furnace, Kiln, Oven, Drier, and Kettle Operators and Tenders",detailed,18030
51-9060,"Inspectors, Testers, Sorters, Samplers, and Weighers",broad,537500
51-9061,"Inspectors, Testers, Sorters, Samplers, and Weighers",detailed,537500
51-9070,Jewelers and Precious Stone and Metal Workers,broad,25710
51-9071,Jewelers and Precious Stone and Metal Workers,detailed,25710
51-9080,"Medical, Dental, and Ophthalmic Laboratory Technicians",broad,79370
51-9081,Dental Laboratory Technicians,detailed,35630
51-9082,Medical Appliance Technicians,detailed,13640
51-9083,Ophthalmic Laboratory Technicians,detailed,30100
51-9110,Packaging and Filling Machine Operators and Tenders,broad,392910
51-9111,Packaging and Filling Machine Operators and Tenders,detailed,392910
51-9120,Painting Workers,broad,152510
51-9121,"Coating, Painting, and Spraying Machine Setters, Operators, and Tenders",detailed,86270
51-9122,"Painters, Transportation Equipment",detailed,52880
51-9123,"Painting, Coating, and Decorating Workers",detailed,13360
51-9140,Semiconductor Processors,broad,23540
51-9141,Semiconductor Processors,detailed,23540
51-9150,Photographic Process Workers and Processing Machine Operators,broad,22450
51-9151,Photographic Process Workers and Processing Machine Operators,detailed,22450
51-9190,Miscellaneous Production Workers,broad,866540
51-9191,Adhesive Bonding Machine Operators and Tenders,detailed,15860
51-9192,"Cleaning, Washing, and Metal Pickling Equipment Operators and Tenders",detailed,17410
51-9193,Cooling and Freezing Equipment Operators and Tenders,detailed,8630
51-9194,Etchers and Engravers,detailed,8620
51-9195,"Molders, Shapers, and Casters, Except Metal and Plastic",detailed,41320
51-9196,"Paper Goods Machine Setters, Operators, and Tenders",detailed,94620
51-9197,Tire Builders,detailed,21910
51-9198,Helpers--Production Workers,detailed,402140
51-9199,"Production Workers, All Other",detailed,256050
53-0000,Transportation and Material Moving Occupations,major,9978390
53-1000,Supervisors of Transportation and Material Moving Workers,minor,403620
53-1010,Aircraft Cargo Handling Supervisors,broad,8270
53-1011,Aircraft Cargo Handling Supervisors,detailed,8270
53-1040,"First-Line Supervisors of Transportation and Material Moving Workers, Except Aircraft Cargo Handling Supervisors",broad,395350
53-1048,"First-Line Supervisors of Transportation and Material Moving Workers, Except Aircraft Cargo Handling Supervisors",detailed,395350
53-2000,Air Transportation Workers,minor,273950
53-2010,Aircraft Pilots and Flight Engineers,broad,122570
53-2011,"Airline Pilots, Copilots, and Flight Engineers",detailed,84070
53-2012,Commercial Pilots,detailed,38490
53-2020,Air Traffic Controllers and Airfield Operations Specialists,broad,32380
53-2021,Air Traffic Controllers,detailed,22790
53-2022,Airfield Operations Specialists,detailed,9590
53-2030,Flight Attendants,broad,119000
53-2031,Flight Attendants,detailed,119000
53-3000,Motor Vehicle Operators,minor,4006890
53-3010,"Ambulance Drivers and Attendants, Except Emergency Medical Technicians",broad,15310
53-3011,"Ambulance Drivers and Attendants, Except Emergency Medical Technicians",detailed,15310
53-3020,Bus Drivers,broad,683480
53-3021,"Bus Drivers, Transit and Intercity",detailed,176140
53-3022,"Bus Drivers, School or Special Client",detailed,507340
53-3030,Driver/Sales Workers and Truck Drivers,broad,3052680
53-3031,Driver/Sales Workers,detailed,426870
53-3032,Heavy and Tractor-Trailer Truck Drivers,detailed,1748140
53-3033,Light Truck or Delivery Services Drivers,detailed,877670
53-3040,Taxi Drivers and Chauffeurs,broad,198470
53-3041,Taxi Drivers and Chauffeurs,detailed,198470
53-3090,Miscellaneous Motor Vehicle Operators,broad,56950
53-3099,"Motor Vehicle Operators, All Other",detailed,56950
53-4000,Rail Transportation Workers,minor,117940
53-4010,Locomotive Engineers and Operators,broad,42500
53-4011,Locomotive Engineers,detailed,35680
53-4012,Locomotive Firers,detailed,670
53-4013,"Rail Yard Engineers, Dinkey Operators, and Hostlers",detailed,6140
53-4020,"Railroad Brake, Signal, and Switch Operators",broad,14190
53-4021,"Railroad Brake, Signal, and Switch Operators",detailed,14190
53-4030,Railroad Conductors and Yardmasters,broad,44490
53-4031,Railroad Conductors and Yardmasters,detailed,44490
53-4040,Subway and Streetcar Operators,broad,12070
53-4041,Subway and Streetcar Operators,detailed,12070
53-4090,Miscellaneous Rail Transportation Workers,broad,4690
53-4099,"Rail Transportation Workers, All Other",detailed,4690
53-5000,Water Transportation Workers,minor,77120
53-5010,Sailors and Marine Oilers,broad,30940
53-5011,Sailors and Marine Oilers,detailed,30940
53-5020,Ship and Boat Captains and Operators,broad,38290
53-5021,"Captains, Mates, and Pilots of Water Vessels",detailed,35780
53-5022,Motorboat Operators,detailed,2510
53-5030,Ship Engineers,broad,7890
53-5031,Ship Engineers,detailed,7890
53-6000,Other Transportation Workers,minor,367320
53-6010,Bridge and Lock Tenders,broad,3240
53-6011,Bridge and Lock Tenders,detailed,3240
53-6020,Parking Lot Attendants,broad,145400
53-6021,Parking Lot Attendants,detailed,145400
53-6030,Automotive and Watercraft Service Attendants,broad,118850
53-6031,Automotive and Watercraft Service Attendants,detailed,118850
53-6040,Traffic Technicians,broad,6980
53-6041,Traffic Technicians,detailed,6980
53-6050,Transportation Inspectors,broad,30030
53-6051,Transportation Inspectors,detailed,30030
53-6060,"Transportation Attendants, Except Flight Attendants",broad,24360
53-6061,"Transportation Attendants, Except Flight Attendants",detailed,24360
53-6090,Miscellaneous Transportation Workers,broad,38460
53-6099,"Transportation Workers, All Other",detailed,38460
53-7000,Material Moving Workers,minor,4731550
53-7010,Conveyor Operators and Tenders,broad,26570
53-7011,Conveyor Operators and Tenders,detailed,26570
53-7020,Crane and Tower Operators,broad,43660
53-7021,Crane and Tower Operators,detailed,43660
53-7030,"Dredge, Excavating, and Loading Machine Operators",broad,49190
53-7031,Dredge Operators,detailed,1410
53-7032,Excavating and Loading Machine and Dragline Operators,detailed,45450
53-7033,"Loading Machine Operators, Underground Mining",detailed,2340
53-7040,Hoist and Winch Operators,broad,3080
53-7041,Hoist and Winch Operators,detailed,3080
53-7050,Industrial Truck and Tractor Operators,broad,570300
53-7051,Industrial Truck and Tractor Operators,detailed,570300
53-7060,"Laborers and Material Movers, Hand",broad,3859520
53-7061,Cleaners of Vehicles and Equipment,detailed,373290
53-7062,"Laborers and Freight, Stock, and Material Movers, Hand",detailed,2711320
53-7063,Machine Feeders and Offbearers,detailed,74350
53-7064,"Packers and Packagers, Hand",detailed,700560
53-7070,Pumping Station Operators,broad,26260
53-7071,Gas Compressor and Gas Pumping Station Operators,detailed,3560
53-7072,"Pump Operators, Except Wellhead Pumpers",detailed,11500
53-7073,Wellhead Pumpers,detailed,11200
53-7080,Refuse and Recyclable Material Collectors,broad,115130
53-7081,Refuse and Recyclable Material Collectors,detailed,115130
